Start,End,Duration,Number of events,Services involved
2024-04-19 10:55:58,2024-04-19 10:56:47,0:00:49,4,Maps
2024-04-19 10:55:58,2024-04-19 10:56:47,0:00:49,3,Maps
2024-04-19 10:56:47,2024-04-19 11:01:14,0:04:27,5,Hotels; Maps
2024-04-19 10:56:47,2024-04-19 11:01:14,0:04:27,4,Hotels; Maps
2024-04-19 11:00:59,2024-04-19 11:01:14,0:00:15,3,Hotels; Maps
2024-04-19 11:52:22,2024-04-19 11:52:23,0:00:01,5,Maps
2024-04-19 11:52:23,2024-04-19 11:52:23,0:00:00,4,Maps
2024-04-19 11:52:23,2024-04-19 11:52:23,0:00:00,3,Maps
2024-04-19 12:32:25,2024-04-19 12:36:18,0:03:53,5,Hotels; Maps; YouTube
2024-04-19 12:35:02,2024-04-19 12:36:18,0:01:16,4,Hotels; Maps
2024-04-19 12:35:22,2024-04-19 12:36:18,0:00:56,3,Maps
2024-04-19 13:38:46,2024-04-19 13:42:14,0:03:28,5,Hotels; Maps
2024-04-19 13:38:46,2024-04-19 13:42:14,0:03:28,4,Hotels; Maps
2024-04-19 13:39:01,2024-04-19 13:42:14,0:03:13,3,Hotels; Maps
2024-04-19 18:27:46,2024-04-19 18:28:19,0:00:33,3,Search
2024-04-19 18:56:07,2024-04-19 18:57:43,0:01:36,4,Search
2024-04-19 18:56:18,2024-04-19 18:57:43,0:01:25,3,Search
2024-04-19 19:36:05,2024-04-19 19:37:53,0:01:48,5,Search
2024-04-19 19:36:16,2024-04-19 19:37:53,0:01:37,4,Search
2024-04-19 19:37:16,2024-04-19 19:37:53,0:00:37,3,Search
2024-04-19 20:21:58,2024-04-19 20:22:02,0:00:04,3,Hotels; Maps
2024-04-19 22:23:20,2024-04-19 22:25:52,0:02:32,6,Search
2024-04-19 22:23:51,2024-04-19 22:25:52,0:02:01,5,Search
2024-04-19 22:23:57,2024-04-19 22:25:52,0:01:55,4,Search
2024-04-19 22:24:31,2024-04-19 22:25:52,0:01:21,3,Search
2024-04-19 22:34:22,2024-04-19 22:35:15,0:00:53,4,Search
2024-04-19 22:34:34,2024-04-19 22:35:15,0:00:41,3,Search
2024-04-20 11:53:47,2024-04-20 11:55:07,0:01:20,10,Maps; YouTube
2024-04-20 11:54:05,2024-04-20 11:55:07,0:01:02,9,Maps; YouTube
2024-04-20 11:54:33,2024-04-20 11:55:07,0:00:34,8,Maps; YouTube
2024-04-20 11:54:33,2024-04-20 11:55:07,0:00:34,7,Maps; YouTube
2024-04-20 11:54:33,2024-04-20 11:55:07,0:00:34,6,Maps; YouTube
2024-04-20 11:54:33,2024-04-20 11:55:07,0:00:34,5,Maps; YouTube
2024-04-20 11:54:33,2024-04-20 11:55:07,0:00:34,4,Maps; YouTube
2024-04-20 11:54:33,2024-04-20 11:55:07,0:00:34,3,Maps; YouTube
2024-04-20 12:33:19,2024-04-20 12:33:48,0:00:29,7,Hotels; Maps
2024-04-20 12:33:41,2024-04-20 12:33:48,0:00:07,6,Maps
2024-04-20 12:33:48,2024-04-20 12:33:48,0:00:00,5,Maps
2024-04-20 12:33:48,2024-04-20 12:33:48,0:00:00,4,Maps
2024-04-20 12:33:48,2024-04-20 12:33:48,0:00:00,3,Maps
2024-04-20 15:49:11,2024-04-20 15:50:46,0:01:35,7,Maps
2024-04-20 15:49:51,2024-04-20 15:50:46,0:00:55,6,Maps
2024-04-20 15:49:51,2024-04-20 15:50:46,0:00:55,5,Maps
2024-04-20 15:49:51,2024-04-20 15:50:46,0:00:55,4,Maps
2024-04-20 15:50:46,2024-04-20 15:50:46,0:00:00,3,Maps
2024-04-20 16:10:10,2024-04-20 16:13:11,0:03:01,4,Maps; YouTube
2024-04-20 16:12:36,2024-04-20 16:13:11,0:00:35,3,Maps
2024-04-20 16:24:02,2024-04-20 16:26:54,0:02:52,11,Hotels; Maps
2024-04-20 16:24:32,2024-04-20 16:26:54,0:02:22,10,Hotels; Maps
2024-04-20 16:24:32,2024-04-20 16:26:54,0:02:22,9,Hotels; Maps
2024-04-20 16:24:32,2024-04-20 16:26:54,0:02:22,8,Hotels; Maps
2024-04-20 16:24:32,2024-04-20 16:26:54,0:02:22,7,Hotels; Maps
2024-04-20 16:24:32,2024-04-20 16:26:54,0:02:22,6,Hotels; Maps
2024-04-20 16:24:32,2024-04-20 16:26:54,0:02:22,5,Hotels; Maps
2024-04-20 16:25:09,2024-04-20 16:26:54,0:01:45,4,Hotels; Maps
2024-04-20 16:25:09,2024-04-20 16:26:54,0:01:45,3,Hotels; Maps
2024-04-20 17:01:44,2024-04-20 17:01:53,0:00:09,3,Search
2024-04-20 17:07:59,2024-04-20 17:09:46,0:01:47,5,Search
2024-04-20 17:08:26,2024-04-20 17:09:46,0:01:20,4,Search
2024-04-20 17:09:18,2024-04-20 17:09:46,0:00:28,3,Search
2024-04-20 17:48:13,2024-04-20 17:52:15,0:04:02,7,Maps; YouTube
2024-04-20 17:48:32,2024-04-20 17:52:15,0:03:43,6,Maps; YouTube
2024-04-20 17:48:37,2024-04-20 17:52:15,0:03:38,5,Maps; YouTube
2024-04-20 17:48:43,2024-04-20 17:52:15,0:03:32,4,Maps; YouTube
2024-04-20 17:48:45,2024-04-20 17:52:15,0:03:30,3,Maps; YouTube
2024-04-20 17:56:56,2024-04-20 17:59:28,0:02:32,3,YouTube
2024-04-20 22:43:07,2024-04-20 22:45:52,0:02:45,4,Search
2024-04-20 22:43:28,2024-04-20 22:45:52,0:02:24,3,Search
2024-04-21 00:52:23,2024-04-21 00:55:11,0:02:48,16,Hotels; Maps
2024-04-21 00:52:24,2024-04-21 00:55:11,0:02:47,15,Hotels; Maps
2024-04-21 00:52:59,2024-04-21 00:55:11,0:02:12,14,Hotels; Maps
2024-04-21 00:52:59,2024-04-21 00:55:11,0:02:12,13,Hotels; Maps
2024-04-21 00:52:59,2024-04-21 00:55:11,0:02:12,12,Hotels; Maps
2024-04-21 00:53:35,2024-04-21 00:55:11,0:01:36,11,Hotels; Maps
2024-04-21 00:53:51,2024-04-21 00:55:11,0:01:20,10,Hotels; Maps
2024-04-21 00:53:52,2024-04-21 00:55:11,0:01:19,9,Hotels; Maps
2024-04-21 00:53:52,2024-04-21 00:55:11,0:01:19,8,Hotels; Maps
2024-04-21 00:54:08,2024-04-21 00:55:11,0:01:03,7,Hotels; Maps
2024-04-21 00:54:30,2024-04-21 00:55:11,0:00:41,6,Hotels; Maps
2024-04-21 00:54:30,2024-04-21 00:55:11,0:00:41,5,Hotels; Maps
2024-04-21 00:54:30,2024-04-21 00:55:11,0:00:41,4,Hotels; Maps
2024-04-21 00:54:30,2024-04-21 00:55:11,0:00:41,3,Hotels; Maps
2024-04-21 01:12:39,2024-04-21 01:16:48,0:04:09,4,YouTube
2024-04-21 01:13:01,2024-04-21 01:16:48,0:03:47,3,YouTube
2024-04-21 01:24:11,2024-04-21 01:24:56,0:00:45,3,YouTube
2024-04-21 08:39:09,2024-04-21 08:39:16,0:00:07,4,Hotels; Maps
2024-04-21 08:39:16,2024-04-21 08:39:16,0:00:00,3,Maps
2024-04-21 10:37:57,2024-04-21 10:38:37,0:00:40,3,Search
2024-04-21 11:44:20,2024-04-21 11:48:50,0:04:30,3,Search; YouTube
2024-04-21 12:35:44,2024-04-21 12:39:24,0:03:40,3,Search; YouTube
2024-04-21 12:39:20,2024-04-21 12:43:38,0:04:18,3,Search; YouTube
2024-04-21 12:43:38,2024-04-21 12:47:49,0:04:11,3,Search; YouTube
2024-04-21 13:13:42,2024-04-21 13:17:46,0:04:04,23,Maps; Search
2024-04-21 13:13:44,2024-04-21 13:17:46,0:04:02,22,Maps; Search
2024-04-21 13:14:51,2024-04-21 13:17:46,0:02:55,21,Maps; Search
2024-04-21 13:14:53,2024-04-21 13:17:46,0:02:53,20,Maps; Search
2024-04-21 13:14:54,2024-04-21 13:17:46,0:02:52,19,Maps; Search
2024-04-21 13:14:54,2024-04-21 13:17:46,0:02:52,18,Maps; Search
2024-04-21 13:14:54,2024-04-21 13:17:46,0:02:52,17,Maps; Search
2024-04-21 13:14:55,2024-04-21 13:17:46,0:02:51,16,Maps; Search
2024-04-21 13:15:02,2024-04-21 13:17:46,0:02:44,15,Maps; Search
2024-04-21 13:15:03,2024-04-21 13:17:46,0:02:43,14,Maps; Search
2024-04-21 13:15:04,2024-04-21 13:17:46,0:02:42,13,Maps; Search
2024-04-21 13:15:53,2024-04-21 13:17:46,0:01:53,12,Maps; Search
2024-04-21 13:15:57,2024-04-21 13:17:46,0:01:49,11,Maps; Search
2024-04-21 13:16:15,2024-04-21 13:17:46,0:01:31,10,Maps; Search
2024-04-21 13:16:21,2024-04-21 13:17:46,0:01:25,9,Maps; Search
2024-04-21 13:16:46,2024-04-21 13:17:46,0:01:00,8,Maps; Search
2024-04-21 13:16:47,2024-04-21 13:17:46,0:00:59,7,Maps; Search
2024-04-21 13:17:05,2024-04-21 13:17:46,0:00:41,6,Maps; Search
2024-04-21 13:17:06,2024-04-21 13:17:46,0:00:40,5,Maps; Search
2024-04-21 13:17:06,2024-04-21 13:17:46,0:00:40,4,Maps; Search
2024-04-21 13:17:11,2024-04-21 13:17:46,0:00:35,3,Maps; Search
2024-04-21 17:13:09,2024-04-21 17:13:23,0:00:14,3,YouTube
2024-04-21 17:49:30,2024-04-21 17:52:51,0:03:21,10,Maps
2024-04-21 17:50:10,2024-04-21 17:52:51,0:02:41,9,Maps
2024-04-21 17:50:10,2024-04-21 17:52:51,0:02:41,8,Maps
2024-04-21 17:51:05,2024-04-21 17:52:51,0:01:46,7,Maps
2024-04-21 17:51:21,2024-04-21 17:52:51,0:01:30,6,Maps
2024-04-21 17:51:25,2024-04-21 17:52:51,0:01:26,5,Maps
2024-04-21 17:52:51,2024-04-21 17:52:51,0:00:00,4,Maps
2024-04-21 17:52:51,2024-04-21 17:52:51,0:00:00,3,Maps
2024-04-21 19:26:03,2024-04-21 19:26:12,0:00:09,3,Search
2024-04-22 12:29:39,2024-04-22 12:31:51,0:02:12,6,Search
2024-04-22 12:29:45,2024-04-22 12:31:51,0:02:06,5,Search
2024-04-22 12:30:33,2024-04-22 12:31:51,0:01:18,4,Search
2024-04-22 12:31:01,2024-04-22 12:31:51,0:00:50,3,Search
2024-04-22 16:13:23,2024-04-22 16:18:07,0:04:44,9,Maps; Search
2024-04-22 16:13:26,2024-04-22 16:18:07,0:04:41,8,Maps; Search
2024-04-22 16:13:58,2024-04-22 16:18:07,0:04:09,7,Maps; Search
2024-04-22 16:14:47,2024-04-22 16:18:07,0:03:20,6,Maps; Search
2024-04-22 16:15:03,2024-04-22 16:18:07,0:03:04,5,Maps; Search
2024-04-22 16:17:05,2024-04-22 16:18:07,0:01:02,4,Maps; Search
2024-04-22 16:17:05,2024-04-22 16:18:07,0:01:02,3,Maps; Search
2024-04-22 16:43:31,2024-04-22 16:47:04,0:03:33,4,Search
2024-04-22 16:43:48,2024-04-22 16:47:04,0:03:16,3,Search
2024-04-22 20:05:37,2024-04-22 20:06:26,0:00:49,6,Hotels; Maps
2024-04-22 20:05:41,2024-04-22 20:06:26,0:00:45,5,Maps
2024-04-22 20:06:26,2024-04-22 20:06:26,0:00:00,4,Maps
2024-04-22 20:06:26,2024-04-22 20:06:26,0:00:00,3,Maps
2024-04-23 10:07:18,2024-04-23 10:07:22,0:00:04,3,Search
2024-04-23 11:12:41,2024-04-23 11:12:44,0:00:03,3,Search
2024-04-23 11:31:57,2024-04-23 11:33:17,0:01:20,3,Hotels; Maps
2024-04-23 12:39:15,2024-04-23 12:43:22,0:04:07,3,YouTube
2024-04-23 12:43:05,2024-04-23 12:45:09,0:02:04,4,YouTube
2024-04-23 12:43:22,2024-04-23 12:45:09,0:01:47,3,YouTube
2024-04-23 14:03:07,2024-04-23 14:03:48,0:00:41,6,Hotels; Maps
2024-04-23 14:03:23,2024-04-23 14:03:48,0:00:25,5,Maps
2024-04-23 14:03:48,2024-04-23 14:03:48,0:00:00,4,Maps
2024-04-23 14:03:48,2024-04-23 14:03:48,0:00:00,3,Maps
2024-04-23 14:13:14,2024-04-23 14:13:48,0:00:34,3,Gmail; YouTube
2024-04-23 14:13:41,2024-04-23 14:18:30,0:04:49,5,Gmail; Search; YouTube
2024-04-23 14:13:48,2024-04-23 14:18:30,0:04:42,4,Gmail; Search; YouTube
2024-04-23 14:18:17,2024-04-23 14:18:30,0:00:13,3,Search; YouTube
2024-04-23 21:12:59,2024-04-23 21:15:55,0:02:56,4,Google Business Profile
2024-04-23 21:13:37,2024-04-23 21:15:55,0:02:18,3,Google Business Profile
2024-04-23 21:15:55,2024-04-23 21:19:57,0:04:02,3,Google Business Profile
2024-04-24 08:00:35,2024-04-24 08:05:33,0:04:58,9,YouTube
2024-04-24 08:01:27,2024-04-24 08:06:25,0:04:58,10,YouTube
2024-04-24 08:02:13,2024-04-24 08:06:44,0:04:31,12,YouTube
2024-04-24 08:02:17,2024-04-24 08:07:14,0:04:57,12,YouTube
2024-04-24 08:02:22,2024-04-24 08:07:14,0:04:52,11,YouTube
2024-04-24 08:03:27,2024-04-24 08:08:18,0:04:51,12,YouTube
2024-04-24 08:05:05,2024-04-24 08:09:44,0:04:39,15,YouTube
2024-04-24 08:05:26,2024-04-24 08:10:16,0:04:50,15,YouTube
2024-04-24 08:05:33,2024-04-24 08:10:33,0:05:00,15,YouTube
2024-04-24 08:05:51,2024-04-24 08:10:33,0:04:42,14,YouTube
2024-04-24 08:06:25,2024-04-24 08:11:12,0:04:47,14,YouTube
2024-04-24 08:06:28,2024-04-24 08:11:12,0:04:44,13,YouTube
2024-04-24 08:06:40,2024-04-24 08:11:12,0:04:32,12,YouTube
2024-04-24 08:06:44,2024-04-24 08:11:12,0:04:28,11,YouTube
2024-04-24 08:07:14,2024-04-24 08:12:03,0:04:49,11,YouTube
2024-04-24 08:08:16,2024-04-24 08:13:01,0:04:45,13,YouTube
2024-04-24 08:08:18,2024-04-24 08:13:01,0:04:43,12,YouTube
2024-04-24 08:08:56,2024-04-24 08:13:31,0:04:35,12,YouTube
2024-04-24 08:08:58,2024-04-24 08:13:31,0:04:33,11,YouTube
2024-04-24 08:09:33,2024-04-24 08:14:29,0:04:56,11,YouTube
2024-04-24 08:09:44,2024-04-24 08:14:29,0:04:45,10,YouTube
2024-04-24 08:10:16,2024-04-24 08:15:15,0:04:59,11,YouTube
2024-04-24 08:10:33,2024-04-24 08:15:15,0:04:42,10,YouTube
2024-04-24 08:11:12,2024-04-24 08:15:15,0:04:03,9,YouTube
2024-04-24 08:12:03,2024-04-24 08:16:54,0:04:51,10,YouTube
2024-04-24 08:12:41,2024-04-24 08:16:54,0:04:13,9,YouTube
2024-04-24 08:12:59,2024-04-24 08:17:57,0:04:58,9,YouTube
2024-04-24 08:13:01,2024-04-24 08:17:57,0:04:56,8,YouTube
2024-04-24 08:13:31,2024-04-24 08:17:57,0:04:26,7,YouTube
2024-04-24 08:14:29,2024-04-24 08:18:48,0:04:19,7,YouTube
2024-04-24 08:14:58,2024-04-24 08:18:48,0:03:50,6,YouTube
2024-04-24 08:15:15,2024-04-24 08:20:12,0:04:57,6,YouTube
2024-04-24 08:16:29,2024-04-24 08:21:05,0:04:36,12,YouTube
2024-04-24 08:16:54,2024-04-24 08:21:33,0:04:39,12,YouTube
2024-04-24 08:17:57,2024-04-24 08:22:39,0:04:42,15,YouTube
2024-04-24 08:18:48,2024-04-24 08:23:36,0:04:48,15,YouTube
2024-04-24 08:20:12,2024-04-24 08:24:25,0:04:13,16,YouTube
2024-04-24 08:20:18,2024-04-24 08:24:25,0:04:07,15,YouTube
2024-04-24 08:20:19,2024-04-24 08:24:25,0:04:06,14,YouTube
2024-04-24 08:20:21,2024-04-24 08:24:25,0:04:04,13,YouTube
2024-04-24 08:20:27,2024-04-24 08:24:25,0:03:58,12,YouTube
2024-04-24 08:20:30,2024-04-24 08:24:25,0:03:55,11,YouTube
2024-04-24 08:20:58,2024-04-24 08:24:25,0:03:27,10,YouTube
2024-04-24 08:21:05,2024-04-24 08:24:25,0:03:20,9,YouTube
2024-04-24 08:21:33,2024-04-24 08:26:26,0:04:53,9,YouTube
2024-04-24 08:22:15,2024-04-24 08:27:03,0:04:48,10,YouTube
2024-04-24 08:22:21,2024-04-24 08:27:03,0:04:42,9,YouTube
2024-04-24 08:22:24,2024-04-24 08:27:03,0:04:39,8,YouTube
2024-04-24 08:22:39,2024-04-24 08:27:26,0:04:47,8,YouTube
2024-04-24 08:23:36,2024-04-24 08:28:21,0:04:45,9,YouTube
2024-04-24 08:24:01,2024-04-24 08:28:56,0:04:55,9,YouTube
2024-04-24 08:24:25,2024-04-24 08:29:16,0:04:51,9,YouTube
2024-04-24 08:26:26,2024-04-24 08:31:23,0:04:57,12,YouTube
2024-04-24 08:26:41,2024-04-24 08:31:23,0:04:42,11,YouTube
2024-04-24 08:27:03,2024-04-24 08:31:47,0:04:44,11,YouTube
2024-04-24 08:27:26,2024-04-24 08:32:26,0:05:00,11,YouTube
2024-04-24 08:27:47,2024-04-24 08:32:26,0:04:39,10,YouTube
2024-04-24 08:28:21,2024-04-24 08:32:58,0:04:37,10,YouTube
2024-04-24 08:28:56,2024-04-24 08:33:26,0:04:30,10,YouTube
2024-04-24 08:29:16,2024-04-24 08:33:26,0:04:10,9,YouTube
2024-04-24 08:29:26,2024-04-24 08:33:26,0:04:00,8,YouTube
2024-04-24 08:29:53,2024-04-24 08:34:49,0:04:56,9,YouTube
2024-04-24 08:30:49,2024-04-24 08:35:25,0:04:36,12,YouTube
2024-04-24 08:31:23,2024-04-24 08:36:06,0:04:43,12,YouTube
2024-04-24 08:31:47,2024-04-24 08:36:46,0:04:59,13,YouTube
2024-04-24 08:32:26,2024-04-24 08:36:46,0:04:20,12,YouTube
2024-04-24 08:32:58,2024-04-24 08:37:47,0:04:49,14,YouTube
2024-04-24 08:33:26,2024-04-24 08:38:26,0:05:00,14,YouTube
2024-04-24 08:34:37,2024-04-24 08:39:32,0:04:55,18,YouTube
2024-04-24 08:34:49,2024-04-24 08:39:32,0:04:43,17,YouTube
2024-04-24 08:35:12,2024-04-24 08:39:54,0:04:42,18,YouTube
2024-04-24 08:35:15,2024-04-24 08:39:54,0:04:39,17,YouTube
2024-04-24 08:35:19,2024-04-24 08:39:54,0:04:35,16,YouTube
2024-04-24 08:35:25,2024-04-24 08:39:54,0:04:29,15,YouTube
2024-04-24 08:36:06,2024-04-24 08:40:57,0:04:51,16,YouTube
2024-04-24 08:36:39,2024-04-24 08:40:57,0:04:18,15,YouTube
2024-04-24 08:36:46,2024-04-24 08:40:57,0:04:11,14,YouTube
2024-04-24 08:37:33,2024-04-24 08:41:52,0:04:19,14,YouTube
2024-04-24 08:37:35,2024-04-24 08:41:52,0:04:17,13,YouTube
2024-04-24 08:37:47,2024-04-24 08:42:44,0:04:57,13,YouTube
2024-04-24 08:38:26,2024-04-24 08:43:14,0:04:48,13,YouTube
2024-04-24 08:38:40,2024-04-24 08:43:28,0:04:48,13,YouTube
2024-04-24 08:39:05,2024-04-24 08:43:28,0:04:23,12,YouTube
2024-04-24 08:39:07,2024-04-24 08:43:28,0:04:21,11,YouTube
2024-04-24 08:39:29,2024-04-24 08:44:18,0:04:49,12,YouTube
2024-04-24 08:39:32,2024-04-24 08:44:18,0:04:46,11,YouTube
2024-04-24 08:39:51,2024-04-24 08:44:18,0:04:27,10,YouTube
2024-04-24 08:39:54,2024-04-24 08:44:18,0:04:24,9,YouTube
2024-04-24 08:40:43,2024-04-24 08:45:19,0:04:36,11,YouTube
2024-04-24 08:40:57,2024-04-24 08:45:49,0:04:52,11,YouTube
2024-04-24 08:41:52,2024-04-24 08:46:48,0:04:56,13,YouTube
2024-04-24 08:42:44,2024-04-24 08:47:34,0:04:50,15,YouTube
2024-04-24 08:43:14,2024-04-24 08:47:52,0:04:38,15,YouTube
2024-04-24 08:43:28,2024-04-24 08:47:52,0:04:24,14,YouTube
2024-04-24 08:44:10,2024-04-24 08:48:49,0:04:39,16,YouTube
2024-04-24 08:44:18,2024-04-24 08:49:18,0:05:00,16,YouTube
2024-04-24 08:44:56,2024-04-24 08:49:46,0:04:50,17,YouTube
2024-04-24 08:45:17,2024-04-24 08:50:10,0:04:53,18,YouTube
2024-04-24 08:45:19,2024-04-24 08:50:10,0:04:51,17,YouTube
2024-04-24 08:45:49,2024-04-24 08:50:10,0:04:21,16,YouTube
2024-04-24 08:46:28,2024-04-24 08:51:22,0:04:54,17,YouTube
2024-04-24 08:46:34,2024-04-24 08:51:34,0:05:00,17,YouTube
2024-04-24 08:46:48,2024-04-24 08:51:34,0:04:46,16,YouTube
2024-04-24 08:47:19,2024-04-24 08:52:09,0:04:50,17,YouTube
2024-04-24 08:47:21,2024-04-24 08:52:09,0:04:48,16,YouTube
2024-04-24 08:47:34,2024-04-24 08:52:09,0:04:35,15,YouTube
2024-04-24 08:47:52,2024-04-24 08:52:45,0:04:53,15,YouTube
2024-04-24 08:48:30,2024-04-24 08:53:12,0:04:42,15,YouTube
2024-04-24 08:48:47,2024-04-24 08:53:43,0:04:56,15,YouTube
2024-04-24 08:48:49,2024-04-24 08:53:43,0:04:54,14,YouTube
2024-04-24 08:49:18,2024-04-24 08:54:12,0:04:54,15,YouTube
2024-04-24 08:49:42,2024-04-24 08:54:37,0:04:55,16,YouTube
2024-04-24 08:49:46,2024-04-24 08:54:46,0:05:00,17,YouTube
2024-04-24 08:49:59,2024-04-24 08:54:46,0:04:47,16,YouTube
2024-04-24 08:50:10,2024-04-24 08:55:00,0:04:50,16,YouTube
2024-04-24 08:51:18,2024-04-24 08:56:10,0:04:52,22,YouTube
2024-04-24 08:51:22,2024-04-24 08:56:22,0:05:00,22,YouTube
2024-04-24 08:51:34,2024-04-24 08:56:22,0:04:48,21,YouTube
2024-04-24 08:51:56,2024-04-24 08:56:50,0:04:54,21,YouTube
2024-04-24 08:52:09,2024-04-24 08:56:57,0:04:48,21,YouTube
2024-04-24 08:52:45,2024-04-24 08:56:57,0:04:12,20,YouTube
2024-04-24 08:53:12,2024-04-24 08:57:56,0:04:44,20,YouTube
2024-04-24 08:53:43,2024-04-24 08:58:42,0:04:59,23,YouTube
2024-04-24 08:53:55,2024-04-24 08:58:42,0:04:47,22,YouTube
2024-04-24 08:54:12,2024-04-24 08:58:59,0:04:47,22,YouTube
2024-04-24 08:54:24,2024-04-24 08:59:20,0:04:56,23,YouTube
2024-04-24 08:54:37,2024-04-24 08:59:20,0:04:43,22,YouTube
2024-04-24 08:54:44,2024-04-24 08:59:20,0:04:36,21,YouTube
2024-04-24 08:54:46,2024-04-24 08:59:45,0:04:59,21,YouTube
2024-04-24 08:55:00,2024-04-24 08:59:45,0:04:45,20,YouTube
2024-04-24 08:55:22,2024-04-24 09:00:19,0:04:57,21,YouTube
2024-04-24 08:55:36,2024-04-24 09:00:32,0:04:56,21,YouTube
2024-04-24 08:55:46,2024-04-24 09:00:32,0:04:46,20,YouTube
2024-04-24 08:56:02,2024-04-24 09:00:32,0:04:30,19,YouTube
2024-04-24 08:56:06,2024-04-24 09:00:32,0:04:26,18,YouTube
2024-04-24 08:56:08,2024-04-24 09:00:32,0:04:24,17,YouTube
2024-04-24 08:56:10,2024-04-24 09:00:32,0:04:22,16,YouTube
2024-04-24 08:56:22,2024-04-24 09:00:32,0:04:10,15,YouTube
2024-04-24 08:56:50,2024-04-24 09:01:36,0:04:46,16,YouTube
2024-04-24 08:56:57,2024-04-24 09:01:57,0:05:00,16,YouTube
2024-04-24 08:57:56,2024-04-24 09:02:33,0:04:37,20,YouTube
2024-04-24 08:58:24,2024-04-24 09:03:20,0:04:56,22,YouTube
2024-04-24 08:58:25,2024-04-24 09:03:20,0:04:55,21,YouTube
2024-04-24 08:58:37,2024-04-24 09:03:30,0:04:53,22,YouTube
2024-04-24 08:58:42,2024-04-24 09:03:30,0:04:48,21,YouTube
2024-04-24 08:58:59,2024-04-24 09:03:45,0:04:46,21,YouTube
2024-04-24 08:59:17,2024-04-24 09:03:45,0:04:28,20,YouTube
2024-04-24 08:59:20,2024-04-24 09:04:20,0:05:00,21,YouTube
2024-04-24 08:59:45,2024-04-24 09:04:22,0:04:37,21,YouTube
2024-04-24 09:00:17,2024-04-24 09:04:59,0:04:42,24,YouTube
2024-04-24 09:00:19,2024-04-24 09:04:59,0:04:40,23,YouTube
2024-04-24 09:00:32,2024-04-24 09:04:59,0:04:27,22,YouTube
2024-04-24 09:01:35,2024-04-24 09:06:14,0:04:39,23,YouTube
2024-04-24 09:01:36,2024-04-24 09:06:14,0:04:38,22,YouTube
2024-04-24 09:01:57,2024-04-24 09:06:14,0:04:17,21,YouTube
2024-04-24 09:02:00,2024-04-24 09:06:14,0:04:14,20,YouTube
2024-04-24 09:02:20,2024-04-24 09:07:19,0:04:59,20,YouTube
2024-04-24 09:02:22,2024-04-24 09:07:19,0:04:57,19,YouTube
2024-04-24 09:02:23,2024-04-24 09:07:19,0:04:56,18,YouTube
2024-04-24 09:02:33,2024-04-24 09:07:30,0:04:57,18,YouTube
2024-04-24 09:03:00,2024-04-24 09:07:59,0:04:59,18,YouTube
2024-04-24 09:03:18,2024-04-24 09:08:16,0:04:58,21,YouTube
2024-04-24 09:03:20,2024-04-24 09:08:16,0:04:56,20,YouTube
2024-04-24 09:03:28,2024-04-24 09:08:16,0:04:48,19,YouTube
2024-04-24 09:03:30,2024-04-24 09:08:29,0:04:59,19,YouTube
2024-04-24 09:03:45,2024-04-24 09:08:29,0:04:44,18,YouTube
2024-04-24 09:04:18,2024-04-24 09:08:29,0:04:11,17,YouTube
2024-04-24 09:04:20,2024-04-24 09:08:29,0:04:09,16,YouTube
2024-04-24 09:04:22,2024-04-24 09:08:29,0:04:07,15,YouTube
2024-04-24 09:04:50,2024-04-24 09:08:29,0:03:39,14,YouTube
2024-04-24 09:04:51,2024-04-24 09:08:29,0:03:38,13,YouTube
2024-04-24 09:04:56,2024-04-24 09:08:29,0:03:33,12,YouTube
2024-04-24 09:04:59,2024-04-24 09:08:29,0:03:30,11,YouTube
2024-04-24 09:05:45,2024-04-24 09:08:29,0:02:44,10,YouTube
2024-04-24 09:06:14,2024-04-24 09:08:29,0:02:15,9,YouTube
2024-04-24 09:07:19,2024-04-24 09:08:29,0:01:10,8,YouTube
2024-04-24 09:07:30,2024-04-24 09:08:29,0:00:59,7,YouTube
2024-04-24 09:07:59,2024-04-24 09:08:29,0:00:30,6,YouTube
2024-04-24 09:08:02,2024-04-24 09:08:29,0:00:27,5,YouTube
2024-04-24 09:08:03,2024-04-24 09:08:29,0:00:26,4,YouTube
2024-04-24 09:08:05,2024-04-24 09:08:29,0:00:24,3,YouTube
2024-04-24 09:33:00,2024-04-24 09:34:22,0:01:22,15,Hotels; Maps; Search
2024-04-24 09:33:07,2024-04-24 09:34:22,0:01:15,14,Hotels; Maps; Search
2024-04-24 09:33:08,2024-04-24 09:34:22,0:01:14,13,Hotels; Maps
2024-04-24 09:33:11,2024-04-24 09:34:22,0:01:11,12,Hotels; Maps
2024-04-24 09:33:57,2024-04-24 09:34:22,0:00:25,11,Maps
2024-04-24 09:33:57,2024-04-24 09:34:22,0:00:25,10,Maps
2024-04-24 09:33:57,2024-04-24 09:34:22,0:00:25,9,Maps
2024-04-24 09:33:57,2024-04-24 09:34:22,0:00:25,8,Maps
2024-04-24 09:33:57,2024-04-24 09:34:22,0:00:25,7,Maps
2024-04-24 09:33:57,2024-04-24 09:34:22,0:00:25,6,Maps
2024-04-24 09:33:57,2024-04-24 09:34:22,0:00:25,5,Maps
2024-04-24 09:34:22,2024-04-24 09:34:22,0:00:00,4,Maps
2024-04-24 09:34:22,2024-04-24 09:34:22,0:00:00,3,Maps
2024-04-24 10:00:00,2024-04-24 10:01:59,0:01:59,3,Search
2024-04-24 10:40:53,2024-04-24 10:45:50,0:04:57,7,YouTube
2024-04-24 10:41:13,2024-04-24 10:45:50,0:04:37,6,YouTube
2024-04-24 10:42:00,2024-04-24 10:46:29,0:04:29,7,YouTube
2024-04-24 10:42:32,2024-04-24 10:47:19,0:04:47,7,YouTube
2024-04-24 10:43:36,2024-04-24 10:48:11,0:04:35,8,YouTube
2024-04-24 10:44:26,2024-04-24 10:49:24,0:04:58,11,YouTube
2024-04-24 10:45:50,2024-04-24 10:50:29,0:04:39,12,YouTube
2024-04-24 10:46:18,2024-04-24 10:51:12,0:04:54,12,YouTube
2024-04-24 10:46:29,2024-04-24 10:51:26,0:04:57,13,YouTube
2024-04-24 10:47:19,2024-04-24 10:51:26,0:04:07,12,YouTube
2024-04-24 10:47:52,2024-04-24 10:52:33,0:04:41,13,Hotels; YouTube
2024-04-24 10:48:11,2024-04-24 10:52:33,0:04:22,12,Hotels; YouTube
2024-04-24 10:48:46,2024-04-24 10:53:19,0:04:33,15,Hotels; Maps; YouTube
2024-04-24 10:49:08,2024-04-24 10:54:06,0:04:58,15,Hotels; Maps; YouTube
2024-04-24 10:49:10,2024-04-24 10:54:06,0:04:56,14,Hotels; Maps; YouTube
2024-04-24 10:49:24,2024-04-24 10:54:06,0:04:42,13,Hotels; Maps; YouTube
2024-04-24 10:49:27,2024-04-24 10:54:06,0:04:39,12,Hotels; Maps; YouTube
2024-04-24 10:50:29,2024-04-24 10:55:24,0:04:55,28,Hotels; Maps; YouTube
2024-04-24 10:51:12,2024-04-24 10:55:57,0:04:45,28,Hotels; Maps; YouTube
2024-04-24 10:51:23,2024-04-24 10:55:57,0:04:34,27,Hotels; Maps; YouTube
2024-04-24 10:51:26,2024-04-24 10:55:57,0:04:31,26,Hotels; Maps; YouTube
2024-04-24 10:52:21,2024-04-24 10:56:42,0:04:21,26,Hotels; Maps; YouTube
2024-04-24 10:52:33,2024-04-24 10:57:29,0:04:56,26,Hotels; Maps; YouTube
2024-04-24 10:53:19,2024-04-24 10:57:57,0:04:38,27,Maps; YouTube
2024-04-24 10:53:19,2024-04-24 10:57:57,0:04:38,26,Maps; YouTube
2024-04-24 10:53:19,2024-04-24 10:57:57,0:04:38,25,Maps; YouTube
2024-04-24 10:53:19,2024-04-24 10:57:57,0:04:38,24,Maps; YouTube
2024-04-24 10:54:06,2024-04-24 10:58:48,0:04:42,24,Maps; YouTube
2024-04-24 10:54:42,2024-04-24 10:58:48,0:04:06,23,Maps; YouTube
2024-04-24 10:55:09,2024-04-24 10:58:48,0:03:39,22,Maps; YouTube
2024-04-24 10:55:10,2024-04-24 10:58:48,0:03:38,21,Maps; YouTube
2024-04-24 10:55:13,2024-04-24 10:58:48,0:03:35,20,Maps; YouTube
2024-04-24 10:55:24,2024-04-24 10:58:48,0:03:24,19,Maps; YouTube
2024-04-24 10:55:24,2024-04-24 10:58:48,0:03:24,18,Maps; YouTube
2024-04-24 10:55:24,2024-04-24 10:58:48,0:03:24,17,Maps; YouTube
2024-04-24 10:55:24,2024-04-24 10:58:48,0:03:24,16,Maps; YouTube
2024-04-24 10:55:24,2024-04-24 10:58:48,0:03:24,15,Maps; YouTube
2024-04-24 10:55:24,2024-04-24 10:58:48,0:03:24,14,Maps; YouTube
2024-04-24 10:55:24,2024-04-24 10:58:48,0:03:24,13,Maps; YouTube
2024-04-24 10:55:24,2024-04-24 10:58:48,0:03:24,12,Maps; YouTube
2024-04-24 10:55:24,2024-04-24 10:58:48,0:03:24,11,Maps; YouTube
2024-04-24 10:55:24,2024-04-24 10:58:48,0:03:24,10,Maps; YouTube
2024-04-24 10:55:24,2024-04-24 10:58:48,0:03:24,9,Maps; YouTube
2024-04-24 10:55:24,2024-04-24 10:58:48,0:03:24,8,Maps; YouTube
2024-04-24 10:55:24,2024-04-24 10:58:48,0:03:24,7,Maps; YouTube
2024-04-24 10:55:57,2024-04-24 10:58:48,0:02:51,6,YouTube
2024-04-24 10:56:42,2024-04-24 11:01:37,0:04:55,8,YouTube
2024-04-24 10:57:29,2024-04-24 11:01:56,0:04:27,8,YouTube
2024-04-24 10:57:49,2024-04-24 11:01:56,0:04:07,7,YouTube
2024-04-24 10:57:57,2024-04-24 11:02:54,0:04:57,8,YouTube
2024-04-24 10:58:48,2024-04-24 11:02:54,0:04:06,7,YouTube
2024-04-24 11:01:34,2024-04-24 11:06:30,0:04:56,13,YouTube
2024-04-24 11:01:36,2024-04-24 11:06:30,0:04:54,12,YouTube
2024-04-24 11:01:37,2024-04-24 11:06:30,0:04:53,11,YouTube
2024-04-24 11:01:56,2024-04-24 11:06:30,0:04:34,10,YouTube
2024-04-24 11:02:52,2024-04-24 11:07:32,0:04:40,10,YouTube
2024-04-24 11:02:54,2024-04-24 11:07:32,0:04:38,9,YouTube
2024-04-24 11:03:49,2024-04-24 11:08:12,0:04:23,10,YouTube
2024-04-24 11:03:51,2024-04-24 11:08:12,0:04:21,9,YouTube
2024-04-24 11:03:53,2024-04-24 11:08:12,0:04:19,8,YouTube
2024-04-24 11:04:03,2024-04-24 11:08:12,0:04:09,7,YouTube
2024-04-24 11:04:21,2024-04-24 11:09:11,0:04:50,7,YouTube
2024-04-24 11:05:37,2024-04-24 11:10:13,0:04:36,9,YouTube
2024-04-24 11:06:30,2024-04-24 11:11:01,0:04:31,9,YouTube
2024-04-24 11:07:32,2024-04-24 11:12:27,0:04:55,11,YouTube
2024-04-24 11:08:07,2024-04-24 11:12:27,0:04:20,10,YouTube
2024-04-24 11:08:12,2024-04-24 11:12:27,0:04:15,9,YouTube
2024-04-24 11:09:11,2024-04-24 11:14:06,0:04:55,11,YouTube
2024-04-24 11:09:56,2024-04-24 11:14:54,0:04:58,11,YouTube
2024-04-24 11:10:11,2024-04-24 11:14:54,0:04:43,10,YouTube
2024-04-24 11:10:13,2024-04-24 11:14:54,0:04:41,9,YouTube
2024-04-24 11:11:01,2024-04-24 11:15:20,0:04:19,10,YouTube
2024-04-24 11:11:54,2024-04-24 11:16:53,0:04:59,13,YouTube
2024-04-24 11:12:06,2024-04-24 11:17:02,0:04:56,13,YouTube
2024-04-24 11:12:27,2024-04-24 11:17:02,0:04:35,12,YouTube
2024-04-24 11:13:33,2024-04-24 11:18:17,0:04:44,14,YouTube
2024-04-24 11:13:55,2024-04-24 11:18:47,0:04:52,14,YouTube
2024-04-24 11:14:06,2024-04-24 11:19:06,0:05:00,14,YouTube
2024-04-24 11:14:54,2024-04-24 11:19:41,0:04:47,16,YouTube
2024-04-24 11:15:16,2024-04-24 11:19:59,0:04:43,16,YouTube
2024-04-24 11:15:20,2024-04-24 11:20:17,0:04:57,16,YouTube
2024-04-24 11:16:21,2024-04-24 11:21:18,0:04:57,17,YouTube
2024-04-24 11:16:22,2024-04-24 11:21:18,0:04:56,16,YouTube
2024-04-24 11:16:25,2024-04-24 11:21:24,0:04:59,16,YouTube
2024-04-24 11:16:53,2024-04-24 11:21:52,0:04:59,17,YouTube
2024-04-24 11:17:02,2024-04-24 11:21:52,0:04:50,16,YouTube
2024-04-24 11:18:05,2024-04-24 11:22:41,0:04:36,16,YouTube
2024-04-24 11:18:15,2024-04-24 11:22:41,0:04:26,15,YouTube
2024-04-24 11:18:17,2024-04-24 11:22:41,0:04:24,14,YouTube
2024-04-24 11:18:47,2024-04-24 11:23:47,0:05:00,15,YouTube
2024-04-24 11:19:06,2024-04-24 11:24:02,0:04:56,15,YouTube
2024-04-24 11:19:11,2024-04-24 11:24:02,0:04:51,14,YouTube
2024-04-24 11:19:32,2024-04-24 11:24:02,0:04:30,13,YouTube
2024-04-24 11:19:41,2024-04-24 11:24:38,0:04:57,13,YouTube
2024-04-24 11:19:59,2024-04-24 11:24:38,0:04:39,12,YouTube
2024-04-24 11:20:17,2024-04-24 11:25:06,0:04:49,13,YouTube
2024-04-24 11:20:47,2024-04-24 11:25:42,0:04:55,14,YouTube
2024-04-24 11:21:18,2024-04-24 11:26:04,0:04:46,14,YouTube
2024-04-24 11:21:24,2024-04-24 11:26:04,0:04:40,13,YouTube
2024-04-24 11:21:32,2024-04-24 11:26:04,0:04:32,12,YouTube
2024-04-24 11:21:52,2024-04-24 11:26:04,0:04:12,11,YouTube
2024-04-24 11:22:41,2024-04-24 11:27:32,0:04:51,12,YouTube
2024-04-24 11:23:46,2024-04-24 11:28:29,0:04:43,13,YouTube
2024-04-24 11:23:47,2024-04-24 11:28:29,0:04:42,12,YouTube
2024-04-24 11:24:02,2024-04-24 11:28:56,0:04:54,13,YouTube
2024-04-24 11:24:38,2024-04-24 11:29:17,0:04:39,14,YouTube
2024-04-24 11:25:04,2024-04-24 11:30:00,0:04:56,14,YouTube
2024-04-24 11:25:06,2024-04-24 11:30:00,0:04:54,13,YouTube
2024-04-24 11:25:21,2024-04-24 11:30:19,0:04:58,13,YouTube
2024-04-24 11:25:42,2024-04-24 11:30:19,0:04:37,12,YouTube
2024-04-24 11:26:04,2024-04-24 11:30:59,0:04:55,12,YouTube
2024-04-24 11:27:06,2024-04-24 11:32:05,0:04:59,12,YouTube
2024-04-24 11:27:32,2024-04-24 11:32:32,0:05:00,12,YouTube
2024-04-24 11:28:19,2024-04-24 11:32:34,0:04:15,12,YouTube
2024-04-24 11:28:29,2024-04-24 11:33:22,0:04:53,12,YouTube
2024-04-24 11:28:54,2024-04-24 11:33:22,0:04:28,11,YouTube
2024-04-24 11:28:56,2024-04-24 11:33:22,0:04:26,10,YouTube
2024-04-24 11:29:07,2024-04-24 11:34:02,0:04:55,10,YouTube
2024-04-24 11:29:17,2024-04-24 11:34:02,0:04:45,9,YouTube
2024-04-24 11:30:00,2024-04-24 11:34:36,0:04:36,10,YouTube
2024-04-24 11:30:19,2024-04-24 11:35:19,0:05:00,10,YouTube
2024-04-24 11:30:59,2024-04-24 11:35:37,0:04:38,10,YouTube
2024-04-24 11:32:05,2024-04-24 11:36:30,0:04:25,11,YouTube
2024-04-24 11:32:32,2024-04-24 11:37:15,0:04:43,12,YouTube
2024-04-24 11:32:34,2024-04-24 11:37:15,0:04:41,11,YouTube
2024-04-24 11:33:22,2024-04-24 11:38:03,0:04:41,12,YouTube
2024-04-24 11:34:02,2024-04-24 11:38:42,0:04:40,12,YouTube
2024-04-24 11:34:33,2024-04-24 11:38:42,0:04:09,11,YouTube
2024-04-24 11:34:36,2024-04-24 11:38:42,0:04:06,10,YouTube
2024-04-24 11:35:19,2024-04-24 11:40:17,0:04:58,10,YouTube
2024-04-24 11:35:37,2024-04-24 11:40:17,0:04:40,9,YouTube
2024-04-24 11:36:22,2024-04-24 11:40:17,0:03:55,8,YouTube
2024-04-24 11:36:30,2024-04-24 11:40:17,0:03:47,7,YouTube
2024-04-24 11:37:08,2024-04-24 11:42:04,0:04:56,7,YouTube
2024-04-24 11:37:15,2024-04-24 11:42:04,0:04:49,6,YouTube
2024-04-24 11:38:02,2024-04-24 11:42:27,0:04:25,6,YouTube
2024-04-24 11:38:03,2024-04-24 11:42:27,0:04:24,5,YouTube
2024-04-24 11:38:42,2024-04-24 11:43:04,0:04:22,5,YouTube
2024-04-24 11:40:17,2024-04-24 11:44:21,0:04:04,7,YouTube
2024-04-24 11:42:04,2024-04-24 11:46:42,0:04:38,8,YouTube
2024-04-24 11:42:27,2024-04-24 11:47:20,0:04:53,9,YouTube
2024-04-24 11:43:04,2024-04-24 11:47:36,0:04:32,10,YouTube
2024-04-24 11:43:51,2024-04-24 11:48:14,0:04:23,12,YouTube
2024-04-24 11:44:18,2024-04-24 11:49:15,0:04:57,12,YouTube
2024-04-24 11:44:21,2024-04-24 11:49:15,0:04:54,11,YouTube
2024-04-24 11:45:45,2024-04-24 11:50:10,0:04:25,13,YouTube
2024-04-24 11:46:42,2024-04-24 11:51:03,0:04:21,13,YouTube
2024-04-24 11:47:18,2024-04-24 11:52:07,0:04:49,14,YouTube
2024-04-24 11:47:20,2024-04-24 11:52:07,0:04:47,13,YouTube
2024-04-24 11:47:33,2024-04-24 11:52:33,0:05:00,16,YouTube
2024-04-24 11:47:36,2024-04-24 11:52:33,0:04:57,15,YouTube
2024-04-24 11:48:06,2024-04-24 11:52:58,0:04:52,18,YouTube
2024-04-24 11:48:12,2024-04-24 11:52:58,0:04:46,17,YouTube
2024-04-24 11:48:14,2024-04-24 11:52:58,0:04:44,16,YouTube
2024-04-24 11:49:15,2024-04-24 11:53:59,0:04:44,17,YouTube
2024-04-24 11:49:22,2024-04-24 11:53:59,0:04:37,16,YouTube
2024-04-24 11:50:07,2024-04-24 11:54:57,0:04:50,18,YouTube
2024-04-24 11:50:10,2024-04-24 11:54:57,0:04:47,17,YouTube
2024-04-24 11:51:03,2024-04-24 11:55:48,0:04:45,17,YouTube
2024-04-24 11:52:03,2024-04-24 11:57:02,0:04:59,20,YouTube
2024-04-24 11:52:07,2024-04-24 11:57:06,0:04:59,20,YouTube
2024-04-24 11:52:25,2024-04-24 11:57:22,0:04:57,22,YouTube
2024-04-24 11:52:28,2024-04-24 11:57:28,0:05:00,22,YouTube
2024-04-24 11:52:30,2024-04-24 11:57:30,0:05:00,22,YouTube
2024-04-24 11:52:33,2024-04-24 11:57:30,0:04:57,21,YouTube
2024-04-24 11:52:43,2024-04-24 11:57:30,0:04:47,20,YouTube
2024-04-24 11:52:53,2024-04-24 11:57:30,0:04:37,19,YouTube
2024-04-24 11:52:56,2024-04-24 11:57:30,0:04:34,18,YouTube
2024-04-24 11:52:58,2024-04-24 11:57:30,0:04:32,17,YouTube
2024-04-24 11:53:30,2024-04-24 11:57:30,0:04:00,16,YouTube
2024-04-24 11:53:59,2024-04-24 11:58:32,0:04:33,16,YouTube
2024-04-24 11:54:40,2024-04-24 11:59:25,0:04:45,16,YouTube
2024-04-24 11:54:42,2024-04-24 11:59:25,0:04:43,15,YouTube
2024-04-24 11:54:57,2024-04-24 11:59:25,0:04:28,14,YouTube
2024-04-24 11:55:48,2024-04-24 12:00:18,0:04:30,19,Maps; YouTube
2024-04-24 11:56:04,2024-04-24 12:00:18,0:04:14,18,Maps; YouTube
2024-04-24 11:56:07,2024-04-24 12:00:18,0:04:11,17,Maps; YouTube
2024-04-24 11:56:12,2024-04-24 12:00:18,0:04:06,16,Maps; YouTube
2024-04-24 11:57:02,2024-04-24 12:01:43,0:04:41,16,Maps; YouTube
2024-04-24 11:57:06,2024-04-24 12:01:43,0:04:37,15,Maps; YouTube
2024-04-24 11:57:10,2024-04-24 12:01:43,0:04:33,14,Maps; YouTube
2024-04-24 11:57:13,2024-04-24 12:01:43,0:04:30,13,Maps; YouTube
2024-04-24 11:57:22,2024-04-24 12:01:43,0:04:21,12,Maps; YouTube
2024-04-24 11:57:28,2024-04-24 12:01:43,0:04:15,11,Maps; YouTube
2024-04-24 11:57:30,2024-04-24 12:01:43,0:04:13,10,Maps; YouTube
2024-04-24 11:58:32,2024-04-24 12:03:31,0:04:59,13,Maps; YouTube
2024-04-24 11:59:25,2024-04-24 12:04:19,0:04:54,15,Maps; YouTube
2024-04-24 11:59:59,2024-04-24 12:04:19,0:04:20,14,Maps; YouTube
2024-04-24 12:00:07,2024-04-24 12:04:19,0:04:12,13,Maps; YouTube
2024-04-24 12:00:07,2024-04-24 12:04:19,0:04:12,12,Maps; YouTube
2024-04-24 12:00:07,2024-04-24 12:04:19,0:04:12,11,Maps; YouTube
2024-04-24 12:00:10,2024-04-24 12:04:19,0:04:09,10,YouTube
2024-04-24 12:00:18,2024-04-24 12:04:19,0:04:01,9,YouTube
2024-04-24 12:01:43,2024-04-24 12:06:00,0:04:17,11,YouTube
2024-04-24 12:02:31,2024-04-24 12:07:23,0:04:52,11,YouTube
2024-04-24 12:02:35,2024-04-24 12:07:23,0:04:48,10,YouTube
2024-04-24 12:02:43,2024-04-24 12:07:23,0:04:40,9,YouTube
2024-04-24 12:03:31,2024-04-24 12:08:24,0:04:53,9,YouTube
2024-04-24 12:03:50,2024-04-24 12:08:40,0:04:50,9,YouTube
2024-04-24 12:03:53,2024-04-24 12:08:40,0:04:47,8,YouTube
2024-04-24 12:04:19,2024-04-24 12:08:40,0:04:21,7,YouTube
2024-04-24 12:05:20,2024-04-24 12:08:40,0:03:20,6,YouTube
2024-04-24 12:05:22,2024-04-24 12:08:40,0:03:18,5,YouTube
2024-04-24 12:06:00,2024-04-24 12:08:40,0:02:40,4,YouTube
2024-04-24 12:07:23,2024-04-24 12:08:40,0:01:17,3,YouTube
2024-04-24 12:08:24,2024-04-24 12:12:54,0:04:30,3,YouTube
2024-04-24 12:31:05,2024-04-24 12:36:03,0:04:58,3,Maps; Search
2024-04-24 13:32:24,2024-04-24 13:33:03,0:00:39,5,Search
2024-04-24 13:32:33,2024-04-24 13:33:03,0:00:30,4,Search
2024-04-24 13:32:41,2024-04-24 13:33:03,0:00:22,3,Search
2024-04-24 14:56:44,2024-04-24 14:56:44,0:00:00,8,Maps
2024-04-24 14:56:44,2024-04-24 14:56:44,0:00:00,7,Maps
2024-04-24 14:56:44,2024-04-24 14:56:44,0:00:00,6,Maps
2024-04-24 14:56:44,2024-04-24 14:56:44,0:00:00,5,Maps
2024-04-24 14:56:44,2024-04-24 14:56:44,0:00:00,4,Maps
2024-04-24 14:56:44,2024-04-24 14:56:44,0:00:00,3,Maps
2024-04-24 16:05:18,2024-04-24 16:08:05,0:02:47,3,Google Business Profile; Search
2024-04-24 16:42:00,2024-04-24 16:42:16,0:00:16,3,Search
2024-04-24 17:33:33,2024-04-24 17:34:09,0:00:36,3,Search
2024-04-24 22:50:41,2024-04-24 22:51:47,0:01:06,5,Hotels; Maps
2024-04-24 22:50:46,2024-04-24 22:51:47,0:01:01,4,Hotels; Maps
2024-04-24 22:50:48,2024-04-24 22:51:47,0:00:59,3,Maps
2024-04-25 12:39:03,2024-04-25 12:42:26,0:03:23,4,Hotels; Maps
2024-04-25 12:42:26,2024-04-25 12:42:26,0:00:00,3,Maps
2024-04-25 13:56:18,2024-04-25 13:57:07,0:00:49,7,Hotels; Maps
2024-04-25 13:56:36,2024-04-25 13:57:07,0:00:31,6,Maps
2024-04-25 13:56:36,2024-04-25 13:57:07,0:00:31,5,Maps
2024-04-25 13:57:07,2024-04-25 13:57:07,0:00:00,4,Maps
2024-04-25 13:57:07,2024-04-25 13:57:07,0:00:00,3,Maps
2024-04-25 14:31:49,2024-04-25 14:35:09,0:03:20,5,Gmail; Search
2024-04-25 14:34:05,2024-04-25 14:35:09,0:01:04,4,Gmail
2024-04-25 14:34:21,2024-04-25 14:35:09,0:00:48,3,Gmail
2024-04-25 15:13:10,2024-04-25 15:15:57,0:02:47,3,Google Business Profile; Maps
2024-04-25 15:22:36,2024-04-25 15:25:05,0:02:29,3,Maps
2024-04-25 15:25:05,2024-04-25 15:29:09,0:04:04,3,Maps
2024-04-25 15:29:09,2024-04-25 15:32:10,0:03:01,4,Hotels; Maps
2024-04-25 15:31:56,2024-04-25 15:32:10,0:00:14,3,Hotels; Maps
2024-04-25 17:45:14,2024-04-25 17:48:10,0:02:56,5,Hotels; Maps
2024-04-25 17:45:15,2024-04-25 17:48:10,0:02:55,4,Maps
2024-04-25 17:46:01,2024-04-25 17:48:10,0:02:09,3,Maps
2024-04-25 22:40:09,2024-04-25 22:40:40,0:00:31,3,Discover; Search
2024-04-26 10:50:24,2024-04-26 10:53:11,0:02:47,6,Maps
2024-04-26 10:51:09,2024-04-26 10:55:39,0:04:30,7,Maps
2024-04-26 10:51:09,2024-04-26 10:55:39,0:04:30,6,Maps
2024-04-26 10:51:24,2024-04-26 10:55:39,0:04:15,5,Maps
2024-04-26 10:53:11,2024-04-26 10:55:39,0:02:28,4,Maps
2024-04-26 10:53:11,2024-04-26 10:55:39,0:02:28,3,Maps
2024-04-26 11:15:24,2024-04-26 11:20:04,0:04:40,3,Maps; Search
2024-04-26 11:20:04,2024-04-26 11:22:07,0:02:03,4,Maps; Search
2024-04-26 11:20:04,2024-04-26 11:22:07,0:02:03,3,Maps; Search
2024-04-26 13:30:32,2024-04-26 13:30:33,0:00:01,6,Maps
2024-04-26 13:30:32,2024-04-26 13:30:33,0:00:01,5,Maps
2024-04-26 13:30:32,2024-04-26 13:30:33,0:00:01,4,Maps
2024-04-26 13:30:33,2024-04-26 13:30:33,0:00:00,3,Maps
2024-04-26 15:05:36,2024-04-26 15:09:52,0:04:16,7,Gmail; Google Business Profile; Search
2024-04-26 15:06:58,2024-04-26 15:09:52,0:02:54,6,Google Business Profile; Search
2024-04-26 15:08:04,2024-04-26 15:09:52,0:01:48,5,Google Business Profile; Search
2024-04-26 15:08:04,2024-04-26 15:09:52,0:01:48,4,Google Business Profile; Search
2024-04-26 15:09:36,2024-04-26 15:09:52,0:00:16,3,Google Business Profile; Search
2024-04-26 15:17:01,2024-04-26 15:20:35,0:03:34,9,Maps; Search
2024-04-26 15:17:08,2024-04-26 15:20:35,0:03:27,8,Maps; Search
2024-04-26 15:17:15,2024-04-26 15:20:35,0:03:20,7,Maps; Search
2024-04-26 15:17:40,2024-04-26 15:20:35,0:02:55,6,Search
2024-04-26 15:17:50,2024-04-26 15:20:35,0:02:45,5,Search
2024-04-26 15:17:59,2024-04-26 15:20:35,0:02:36,4,Search
2024-04-26 15:18:50,2024-04-26 15:20:35,0:01:45,3,Search
2024-04-26 17:24:37,2024-04-26 17:24:43,0:00:06,5,Maps; YouTube
2024-04-26 17:24:43,2024-04-26 17:24:43,0:00:00,4,Maps
2024-04-26 17:24:43,2024-04-26 17:24:43,0:00:00,3,Maps
2024-04-26 18:32:37,2024-04-26 18:37:33,0:04:56,3,YouTube
2024-04-26 18:37:20,2024-04-26 18:40:41,0:03:21,3,YouTube
2024-04-26 20:19:09,2024-04-26 20:23:22,0:04:13,3,Search
2024-04-26 20:42:30,2024-04-26 20:46:57,0:04:27,6,Image Search; Search
2024-04-26 20:42:34,2024-04-26 20:46:57,0:04:23,5,Image Search
2024-04-26 20:43:11,2024-04-26 20:46:57,0:03:46,4,Image Search
2024-04-26 20:43:19,2024-04-26 20:46:57,0:03:38,3,Image Search
2024-04-26 22:36:04,2024-04-26 22:37:33,0:01:29,3,Search
