"DeletedAt","Name","FullName","Length","LastWriteTime"
"2026-07-06T14:00:46","takeout-20260602T071913Z-7-050.zip","C:\Users\thoma\Documents\Cyber Crimes Tools\Takeout Zips\takeout-20260602T071913Z-7-050.zip","4254689553","7/6/2026 12:00:42 PM"
"2026-07-06T14:00:46","takeout-20260602T071913Z-7-051.zip","C:\Users\thoma\Documents\Cyber Crimes Tools\Takeout Zips\takeout-20260602T071913Z-7-051.zip","4271534359","7/6/2026 12:01:32 PM"
"2026-07-06T14:00:46","takeout-20260602T071913Z-7-052.zip","C:\Users\thoma\Documents\Cyber Crimes Tools\Takeout Zips\takeout-20260602T071913Z-7-052.zip","4252867706","7/6/2026 12:01:14 PM"
"2026-07-06T14:00:46","takeout-20260602T071913Z-7-053.zip","C:\Users\thoma\Documents\Cyber Crimes Tools\Takeout Zips\takeout-20260602T071913Z-7-053.zip","4263657031","7/6/2026 12:01:25 PM"
"2026-07-06T14:00:46","takeout-20260602T071913Z-7-054.zip","C:\Users\thoma\Documents\Cyber Crimes Tools\Takeout Zips\takeout-20260602T071913Z-7-054.zip","4257718445","7/6/2026 12:01:29 PM"
"2026-07-06T14:00:46","takeout-20260602T071913Z-7-055.zip","C:\Users\thoma\Documents\Cyber Crimes Tools\Takeout Zips\takeout-20260602T071913Z-7-055.zip","4280748142","7/6/2026 12:01:31 PM"
"2026-07-06T14:00:46","takeout-20260602T071913Z-7-056.zip","C:\Users\thoma\Documents\Cyber Crimes Tools\Takeout Zips\takeout-20260602T071913Z-7-056.zip","4276990601","7/6/2026 1:17:53 PM"
"2026-07-06T14:00:46","takeout-20260602T071913Z-7-057.zip","C:\Users\thoma\Documents\Cyber Crimes Tools\Takeout Zips\takeout-20260602T071913Z-7-057.zip","4280899299","7/6/2026 1:18:10 PM"
"2026-07-06T14:00:46","takeout-20260602T071913Z-7-058.zip","C:\Users\thoma\Documents\Cyber Crimes Tools\Takeout Zips\takeout-20260602T071913Z-7-058.zip","4294720270","7/6/2026 1:49:55 PM"
"2026-07-06T14:00:46","takeout-20260602T071913Z-7-060.zip","C:\Users\thoma\Documents\Cyber Crimes Tools\Takeout Zips\takeout-20260602T071913Z-7-060.zip","4253080789","7/6/2026 1:18:15 PM"
"2026-07-06T14:00:46","takeout-20260602T071913Z-7-061.zip","C:\Users\thoma\Documents\Cyber Crimes Tools\Takeout Zips\takeout-20260602T071913Z-7-061.zip","4295095368","7/6/2026 1:18:20 PM"
"2026-07-06T14:00:46","takeout-20260602T071913Z-7-062.zip","C:\Users\thoma\Documents\Cyber Crimes Tools\Takeout Zips\takeout-20260602T071913Z-7-062.zip","4295177950","7/6/2026 1:49:36 PM"
"2026-07-06T14:00:46","takeout-20260602T071913Z-7-063.zip","C:\Users\thoma\Documents\Cyber Crimes Tools\Takeout Zips\takeout-20260602T071913Z-7-063.zip","4272423263","7/6/2026 1:49:27 PM"
"2026-07-06T14:00:46","takeout-20260602T071913Z-7-064.zip","C:\Users\thoma\Documents\Cyber Crimes Tools\Takeout Zips\takeout-20260602T071913Z-7-064.zip","4295146118","7/6/2026 1:49:31 PM"
"2026-07-06T14:00:46","takeout-20260602T071913Z-7-065.zip","C:\Users\thoma\Documents\Cyber Crimes Tools\Takeout Zips\takeout-20260602T071913Z-7-065.zip","4272844914","7/6/2026 1:49:32 PM"
