CanonicalEventId,PrimaryExhibitNumber,EventType,CaptureTimestamp,TextedTimestamp,ElapsedSeconds,ConversationContact,ImagePathScanned,FileName,FileSize,SHA256,ReadableAsImage,ImageFormat,Width,Height,Dimensions,DPI,DPIX,DPIY,DeviceDimensionAssessment,DeviceMetadataPlainEnglish,EXIF_Make,EXIF_Model,EXIF_Software,EXIF_DateTimeOriginal,EXIF_DateTimeDigitized,EXIF_DateTime,EXIF_Orientation,EXIF_AllRelevant,MetadataError
CE-001,EX-001,Screenshot transmission,2024-04-19 11:10:03,2024/04/19 11:10:24,21,Mom,C:\Users\thoma\Documents\Cyber Crimes Tools\Takeout Extracted\_forensic_outputs\Case_Presentation_Dark\Integrated_Takeout_With_Images\media\CE-001_Screenshot_2024-04-19_at_11.10.03_AM.jpeg,CE-001_Screenshot_2024-04-19_at_11.10.03_AM.jpeg,369909,68F266EFC1CA43C620ACDAE4BE96844D6705F237AC0F23BED916E15ED0B98102,Yes,JPEG,1170,2532,1170x2532,216.0x216.0,216.0,216.0,Matches Elijah iPhone reference dimensions and 216 DPI,"The image pixel dimensions are consistent with the Elijah iPhone reference you provided (1170 x 2532). If DPI is 216, that also matches the reference. This supports device-class consistency but does not by itself identify the physical user.",,,,,,,1,"{""ResolutionUnit"": ""2"", ""Orientation"": ""1"", ""XResolution"": ""216.0"", ""YResolution"": ""216.0""}",
CE-002,EX-002,Screenshot transmission,2024-04-19 11:14:53,2024/04/19 11:15:04,11,Mom,C:\Users\thoma\Documents\Cyber Crimes Tools\Takeout Extracted\_forensic_outputs\Case_Presentation_Dark\Integrated_Takeout_With_Images\media\CE-002_Screenshot_2024-04-19_at_11.14.53_AM.jpeg,CE-002_Screenshot_2024-04-19_at_11.14.53_AM.jpeg,536954,42037285CD32F5EEB7E12EFB5C4F19A414BCE25E90EC6E2448DE5B00A312A7E6,Yes,JPEG,1170,2532,1170x2532,216.0x216.0,216.0,216.0,Matches Elijah iPhone reference dimensions and 216 DPI,"The image pixel dimensions are consistent with the Elijah iPhone reference you provided (1170 x 2532). If DPI is 216, that also matches the reference. This supports device-class consistency but does not by itself identify the physical user.",,,,,,,1,"{""ResolutionUnit"": ""2"", ""Orientation"": ""1"", ""XResolution"": ""216.0"", ""YResolution"": ""216.0""}",
CE-003,EX-003,Screenshot transmission,2024-04-19 11:21:18,2024/04/19 11:21:30,12,Mom,C:\Users\thoma\Documents\Cyber Crimes Tools\Takeout Extracted\_forensic_outputs\Case_Presentation_Dark\Integrated_Takeout_With_Images\media\CE-003_Screenshot_2024-04-19_at_11.21.18_AM.jpeg,CE-003_Screenshot_2024-04-19_at_11.21.18_AM.jpeg,272510,78DC921AB95969AE5825991D6295A4D68C9DA5DEC1BC2C67A7C8AEBE64F0A729,Yes,JPEG,1170,2532,1170x2532,216.0x216.0,216.0,216.0,Matches Elijah iPhone reference dimensions and 216 DPI,"The image pixel dimensions are consistent with the Elijah iPhone reference you provided (1170 x 2532). If DPI is 216, that also matches the reference. This supports device-class consistency but does not by itself identify the physical user.",,,,,,,1,"{""ResolutionUnit"": ""2"", ""Orientation"": ""1"", ""XResolution"": ""216.0"", ""YResolution"": ""216.0""}",
CE-004,EX-004,Screenshot transmission,2024-04-19 19:22:24,2024/04/19 19:22:35,11,Mom,C:\Users\thoma\Documents\Cyber Crimes Tools\Takeout Extracted\_forensic_outputs\Case_Presentation_Dark\Integrated_Takeout_With_Images\media\CE-004_Screenshot_2024-04-19_at_7.22.24_PM.jpeg,CE-004_Screenshot_2024-04-19_at_7.22.24_PM.jpeg,164095,E1BFF9B67CE70AF043F83505AED85BBDE5BF27DA1A1D1B6B4FF8213FAFD29322,Yes,JPEG,1170,2532,1170x2532,216.0x216.0,216.0,216.0,Matches Elijah iPhone reference dimensions and 216 DPI,"The image pixel dimensions are consistent with the Elijah iPhone reference you provided (1170 x 2532). If DPI is 216, that also matches the reference. This supports device-class consistency but does not by itself identify the physical user.",,,,,,,1,"{""ResolutionUnit"": ""2"", ""Orientation"": ""1"", ""XResolution"": ""216.0"", ""YResolution"": ""216.0""}",
CE-005,EX-062,Screenshot transmission,2024-04-25 12:23:36,,,,C:\Users\thoma\Documents\Cyber Crimes Tools\Takeout Extracted\_forensic_outputs\Case_Presentation_Dark\Integrated_Takeout_With_Images\media\CE-005_Screenshot_2024-04-25_at_12.23.36_PM.jpeg,CE-005_Screenshot_2024-04-25_at_12.23.36_PM.jpeg,254679,87ACA0D3E894949ECDC718C82E88052BE73EC351024D8DF789E0D4B977FBD299,Yes,JPEG,1170,2532,1170x2532,216.0x216.0,216.0,216.0,Matches Elijah iPhone reference dimensions and 216 DPI,"The image pixel dimensions are consistent with the Elijah iPhone reference you provided (1170 x 2532). If DPI is 216, that also matches the reference. This supports device-class consistency but does not by itself identify the physical user.",,,,,,,1,"{""ResolutionUnit"": ""2"", ""Orientation"": ""1"", ""XResolution"": ""216.0"", ""YResolution"": ""216.0""}",
CE-006,EX-063,Screenshot transmission,2024-04-25 12:26:18,,,,C:\Users\thoma\Documents\Cyber Crimes Tools\Takeout Extracted\_forensic_outputs\Case_Presentation_Dark\Integrated_Takeout_With_Images\media\CE-006_Screenshot_2024-04-25_at_12.26.18_PM.jpeg,CE-006_Screenshot_2024-04-25_at_12.26.18_PM.jpeg,210955,BFF7F9C4F04ACF193D74AC50B0C7BB2F2744E42507825CBEDA17D945465A294F,Yes,JPEG,1170,2532,1170x2532,216.0x216.0,216.0,216.0,Matches Elijah iPhone reference dimensions and 216 DPI,"The image pixel dimensions are consistent with the Elijah iPhone reference you provided (1170 x 2532). If DPI is 216, that also matches the reference. This supports device-class consistency but does not by itself identify the physical user.",,,,,,,1,"{""ResolutionUnit"": ""2"", ""Orientation"": ""1"", ""XResolution"": ""216.0"", ""YResolution"": ""216.0""}",
CE-007,EX-064,Screenshot transmission,2024-04-25 12:28:23,2024/04/25 12:28:44,21,Mom,C:\Users\thoma\Documents\Cyber Crimes Tools\Takeout Extracted\_forensic_outputs\Case_Presentation_Dark\Integrated_Takeout_With_Images\media\CE-007_Screenshot_2024-04-25_at_12.28.23_PM.jpeg,CE-007_Screenshot_2024-04-25_at_12.28.23_PM.jpeg,358193,8A3C1943AB7C479A86A55D1F1F2817683753464109DBAFD75530E0C0F0D86A7E,Yes,JPEG,1170,2532,1170x2532,216.0x216.0,216.0,216.0,Matches Elijah iPhone reference dimensions and 216 DPI,"The image pixel dimensions are consistent with the Elijah iPhone reference you provided (1170 x 2532). If DPI is 216, that also matches the reference. This supports device-class consistency but does not by itself identify the physical user.",,,,,,,1,"{""ResolutionUnit"": ""2"", ""Orientation"": ""1"", ""XResolution"": ""216.0"", ""YResolution"": ""216.0""}",
CE-008,EX-065,Screenshot transmission,2024-04-25 12:29:02,2024/04/25 12:29:14,12,Mom,C:\Users\thoma\Documents\Cyber Crimes Tools\Takeout Extracted\_forensic_outputs\Case_Presentation_Dark\Integrated_Takeout_With_Images\media\CE-008_Screenshot_2024-04-25_at_12.29.02_PM.jpeg,CE-008_Screenshot_2024-04-25_at_12.29.02_PM.jpeg,254626,396770C72B2966AEF888BB0ED0D759129E9E1B980E6AFFEB31226FB0DEEE2470,Yes,JPEG,1170,2532,1170x2532,216.0x216.0,216.0,216.0,Matches Elijah iPhone reference dimensions and 216 DPI,"The image pixel dimensions are consistent with the Elijah iPhone reference you provided (1170 x 2532). If DPI is 216, that also matches the reference. This supports device-class consistency but does not by itself identify the physical user.",,,,,,,1,"{""ResolutionUnit"": ""2"", ""Orientation"": ""1"", ""XResolution"": ""216.0"", ""YResolution"": ""216.0""}",
CE-009,EX-066,Screenshot transmission,2024-04-25 12:32:17,2024/04/25 12:32:46,29,Mom,C:\Users\thoma\Documents\Cyber Crimes Tools\Takeout Extracted\_forensic_outputs\Case_Presentation_Dark\Integrated_Takeout_With_Images\media\CE-009_Screenshot_2024-04-25_at_12.32.17_PM.jpeg,CE-009_Screenshot_2024-04-25_at_12.32.17_PM.jpeg,371150,148C2FB4689B1D15679D7BFBC11B57D203715B49EA9AF91D88B080E9547DBB10,Yes,JPEG,1170,2532,1170x2532,216.0x216.0,216.0,216.0,Matches Elijah iPhone reference dimensions and 216 DPI,"The image pixel dimensions are consistent with the Elijah iPhone reference you provided (1170 x 2532). If DPI is 216, that also matches the reference. This supports device-class consistency but does not by itself identify the physical user.",,,,,,,1,"{""ResolutionUnit"": ""2"", ""Orientation"": ""1"", ""XResolution"": ""216.0"", ""YResolution"": ""216.0""}",
CE-010,EX-067,Screenshot transmission,2024-04-25 12:33:27,2024/04/25 12:33:47,20,Mom,C:\Users\thoma\Documents\Cyber Crimes Tools\Takeout Extracted\_forensic_outputs\Case_Presentation_Dark\Integrated_Takeout_With_Images\media\CE-010_Screenshot_2024-04-25_at_12.33.27_PM.jpeg,CE-010_Screenshot_2024-04-25_at_12.33.27_PM.jpeg,320125,843172AFDB5765C9BBDA337C1546020DE4F29A2CBD61045A98475FA481737F0F,Yes,JPEG,1170,2532,1170x2532,216.0x216.0,216.0,216.0,Matches Elijah iPhone reference dimensions and 216 DPI,"The image pixel dimensions are consistent with the Elijah iPhone reference you provided (1170 x 2532). If DPI is 216, that also matches the reference. This supports device-class consistency but does not by itself identify the physical user.",,,,,,,1,"{""ResolutionUnit"": ""2"", ""Orientation"": ""1"", ""XResolution"": ""216.0"", ""YResolution"": ""216.0""}",
CE-011,EX-068,Screenshot transmission,2024-04-25 12:43:03,2024/04/25 12:43:25,22,Mom,C:\Users\thoma\Documents\Cyber Crimes Tools\Takeout Extracted\_forensic_outputs\Case_Presentation_Dark\Integrated_Takeout_With_Images\media\CE-011_Screenshot_2024-04-25_at_12.43.03_PM.jpeg,CE-011_Screenshot_2024-04-25_at_12.43.03_PM.jpeg,184198,057A0756A89DCD96D224EB14A76B4319D4BF1D9BE0E47B1FAD48EF36C0C07C53,Yes,JPEG,1170,2532,1170x2532,216.0x216.0,216.0,216.0,Matches Elijah iPhone reference dimensions and 216 DPI,"The image pixel dimensions are consistent with the Elijah iPhone reference you provided (1170 x 2532). If DPI is 216, that also matches the reference. This supports device-class consistency but does not by itself identify the physical user.",,,,,,,1,"{""ResolutionUnit"": ""2"", ""Orientation"": ""1"", ""XResolution"": ""216.0"", ""YResolution"": ""216.0""}",
CE-012,EX-169,Screenshot transmission,2024-04-25 12:44:13,2024/04/25 12:44:27,14,Mom,C:\Users\thoma\Documents\Cyber Crimes Tools\Takeout Extracted\_forensic_outputs\Case_Presentation_Dark\Integrated_Takeout_With_Images\media\CE-012_Screenshot_2024-04-25_at_12.44.13_PM.jpeg,CE-012_Screenshot_2024-04-25_at_12.44.13_PM.jpeg,214724,E65E6D7F7B4D7CDA7C86121E3EEFF04E52373815D65857742FE5767F99D13A13,Yes,JPEG,1170,2532,1170x2532,216.0x216.0,216.0,216.0,Matches Elijah iPhone reference dimensions and 216 DPI,"The image pixel dimensions are consistent with the Elijah iPhone reference you provided (1170 x 2532). If DPI is 216, that also matches the reference. This supports device-class consistency but does not by itself identify the physical user.",,,,,,,1,"{""ResolutionUnit"": ""2"", ""Orientation"": ""1"", ""XResolution"": ""216.0"", ""YResolution"": ""216.0""}",
CE-013,EX-069,Screenshot transmission,2024-04-25 12:45:10,2024/04/25 12:45:32,22,Mom,C:\Users\thoma\Documents\Cyber Crimes Tools\Takeout Extracted\_forensic_outputs\Case_Presentation_Dark\Integrated_Takeout_With_Images\media\CE-013_Screenshot_2024-04-25_at_12.45.10_PM.jpeg,CE-013_Screenshot_2024-04-25_at_12.45.10_PM.jpeg,277624,2B7F34BDAAA23F44457CB0F40D361BBC447E010217CBD8579F46815DE47A7E17,Yes,JPEG,1170,2532,1170x2532,216.0x216.0,216.0,216.0,Matches Elijah iPhone reference dimensions and 216 DPI,"The image pixel dimensions are consistent with the Elijah iPhone reference you provided (1170 x 2532). If DPI is 216, that also matches the reference. This supports device-class consistency but does not by itself identify the physical user.",,,,,,,1,"{""ResolutionUnit"": ""2"", ""Orientation"": ""1"", ""XResolution"": ""216.0"", ""YResolution"": ""216.0""}",
CE-014,EX-070,Screenshot transmission,2024-04-25 12:46:57,2024/04/25 12:47:10,13,Mom,C:\Users\thoma\Documents\Cyber Crimes Tools\Takeout Extracted\_forensic_outputs\Case_Presentation_Dark\Integrated_Takeout_With_Images\media\CE-014_Screenshot_2024-04-25_at_12.46.57_PM.jpeg,CE-014_Screenshot_2024-04-25_at_12.46.57_PM.jpeg,280822,B965A660654FC5792BA5B5B205DA258A64B8D4ED3594CB4F0D83EA124C6CE3EC,Yes,JPEG,1170,2532,1170x2532,216.0x216.0,216.0,216.0,Matches Elijah iPhone reference dimensions and 216 DPI,"The image pixel dimensions are consistent with the Elijah iPhone reference you provided (1170 x 2532). If DPI is 216, that also matches the reference. This supports device-class consistency but does not by itself identify the physical user.",,,,,,,1,"{""ResolutionUnit"": ""2"", ""Orientation"": ""1"", ""XResolution"": ""216.0"", ""YResolution"": ""216.0""}",
CE-015,EX-071,Screenshot transmission,2024-04-25 12:48:04,2024/04/25 12:48:16,12,Mom,C:\Users\thoma\Documents\Cyber Crimes Tools\Takeout Extracted\_forensic_outputs\Case_Presentation_Dark\Integrated_Takeout_With_Images\media\CE-015_Screenshot_2024-04-25_at_12.48.04_PM.jpeg,CE-015_Screenshot_2024-04-25_at_12.48.04_PM.jpeg,258876,E37C71DB2139BCF3AB031F72A51B351DDC83FC3FD409B4BB1302D4CEBA3E7CF9,Yes,JPEG,1170,2532,1170x2532,216.0x216.0,216.0,216.0,Matches Elijah iPhone reference dimensions and 216 DPI,"The image pixel dimensions are consistent with the Elijah iPhone reference you provided (1170 x 2532). If DPI is 216, that also matches the reference. This supports device-class consistency but does not by itself identify the physical user.",,,,,,,1,"{""ResolutionUnit"": ""2"", ""Orientation"": ""1"", ""XResolution"": ""216.0"", ""YResolution"": ""216.0""}",
CE-016,EX-072,Screenshot transmission,2024-04-25 12:49:10,2024/04/25 12:49:24,14,Mom,C:\Users\thoma\Documents\Cyber Crimes Tools\Takeout Extracted\_forensic_outputs\Case_Presentation_Dark\Integrated_Takeout_With_Images\media\CE-016_Screenshot_2024-04-25_at_12.49.10_PM.jpeg,CE-016_Screenshot_2024-04-25_at_12.49.10_PM.jpeg,306780,3EB14BD68DA5395702E6C59D47D00DDF9ABB3490898DA7C871A46B2471FFDCE9,Yes,JPEG,1170,2532,1170x2532,216.0x216.0,216.0,216.0,Matches Elijah iPhone reference dimensions and 216 DPI,"The image pixel dimensions are consistent with the Elijah iPhone reference you provided (1170 x 2532). If DPI is 216, that also matches the reference. This supports device-class consistency but does not by itself identify the physical user.",,,,,,,1,"{""ResolutionUnit"": ""2"", ""Orientation"": ""1"", ""XResolution"": ""216.0"", ""YResolution"": ""216.0""}",
CE-017,EX-174,Screenshot transmission,2024-04-25 12:50:49,2024/04/25 12:51:02,13,Mom,C:\Users\thoma\Documents\Cyber Crimes Tools\Takeout Extracted\_forensic_outputs\Case_Presentation_Dark\Integrated_Takeout_With_Images\media\CE-017_Screenshot_2024-04-25_at_12.50.49_PM.jpeg,CE-017_Screenshot_2024-04-25_at_12.50.49_PM.jpeg,387040,A64EB2285D62A3AABE20461397EEBFE3F1290DCEFBEA53A78DB187E919CDC329,Yes,JPEG,1170,2532,1170x2532,216.0x216.0,216.0,216.0,Matches Elijah iPhone reference dimensions and 216 DPI,"The image pixel dimensions are consistent with the Elijah iPhone reference you provided (1170 x 2532). If DPI is 216, that also matches the reference. This supports device-class consistency but does not by itself identify the physical user.",,,,,,,1,"{""ResolutionUnit"": ""2"", ""Orientation"": ""1"", ""XResolution"": ""216.0"", ""YResolution"": ""216.0""}",
CE-018,EX-073,Screenshot transmission,2024-04-25 12:54:32,2024/04/25 12:54:44,12,Mom,C:\Users\thoma\Documents\Cyber Crimes Tools\Takeout Extracted\_forensic_outputs\Case_Presentation_Dark\Integrated_Takeout_With_Images\media\CE-018_Screenshot_2024-04-25_at_12.54.32_PM.jpeg,CE-018_Screenshot_2024-04-25_at_12.54.32_PM.jpeg,584864,9BB9AA3EC59B4717E3FAC9BED9650A5BE6120C087CCDF18F999985A2CBCDC0B9,Yes,JPEG,1170,2532,1170x2532,216.0x216.0,216.0,216.0,Matches Elijah iPhone reference dimensions and 216 DPI,"The image pixel dimensions are consistent with the Elijah iPhone reference you provided (1170 x 2532). If DPI is 216, that also matches the reference. This supports device-class consistency but does not by itself identify the physical user.",,,,,,,1,"{""ResolutionUnit"": ""2"", ""Orientation"": ""1"", ""XResolution"": ""216.0"", ""YResolution"": ""216.0""}",
CE-019,EX-074,Screenshot transmission,2024-04-25 12:56:09,2024/04/25 12:56:24,15,Mom,C:\Users\thoma\Documents\Cyber Crimes Tools\Takeout Extracted\_forensic_outputs\Case_Presentation_Dark\Integrated_Takeout_With_Images\media\CE-019_Screenshot_2024-04-25_at_12.56.09_PM.jpeg,CE-019_Screenshot_2024-04-25_at_12.56.09_PM.jpeg,437572,68596B884DC01D9467A30A0193F8763795AD998B4ACCC204B615A7B13F95369E,Yes,JPEG,1170,2532,1170x2532,216.0x216.0,216.0,216.0,Matches Elijah iPhone reference dimensions and 216 DPI,"The image pixel dimensions are consistent with the Elijah iPhone reference you provided (1170 x 2532). If DPI is 216, that also matches the reference. This supports device-class consistency but does not by itself identify the physical user.",,,,,,,1,"{""ResolutionUnit"": ""2"", ""Orientation"": ""1"", ""XResolution"": ""216.0"", ""YResolution"": ""216.0""}",
CE-020,EX-075,Screenshot transmission,2024-04-25 12:56:37,2024/04/25 12:56:47,10,Mom,C:\Users\thoma\Documents\Cyber Crimes Tools\Takeout Extracted\_forensic_outputs\Case_Presentation_Dark\Integrated_Takeout_With_Images\media\CE-020_Screenshot_2024-04-25_at_12.56.37_PM.jpeg,CE-020_Screenshot_2024-04-25_at_12.56.37_PM.jpeg,327981,58F7081EF73C5B5C64DE77F726BAE14007AF0313A2B421D3A931F4142B06A901,Yes,JPEG,1170,2532,1170x2532,216.0x216.0,216.0,216.0,Matches Elijah iPhone reference dimensions and 216 DPI,"The image pixel dimensions are consistent with the Elijah iPhone reference you provided (1170 x 2532). If DPI is 216, that also matches the reference. This supports device-class consistency but does not by itself identify the physical user.",,,,,,,1,"{""ResolutionUnit"": ""2"", ""Orientation"": ""1"", ""XResolution"": ""216.0"", ""YResolution"": ""216.0""}",
CE-021,EX-005,Screenshot transmission,2024-04-25 13:04:21,2024/04/25 13:04:36,15,Mom,C:\Users\thoma\Documents\Cyber Crimes Tools\Takeout Extracted\_forensic_outputs\Case_Presentation_Dark\Integrated_Takeout_With_Images\media\CE-021_Screenshot_2024-04-25_at_1.04.21_PM.jpeg,CE-021_Screenshot_2024-04-25_at_1.04.21_PM.jpeg,400260,3A938F424C9BF895F7E40D6741D045645E5B92129D989B74B6F7CF86C0F84B7D,Yes,JPEG,1170,2532,1170x2532,216.0x216.0,216.0,216.0,Matches Elijah iPhone reference dimensions and 216 DPI,"The image pixel dimensions are consistent with the Elijah iPhone reference you provided (1170 x 2532). If DPI is 216, that also matches the reference. This supports device-class consistency but does not by itself identify the physical user.",,,,,,,1,"{""ResolutionUnit"": ""2"", ""Orientation"": ""1"", ""XResolution"": ""216.0"", ""YResolution"": ""216.0""}",
CE-022,EX-006,Screenshot transmission,2024-04-25 13:04:58,2024/04/25 13:05:10,12,Mom,C:\Users\thoma\Documents\Cyber Crimes Tools\Takeout Extracted\_forensic_outputs\Case_Presentation_Dark\Integrated_Takeout_With_Images\media\CE-022_Screenshot_2024-04-25_at_1.04.58_PM.jpeg,CE-022_Screenshot_2024-04-25_at_1.04.58_PM.jpeg,530026,61AB907196D745510298A8CAB61A2E9745B519219A3BF22653F0FE35A6422657,Yes,JPEG,1170,2532,1170x2532,216.0x216.0,216.0,216.0,Matches Elijah iPhone reference dimensions and 216 DPI,"The image pixel dimensions are consistent with the Elijah iPhone reference you provided (1170 x 2532). If DPI is 216, that also matches the reference. This supports device-class consistency but does not by itself identify the physical user.",,,,,,,1,"{""ResolutionUnit"": ""2"", ""Orientation"": ""1"", ""XResolution"": ""216.0"", ""YResolution"": ""216.0""}",
CE-023,EX-007,Screenshot transmission,2024-04-25 13:06:02,2024/04/25 13:06:20,18,Mom,C:\Users\thoma\Documents\Cyber Crimes Tools\Takeout Extracted\_forensic_outputs\Case_Presentation_Dark\Integrated_Takeout_With_Images\media\CE-023_Screenshot_2024-04-25_at_1.06.02_PM.jpeg,CE-023_Screenshot_2024-04-25_at_1.06.02_PM.jpeg,248572,C714504AF995F2621EAF40A600E81938D9EFD3305ACB00404DA39A092E84097F,Yes,JPEG,1170,2532,1170x2532,216.0x216.0,216.0,216.0,Matches Elijah iPhone reference dimensions and 216 DPI,"The image pixel dimensions are consistent with the Elijah iPhone reference you provided (1170 x 2532). If DPI is 216, that also matches the reference. This supports device-class consistency but does not by itself identify the physical user.",,,,,,,1,"{""ResolutionUnit"": ""2"", ""Orientation"": ""1"", ""XResolution"": ""216.0"", ""YResolution"": ""216.0""}",
CE-024,EX-107,Screenshot transmission,2024-04-25 13:06:27,2024/04/25 13:06:39,12,Mom,C:\Users\thoma\Documents\Cyber Crimes Tools\Takeout Extracted\_forensic_outputs\Case_Presentation_Dark\Integrated_Takeout_With_Images\media\CE-024_Screenshot_2024-04-25_at_1.06.27_PM.jpeg,CE-024_Screenshot_2024-04-25_at_1.06.27_PM.jpeg,258085,036DF25AEAD5F44FAD8EC9A0371BC5E32D2CE021FAFD1A243B5F2B2C8985DA4C,Yes,JPEG,1170,2532,1170x2532,216.0x216.0,216.0,216.0,Matches Elijah iPhone reference dimensions and 216 DPI,"The image pixel dimensions are consistent with the Elijah iPhone reference you provided (1170 x 2532). If DPI is 216, that also matches the reference. This supports device-class consistency but does not by itself identify the physical user.",,,,,,,1,"{""ResolutionUnit"": ""2"", ""Orientation"": ""1"", ""XResolution"": ""216.0"", ""YResolution"": ""216.0""}",
CE-025,EX-008,Screenshot transmission,2024-04-25 13:09:50,2024/04/25 13:10:13,23,Mom,C:\Users\thoma\Documents\Cyber Crimes Tools\Takeout Extracted\_forensic_outputs\Case_Presentation_Dark\Integrated_Takeout_With_Images\media\CE-025_Screenshot_2024-04-25_at_1.09.50_PM.jpeg,CE-025_Screenshot_2024-04-25_at_1.09.50_PM.jpeg,355374,33F499A9943BD22BD4F156D74868451E2040EDB9A7181DC0578F606D4EF2D207,Yes,JPEG,1170,2532,1170x2532,216.0x216.0,216.0,216.0,Matches Elijah iPhone reference dimensions and 216 DPI,"The image pixel dimensions are consistent with the Elijah iPhone reference you provided (1170 x 2532). If DPI is 216, that also matches the reference. This supports device-class consistency but does not by itself identify the physical user.",,,,,,,1,"{""ResolutionUnit"": ""2"", ""Orientation"": ""1"", ""XResolution"": ""216.0"", ""YResolution"": ""216.0""}",
CE-026,EX-009,Screenshot transmission,2024-04-25 13:10:25,2024/04/25 13:10:46,21,Mom,C:\Users\thoma\Documents\Cyber Crimes Tools\Takeout Extracted\_forensic_outputs\Case_Presentation_Dark\Integrated_Takeout_With_Images\media\CE-026_Screenshot_2024-04-25_at_1.10.25_PM.jpeg,CE-026_Screenshot_2024-04-25_at_1.10.25_PM.jpeg,427729,9AE509BCDFEFB45C575920D0F200D8C685689DE8CDB460083484B78D31A4D5E2,Yes,JPEG,1170,2532,1170x2532,216.0x216.0,216.0,216.0,Matches Elijah iPhone reference dimensions and 216 DPI,"The image pixel dimensions are consistent with the Elijah iPhone reference you provided (1170 x 2532). If DPI is 216, that also matches the reference. This supports device-class consistency but does not by itself identify the physical user.",,,,,,,1,"{""ResolutionUnit"": ""2"", ""Orientation"": ""1"", ""XResolution"": ""216.0"", ""YResolution"": ""216.0""}",
CE-027,EX-010,Screenshot transmission,2024-04-25 13:11:40,2024/04/25 13:11:53,13,Mom,C:\Users\thoma\Documents\Cyber Crimes Tools\Takeout Extracted\_forensic_outputs\Case_Presentation_Dark\Integrated_Takeout_With_Images\media\CE-027_Screenshot_2024-04-25_at_1.11.40_PM.jpeg,CE-027_Screenshot_2024-04-25_at_1.11.40_PM.jpeg,201500,8A35D288F1B82412F66F8517115F2229D6D535DF29A062F7DF8CABC01A697AB8,Yes,JPEG,1170,2532,1170x2532,216.0x216.0,216.0,216.0,Matches Elijah iPhone reference dimensions and 216 DPI,"The image pixel dimensions are consistent with the Elijah iPhone reference you provided (1170 x 2532). If DPI is 216, that also matches the reference. This supports device-class consistency but does not by itself identify the physical user.",,,,,,,1,"{""ResolutionUnit"": ""2"", ""Orientation"": ""1"", ""XResolution"": ""216.0"", ""YResolution"": ""216.0""}",
CE-028,EX-011,Screenshot transmission,2024-04-25 13:13:10,2024/04/25 13:13:21,11,Mom,C:\Users\thoma\Documents\Cyber Crimes Tools\Takeout Extracted\_forensic_outputs\Case_Presentation_Dark\Integrated_Takeout_With_Images\media\CE-028_Screenshot_2024-04-25_at_1.13.10_PM.jpeg,CE-028_Screenshot_2024-04-25_at_1.13.10_PM.jpeg,271773,CDD7BE210D29397734E011A95617645CBF731D8BA5BB7666569FA423850DD489,Yes,JPEG,1170,2532,1170x2532,216.0x216.0,216.0,216.0,Matches Elijah iPhone reference dimensions and 216 DPI,"The image pixel dimensions are consistent with the Elijah iPhone reference you provided (1170 x 2532). If DPI is 216, that also matches the reference. This supports device-class consistency but does not by itself identify the physical user.",,,,,,,1,"{""ResolutionUnit"": ""2"", ""Orientation"": ""1"", ""XResolution"": ""216.0"", ""YResolution"": ""216.0""}",
CE-029,EX-012,Screenshot transmission,2024-04-25 13:15:21,2024/04/25 13:15:31,10,Mom,C:\Users\thoma\Documents\Cyber Crimes Tools\Takeout Extracted\_forensic_outputs\Case_Presentation_Dark\Integrated_Takeout_With_Images\media\CE-029_Screenshot_2024-04-25_at_1.15.21_PM.jpeg,CE-029_Screenshot_2024-04-25_at_1.15.21_PM.jpeg,423399,F3B09A62C3D4504A738647E515901C58DABBB0A84E047A2CAF0BD7433F996C5F,Yes,JPEG,1170,2532,1170x2532,216.0x216.0,216.0,216.0,Matches Elijah iPhone reference dimensions and 216 DPI,"The image pixel dimensions are consistent with the Elijah iPhone reference you provided (1170 x 2532). If DPI is 216, that also matches the reference. This supports device-class consistency but does not by itself identify the physical user.",,,,,,,1,"{""ResolutionUnit"": ""2"", ""Orientation"": ""1"", ""XResolution"": ""216.0"", ""YResolution"": ""216.0""}",
CE-030,EX-013,Screenshot transmission,2024-04-25 13:21:58,2024/04/25 13:22:07,9,Mom,C:\Users\thoma\Documents\Cyber Crimes Tools\Takeout Extracted\_forensic_outputs\Case_Presentation_Dark\Integrated_Takeout_With_Images\media\CE-030_Screenshot_2024-04-25_at_1.21.58_PM.jpeg,CE-030_Screenshot_2024-04-25_at_1.21.58_PM.jpeg,342510,9668435AF5C8CE1928F7331960DAE4AF3F63E3607D166C87508CFFBC9EDC2E59,Yes,JPEG,1170,2532,1170x2532,216.0x216.0,216.0,216.0,Matches Elijah iPhone reference dimensions and 216 DPI,"The image pixel dimensions are consistent with the Elijah iPhone reference you provided (1170 x 2532). If DPI is 216, that also matches the reference. This supports device-class consistency but does not by itself identify the physical user.",,,,,,,1,"{""ResolutionUnit"": ""2"", ""Orientation"": ""1"", ""XResolution"": ""216.0"", ""YResolution"": ""216.0""}",
CE-031,EX-014,Screenshot transmission,2024-04-25 13:22:22,2024/04/25 13:22:32,10,Mom,C:\Users\thoma\Documents\Cyber Crimes Tools\Takeout Extracted\_forensic_outputs\Case_Presentation_Dark\Integrated_Takeout_With_Images\media\CE-031_Screenshot_2024-04-25_at_1.22.22_PM.jpeg,CE-031_Screenshot_2024-04-25_at_1.22.22_PM.jpeg,377323,037092AA867AFCBF28B8F84B21FBAD5FEAC56D31FE70FE82C5137D2A126BC47A,Yes,JPEG,1170,2532,1170x2532,216.0x216.0,216.0,216.0,Matches Elijah iPhone reference dimensions and 216 DPI,"The image pixel dimensions are consistent with the Elijah iPhone reference you provided (1170 x 2532). If DPI is 216, that also matches the reference. This supports device-class consistency but does not by itself identify the physical user.",,,,,,,1,"{""ResolutionUnit"": ""2"", ""Orientation"": ""1"", ""XResolution"": ""216.0"", ""YResolution"": ""216.0""}",
CE-032,EX-015,Screenshot transmission,2024-04-25 13:22:38,2024/04/25 13:22:50,12,Mom,C:\Users\thoma\Documents\Cyber Crimes Tools\Takeout Extracted\_forensic_outputs\Case_Presentation_Dark\Integrated_Takeout_With_Images\media\CE-032_Screenshot_2024-04-25_at_1.22.38_PM.jpeg,CE-032_Screenshot_2024-04-25_at_1.22.38_PM.jpeg,358088,C2BC371575A8B3696F029E3CBEBDED5077AA8C36AEF684FD27CF8BE83CC5FC65,Yes,JPEG,1170,2532,1170x2532,216.0x216.0,216.0,216.0,Matches Elijah iPhone reference dimensions and 216 DPI,"The image pixel dimensions are consistent with the Elijah iPhone reference you provided (1170 x 2532). If DPI is 216, that also matches the reference. This supports device-class consistency but does not by itself identify the physical user.",,,,,,,1,"{""ResolutionUnit"": ""2"", ""Orientation"": ""1"", ""XResolution"": ""216.0"", ""YResolution"": ""216.0""}",
CE-033,EX-016,Screenshot transmission,2024-04-25 13:27:00,2024/04/25 13:27:09,9,Mom,C:\Users\thoma\Documents\Cyber Crimes Tools\Takeout Extracted\_forensic_outputs\Case_Presentation_Dark\Integrated_Takeout_With_Images\media\CE-033_Screenshot_2024-04-25_at_1.27.00_PM.jpeg,CE-033_Screenshot_2024-04-25_at_1.27.00_PM.jpeg,360310,1F9BC9040D32240B00D255F9B43703E3D990D9D0F922959CF6F280FDEB9C0002,Yes,JPEG,1170,2532,1170x2532,216.0x216.0,216.0,216.0,Matches Elijah iPhone reference dimensions and 216 DPI,"The image pixel dimensions are consistent with the Elijah iPhone reference you provided (1170 x 2532). If DPI is 216, that also matches the reference. This supports device-class consistency but does not by itself identify the physical user.",,,,,,,1,"{""ResolutionUnit"": ""2"", ""Orientation"": ""1"", ""XResolution"": ""216.0"", ""YResolution"": ""216.0""}",
CE-034,EX-017,Screenshot transmission,2024-04-25 13:28:40,2024/04/25 13:28:54,14,Mom,C:\Users\thoma\Documents\Cyber Crimes Tools\Takeout Extracted\_forensic_outputs\Case_Presentation_Dark\Integrated_Takeout_With_Images\media\CE-034_Screenshot_2024-04-25_at_1.28.40_PM.jpeg,CE-034_Screenshot_2024-04-25_at_1.28.40_PM.jpeg,508395,41AD0F0E244E8F91A8B2E4319442C3C41697F799116BBF5AB6F85F86EE545EF2,Yes,JPEG,1170,2532,1170x2532,216.0x216.0,216.0,216.0,Matches Elijah iPhone reference dimensions and 216 DPI,"The image pixel dimensions are consistent with the Elijah iPhone reference you provided (1170 x 2532). If DPI is 216, that also matches the reference. This supports device-class consistency but does not by itself identify the physical user.",,,,,,,1,"{""ResolutionUnit"": ""2"", ""Orientation"": ""1"", ""XResolution"": ""216.0"", ""YResolution"": ""216.0""}",
CE-035,EX-018,Screenshot transmission,2024-04-25 13:32:13,2024/04/25 13:32:26,13,Mom,C:\Users\thoma\Documents\Cyber Crimes Tools\Takeout Extracted\_forensic_outputs\Case_Presentation_Dark\Integrated_Takeout_With_Images\media\CE-035_Screenshot_2024-04-25_at_1.32.13_PM.jpeg,CE-035_Screenshot_2024-04-25_at_1.32.13_PM.jpeg,351122,014EC7454084A20B550C320138D52B93237FD05924CA7E188C2539B6D26609ED,Yes,JPEG,1170,2532,1170x2532,216.0x216.0,216.0,216.0,Matches Elijah iPhone reference dimensions and 216 DPI,"The image pixel dimensions are consistent with the Elijah iPhone reference you provided (1170 x 2532). If DPI is 216, that also matches the reference. This supports device-class consistency but does not by itself identify the physical user.",,,,,,,1,"{""ResolutionUnit"": ""2"", ""Orientation"": ""1"", ""XResolution"": ""216.0"", ""YResolution"": ""216.0""}",
CE-036,EX-019,Screenshot transmission,2024-04-25 13:33:56,2024/04/25 13:34:08,12,Mom,C:\Users\thoma\Documents\Cyber Crimes Tools\Takeout Extracted\_forensic_outputs\Case_Presentation_Dark\Integrated_Takeout_With_Images\media\CE-036_Screenshot_2024-04-25_at_1.33.56_PM.jpeg,CE-036_Screenshot_2024-04-25_at_1.33.56_PM.jpeg,318885,C39404192A932D0472A378A09B9E7C967DD7F4458DD972AC8BC1EFC9C257DB72,Yes,JPEG,1170,2532,1170x2532,216.0x216.0,216.0,216.0,Matches Elijah iPhone reference dimensions and 216 DPI,"The image pixel dimensions are consistent with the Elijah iPhone reference you provided (1170 x 2532). If DPI is 216, that also matches the reference. This supports device-class consistency but does not by itself identify the physical user.",,,,,,,1,"{""ResolutionUnit"": ""2"", ""Orientation"": ""1"", ""XResolution"": ""216.0"", ""YResolution"": ""216.0""}",
CE-037,EX-020,Screenshot transmission,2024-04-25 13:34:38,2024/04/25 13:34:48,10,Mom,C:\Users\thoma\Documents\Cyber Crimes Tools\Takeout Extracted\_forensic_outputs\Case_Presentation_Dark\Integrated_Takeout_With_Images\media\CE-037_Screenshot_2024-04-25_at_1.34.38_PM.jpeg,CE-037_Screenshot_2024-04-25_at_1.34.38_PM.jpeg,409098,20BFFCCFB6B51796DFDF11513F7C3F74A2792FBE6BFFD7E315AC918B9BAAE43F,Yes,JPEG,1170,2532,1170x2532,216.0x216.0,216.0,216.0,Matches Elijah iPhone reference dimensions and 216 DPI,"The image pixel dimensions are consistent with the Elijah iPhone reference you provided (1170 x 2532). If DPI is 216, that also matches the reference. This supports device-class consistency but does not by itself identify the physical user.",,,,,,,1,"{""ResolutionUnit"": ""2"", ""Orientation"": ""1"", ""XResolution"": ""216.0"", ""YResolution"": ""216.0""}",
CE-038,EX-021,Screenshot transmission,2024-04-25 13:35:14,2024/04/25 13:35:24,10,Mom,C:\Users\thoma\Documents\Cyber Crimes Tools\Takeout Extracted\_forensic_outputs\Case_Presentation_Dark\Integrated_Takeout_With_Images\media\CE-038_Screenshot_2024-04-25_at_1.35.14_PM.jpeg,CE-038_Screenshot_2024-04-25_at_1.35.14_PM.jpeg,403119,8D710CA80CEA9D50BADAF7D6055930C414FEA7339B6A92C23648B2FFD001C863,Yes,JPEG,1170,2532,1170x2532,216.0x216.0,216.0,216.0,Matches Elijah iPhone reference dimensions and 216 DPI,"The image pixel dimensions are consistent with the Elijah iPhone reference you provided (1170 x 2532). If DPI is 216, that also matches the reference. This supports device-class consistency but does not by itself identify the physical user.",,,,,,,1,"{""ResolutionUnit"": ""2"", ""Orientation"": ""1"", ""XResolution"": ""216.0"", ""YResolution"": ""216.0""}",
CE-039,EX-022,Screenshot transmission,2024-04-25 13:35:47,2024/04/25 13:36:05,18,Mom,C:\Users\thoma\Documents\Cyber Crimes Tools\Takeout Extracted\_forensic_outputs\Case_Presentation_Dark\Integrated_Takeout_With_Images\media\CE-039_Screenshot_2024-04-25_at_1.35.47_PM.jpeg,CE-039_Screenshot_2024-04-25_at_1.35.47_PM.jpeg,378163,0EDE8EB2DECD6A6CC81B6A3112533B46948E28240B1C23EAD6B5E2A080C1CF63,Yes,JPEG,1170,2532,1170x2532,216.0x216.0,216.0,216.0,Matches Elijah iPhone reference dimensions and 216 DPI,"The image pixel dimensions are consistent with the Elijah iPhone reference you provided (1170 x 2532). If DPI is 216, that also matches the reference. This supports device-class consistency but does not by itself identify the physical user.",,,,,,,1,"{""ResolutionUnit"": ""2"", ""Orientation"": ""1"", ""XResolution"": ""216.0"", ""YResolution"": ""216.0""}",
CE-040,EX-023,Screenshot transmission,2024-04-25 13:36:59,2024/04/25 13:37:09,10,Mom,C:\Users\thoma\Documents\Cyber Crimes Tools\Takeout Extracted\_forensic_outputs\Case_Presentation_Dark\Integrated_Takeout_With_Images\media\CE-040_Screenshot_2024-04-25_at_1.36.59_PM.jpeg,CE-040_Screenshot_2024-04-25_at_1.36.59_PM.jpeg,319592,0FF3C518A818A3D39530D38621DA6756A865DEEF9FDA700431258EF04521959C,Yes,JPEG,1170,2532,1170x2532,216.0x216.0,216.0,216.0,Matches Elijah iPhone reference dimensions and 216 DPI,"The image pixel dimensions are consistent with the Elijah iPhone reference you provided (1170 x 2532). If DPI is 216, that also matches the reference. This supports device-class consistency but does not by itself identify the physical user.",,,,,,,1,"{""ResolutionUnit"": ""2"", ""Orientation"": ""1"", ""XResolution"": ""216.0"", ""YResolution"": ""216.0""}",
CE-041,EX-024,Screenshot transmission,2024-04-25 13:38:30,2024/04/25 13:38:40,10,Mom,C:\Users\thoma\Documents\Cyber Crimes Tools\Takeout Extracted\_forensic_outputs\Case_Presentation_Dark\Integrated_Takeout_With_Images\media\CE-041_Screenshot_2024-04-25_at_1.38.30_PM.jpeg,CE-041_Screenshot_2024-04-25_at_1.38.30_PM.jpeg,325272,3B8A0C06DB642431E11E7FE9A16E10E571D2CB5AD05515B7CC9C2EBFC4D11DB3,Yes,JPEG,1170,2532,1170x2532,216.0x216.0,216.0,216.0,Matches Elijah iPhone reference dimensions and 216 DPI,"The image pixel dimensions are consistent with the Elijah iPhone reference you provided (1170 x 2532). If DPI is 216, that also matches the reference. This supports device-class consistency but does not by itself identify the physical user.",,,,,,,1,"{""ResolutionUnit"": ""2"", ""Orientation"": ""1"", ""XResolution"": ""216.0"", ""YResolution"": ""216.0""}",
CE-042,EX-025,Screenshot transmission,2024-04-25 13:42:06,2024/04/25 13:42:17,11,Mom,C:\Users\thoma\Documents\Cyber Crimes Tools\Takeout Extracted\_forensic_outputs\Case_Presentation_Dark\Integrated_Takeout_With_Images\media\CE-042_Screenshot_2024-04-25_at_1.42.06_PM.jpeg,CE-042_Screenshot_2024-04-25_at_1.42.06_PM.jpeg,328563,73B05DA4096E7B71063940D3FCA9938CC6746F2E07EEBA41F18AC5C703BE5FC0,Yes,JPEG,1170,2532,1170x2532,216.0x216.0,216.0,216.0,Matches Elijah iPhone reference dimensions and 216 DPI,"The image pixel dimensions are consistent with the Elijah iPhone reference you provided (1170 x 2532). If DPI is 216, that also matches the reference. This supports device-class consistency but does not by itself identify the physical user.",,,,,,,1,"{""ResolutionUnit"": ""2"", ""Orientation"": ""1"", ""XResolution"": ""216.0"", ""YResolution"": ""216.0""}",
CE-043,EX-026,Screenshot transmission,2024-04-25 13:42:25,2024/04/25 13:42:36,11,Mom,C:\Users\thoma\Documents\Cyber Crimes Tools\Takeout Extracted\_forensic_outputs\Case_Presentation_Dark\Integrated_Takeout_With_Images\media\CE-043_Screenshot_2024-04-25_at_1.42.25_PM.jpeg,CE-043_Screenshot_2024-04-25_at_1.42.25_PM.jpeg,312118,337C940FB800E1480348D9DC9C61425F9E6667065F24C99AA1F2386DE194227C,Yes,JPEG,1170,2532,1170x2532,216.0x216.0,216.0,216.0,Matches Elijah iPhone reference dimensions and 216 DPI,"The image pixel dimensions are consistent with the Elijah iPhone reference you provided (1170 x 2532). If DPI is 216, that also matches the reference. This supports device-class consistency but does not by itself identify the physical user.",,,,,,,1,"{""ResolutionUnit"": ""2"", ""Orientation"": ""1"", ""XResolution"": ""216.0"", ""YResolution"": ""216.0""}",
CE-044,EX-027,Screenshot transmission,2024-04-25 13:42:44,2024/04/25 13:42:55,11,Mom,C:\Users\thoma\Documents\Cyber Crimes Tools\Takeout Extracted\_forensic_outputs\Case_Presentation_Dark\Integrated_Takeout_With_Images\media\CE-044_Screenshot_2024-04-25_at_1.42.44_PM.jpeg,CE-044_Screenshot_2024-04-25_at_1.42.44_PM.jpeg,332161,46D080556ED37FF9DBA69C21E359DA70321A9AA89C7577B73F36A29D9387063A,Yes,JPEG,1170,2532,1170x2532,216.0x216.0,216.0,216.0,Matches Elijah iPhone reference dimensions and 216 DPI,"The image pixel dimensions are consistent with the Elijah iPhone reference you provided (1170 x 2532). If DPI is 216, that also matches the reference. This supports device-class consistency but does not by itself identify the physical user.",,,,,,,1,"{""ResolutionUnit"": ""2"", ""Orientation"": ""1"", ""XResolution"": ""216.0"", ""YResolution"": ""216.0""}",
CE-045,EX-028,Screenshot transmission,2024-04-25 13:43:04,2024/04/25 13:43:15,11,Mom,C:\Users\thoma\Documents\Cyber Crimes Tools\Takeout Extracted\_forensic_outputs\Case_Presentation_Dark\Integrated_Takeout_With_Images\media\CE-045_Screenshot_2024-04-25_at_1.43.04_PM.jpeg,CE-045_Screenshot_2024-04-25_at_1.43.04_PM.jpeg,326585,35674146F6F00298CCF82D0B374A760F0A1CC9F24EBD5AACF7C9610B0805D61E,Yes,JPEG,1170,2532,1170x2532,216.0x216.0,216.0,216.0,Matches Elijah iPhone reference dimensions and 216 DPI,"The image pixel dimensions are consistent with the Elijah iPhone reference you provided (1170 x 2532). If DPI is 216, that also matches the reference. This supports device-class consistency but does not by itself identify the physical user.",,,,,,,1,"{""ResolutionUnit"": ""2"", ""Orientation"": ""1"", ""XResolution"": ""216.0"", ""YResolution"": ""216.0""}",
CE-046,EX-029,Screenshot transmission,2024-04-25 13:43:40,2024/04/25 13:43:53,13,Mom,C:\Users\thoma\Documents\Cyber Crimes Tools\Takeout Extracted\_forensic_outputs\Case_Presentation_Dark\Integrated_Takeout_With_Images\media\CE-046_Screenshot_2024-04-25_at_1.43.40_PM.jpeg,CE-046_Screenshot_2024-04-25_at_1.43.40_PM.jpeg,361952,D2A6F6B10E2513BA774922749255C849B0FD0AA5C41CC4F1181A1C8A90C4770A,Yes,JPEG,1170,2532,1170x2532,216.0x216.0,216.0,216.0,Matches Elijah iPhone reference dimensions and 216 DPI,"The image pixel dimensions are consistent with the Elijah iPhone reference you provided (1170 x 2532). If DPI is 216, that also matches the reference. This supports device-class consistency but does not by itself identify the physical user.",,,,,,,1,"{""ResolutionUnit"": ""2"", ""Orientation"": ""1"", ""XResolution"": ""216.0"", ""YResolution"": ""216.0""}",
CE-047,EX-030,Screenshot transmission,2024-04-25 13:48:49,2024/04/25 13:49:02,13,Mom,C:\Users\thoma\Documents\Cyber Crimes Tools\Takeout Extracted\_forensic_outputs\Case_Presentation_Dark\Integrated_Takeout_With_Images\media\CE-047_Screenshot_2024-04-25_at_1.48.49_PM.jpeg,CE-047_Screenshot_2024-04-25_at_1.48.49_PM.jpeg,455190,5DC86CD922AE9D35D1753CF33AC99AF68861DBFB5829DD915638F10FA401DA20,Yes,JPEG,1170,2532,1170x2532,216.0x216.0,216.0,216.0,Matches Elijah iPhone reference dimensions and 216 DPI,"The image pixel dimensions are consistent with the Elijah iPhone reference you provided (1170 x 2532). If DPI is 216, that also matches the reference. This supports device-class consistency but does not by itself identify the physical user.",,,,,,,1,"{""ResolutionUnit"": ""2"", ""Orientation"": ""1"", ""XResolution"": ""216.0"", ""YResolution"": ""216.0""}",
CE-048,EX-031,Screenshot transmission,2024-04-25 13:49:10,2024/04/25 13:49:20,10,Mom,C:\Users\thoma\Documents\Cyber Crimes Tools\Takeout Extracted\_forensic_outputs\Case_Presentation_Dark\Integrated_Takeout_With_Images\media\CE-048_Screenshot_2024-04-25_at_1.49.10_PM.jpeg,CE-048_Screenshot_2024-04-25_at_1.49.10_PM.jpeg,472588,CB8075338891B4A95133AECDE1D52F3C20CEC60420DB5FDFA9BD641D17833035,Yes,JPEG,1170,2532,1170x2532,216.0x216.0,216.0,216.0,Matches Elijah iPhone reference dimensions and 216 DPI,"The image pixel dimensions are consistent with the Elijah iPhone reference you provided (1170 x 2532). If DPI is 216, that also matches the reference. This supports device-class consistency but does not by itself identify the physical user.",,,,,,,1,"{""ResolutionUnit"": ""2"", ""Orientation"": ""1"", ""XResolution"": ""216.0"", ""YResolution"": ""216.0""}",
CE-049,EX-032,Screenshot transmission,2024-04-25 13:49:27,2024/04/25 13:49:37,10,Mom,C:\Users\thoma\Documents\Cyber Crimes Tools\Takeout Extracted\_forensic_outputs\Case_Presentation_Dark\Integrated_Takeout_With_Images\media\CE-049_Screenshot_2024-04-25_at_1.49.27_PM.jpeg,CE-049_Screenshot_2024-04-25_at_1.49.27_PM.jpeg,557918,763A60BBDF8873FD32099B20C8B866590501A9CC201CCF32C7B6F7ED81F6EF6E,Yes,JPEG,1170,2532,1170x2532,216.0x216.0,216.0,216.0,Matches Elijah iPhone reference dimensions and 216 DPI,"The image pixel dimensions are consistent with the Elijah iPhone reference you provided (1170 x 2532). If DPI is 216, that also matches the reference. This supports device-class consistency but does not by itself identify the physical user.",,,,,,,1,"{""ResolutionUnit"": ""2"", ""Orientation"": ""1"", ""XResolution"": ""216.0"", ""YResolution"": ""216.0""}",
CE-050,EX-033,Screenshot transmission,2024-04-25 13:49:43,2024/04/25 13:49:51,8,Mom,C:\Users\thoma\Documents\Cyber Crimes Tools\Takeout Extracted\_forensic_outputs\Case_Presentation_Dark\Integrated_Takeout_With_Images\media\CE-050_Screenshot_2024-04-25_at_1.49.43_PM.jpeg,CE-050_Screenshot_2024-04-25_at_1.49.43_PM.jpeg,536012,43B14BE2804DAC3DB40B537E5EB270998AFE3EB45A88DE5CDB57600B22ED3554,Yes,JPEG,1170,2532,1170x2532,216.0x216.0,216.0,216.0,Matches Elijah iPhone reference dimensions and 216 DPI,"The image pixel dimensions are consistent with the Elijah iPhone reference you provided (1170 x 2532). If DPI is 216, that also matches the reference. This supports device-class consistency but does not by itself identify the physical user.",,,,,,,1,"{""ResolutionUnit"": ""2"", ""Orientation"": ""1"", ""XResolution"": ""216.0"", ""YResolution"": ""216.0""}",
CE-051,EX-034,Screenshot transmission,2024-04-25 13:49:58,2024/04/25 13:50:08,10,Mom,C:\Users\thoma\Documents\Cyber Crimes Tools\Takeout Extracted\_forensic_outputs\Case_Presentation_Dark\Integrated_Takeout_With_Images\media\CE-051_Screenshot_2024-04-25_at_1.49.58_PM.jpeg,CE-051_Screenshot_2024-04-25_at_1.49.58_PM.jpeg,493673,65F500555A302B32D25D24F07F11552FED9449909760FFE5698D03F15D71353B,Yes,JPEG,1170,2532,1170x2532,216.0x216.0,216.0,216.0,Matches Elijah iPhone reference dimensions and 216 DPI,"The image pixel dimensions are consistent with the Elijah iPhone reference you provided (1170 x 2532). If DPI is 216, that also matches the reference. This supports device-class consistency but does not by itself identify the physical user.",,,,,,,1,"{""ResolutionUnit"": ""2"", ""Orientation"": ""1"", ""XResolution"": ""216.0"", ""YResolution"": ""216.0""}",
CE-052,EX-035,Screenshot transmission,2024-04-25 13:50:23,2024/04/25 13:50:34,11,Mom,C:\Users\thoma\Documents\Cyber Crimes Tools\Takeout Extracted\_forensic_outputs\Case_Presentation_Dark\Integrated_Takeout_With_Images\media\CE-052_Screenshot_2024-04-25_at_1.50.23_PM.jpeg,CE-052_Screenshot_2024-04-25_at_1.50.23_PM.jpeg,463848,A0D92F6E72573A67D7B168A7A1A71E7F8D755FF1336ABE1BE9AC6ABB3ED1ECE9,Yes,JPEG,1170,2532,1170x2532,216.0x216.0,216.0,216.0,Matches Elijah iPhone reference dimensions and 216 DPI,"The image pixel dimensions are consistent with the Elijah iPhone reference you provided (1170 x 2532). If DPI is 216, that also matches the reference. This supports device-class consistency but does not by itself identify the physical user.",,,,,,,1,"{""ResolutionUnit"": ""2"", ""Orientation"": ""1"", ""XResolution"": ""216.0"", ""YResolution"": ""216.0""}",
CE-053,EX-036,Screenshot transmission,2024-04-25 13:50:40,2024/04/25 13:50:58,18,Mom,C:\Users\thoma\Documents\Cyber Crimes Tools\Takeout Extracted\_forensic_outputs\Case_Presentation_Dark\Integrated_Takeout_With_Images\media\CE-053_Screenshot_2024-04-25_at_1.50.40_PM.jpeg,CE-053_Screenshot_2024-04-25_at_1.50.40_PM.jpeg,459677,9CDB12067475B731391B4D5A9A3B0AB4E286E514F271D471E2E2F317AA5527C1,Yes,JPEG,1170,2532,1170x2532,216.0x216.0,216.0,216.0,Matches Elijah iPhone reference dimensions and 216 DPI,"The image pixel dimensions are consistent with the Elijah iPhone reference you provided (1170 x 2532). If DPI is 216, that also matches the reference. This supports device-class consistency but does not by itself identify the physical user.",,,,,,,1,"{""ResolutionUnit"": ""2"", ""Orientation"": ""1"", ""XResolution"": ""216.0"", ""YResolution"": ""216.0""}",
CE-054,EX-037,Screenshot transmission,2024-04-25 13:51:06,2024/04/25 13:51:17,11,Mom,C:\Users\thoma\Documents\Cyber Crimes Tools\Takeout Extracted\_forensic_outputs\Case_Presentation_Dark\Integrated_Takeout_With_Images\media\CE-054_Screenshot_2024-04-25_at_1.51.06_PM.jpeg,CE-054_Screenshot_2024-04-25_at_1.51.06_PM.jpeg,552384,022C0499700A194058D5980F1CED9B314CE25E2F864465535B5C6A5FCD70D231,Yes,JPEG,1170,2532,1170x2532,216.0x216.0,216.0,216.0,Matches Elijah iPhone reference dimensions and 216 DPI,"The image pixel dimensions are consistent with the Elijah iPhone reference you provided (1170 x 2532). If DPI is 216, that also matches the reference. This supports device-class consistency but does not by itself identify the physical user.",,,,,,,1,"{""ResolutionUnit"": ""2"", ""Orientation"": ""1"", ""XResolution"": ""216.0"", ""YResolution"": ""216.0""}",
CE-055,EX-038,Screenshot transmission,2024-04-25 13:51:30,2024/04/25 13:51:40,10,Mom,C:\Users\thoma\Documents\Cyber Crimes Tools\Takeout Extracted\_forensic_outputs\Case_Presentation_Dark\Integrated_Takeout_With_Images\media\CE-055_Screenshot_2024-04-25_at_1.51.30_PM.jpeg,CE-055_Screenshot_2024-04-25_at_1.51.30_PM.jpeg,500479,B7D33DED3E4ADDA85F3FA61DAB216F030E2242EA2E460CCC71EB3ACAE6F236A0,Yes,JPEG,1170,2532,1170x2532,216.0x216.0,216.0,216.0,Matches Elijah iPhone reference dimensions and 216 DPI,"The image pixel dimensions are consistent with the Elijah iPhone reference you provided (1170 x 2532). If DPI is 216, that also matches the reference. This supports device-class consistency but does not by itself identify the physical user.",,,,,,,1,"{""ResolutionUnit"": ""2"", ""Orientation"": ""1"", ""XResolution"": ""216.0"", ""YResolution"": ""216.0""}",
CE-056,EX-039,Screenshot transmission,2024-04-25 13:51:46,2024/04/25 13:51:59,13,Mom,C:\Users\thoma\Documents\Cyber Crimes Tools\Takeout Extracted\_forensic_outputs\Case_Presentation_Dark\Integrated_Takeout_With_Images\media\CE-056_Screenshot_2024-04-25_at_1.51.46_PM.jpeg,CE-056_Screenshot_2024-04-25_at_1.51.46_PM.jpeg,459544,D5D90B4F94571C0326AC15946872B9AE24FF5DE9F789E8076250E4337F8403C5,Yes,JPEG,1170,2532,1170x2532,216.0x216.0,216.0,216.0,Matches Elijah iPhone reference dimensions and 216 DPI,"The image pixel dimensions are consistent with the Elijah iPhone reference you provided (1170 x 2532). If DPI is 216, that also matches the reference. This supports device-class consistency but does not by itself identify the physical user.",,,,,,,1,"{""ResolutionUnit"": ""2"", ""Orientation"": ""1"", ""XResolution"": ""216.0"", ""YResolution"": ""216.0""}",
CE-057,EX-040,Screenshot transmission,2024-04-25 13:52:07,2024/04/25 13:52:16,9,Mom,C:\Users\thoma\Documents\Cyber Crimes Tools\Takeout Extracted\_forensic_outputs\Case_Presentation_Dark\Integrated_Takeout_With_Images\media\CE-057_Screenshot_2024-04-25_at_1.52.07_PM.jpeg,CE-057_Screenshot_2024-04-25_at_1.52.07_PM.jpeg,415664,B35A37A0AD04407B21D649ABD5EB759AD53D3415A0F3FDE305D5EB2D853C0C6B,Yes,JPEG,1170,2532,1170x2532,216.0x216.0,216.0,216.0,Matches Elijah iPhone reference dimensions and 216 DPI,"The image pixel dimensions are consistent with the Elijah iPhone reference you provided (1170 x 2532). If DPI is 216, that also matches the reference. This supports device-class consistency but does not by itself identify the physical user.",,,,,,,1,"{""ResolutionUnit"": ""2"", ""Orientation"": ""1"", ""XResolution"": ""216.0"", ""YResolution"": ""216.0""}",
CE-058,EX-041,Screenshot transmission,2024-04-25 13:52:33,2024/04/25 13:52:45,12,Mom,C:\Users\thoma\Documents\Cyber Crimes Tools\Takeout Extracted\_forensic_outputs\Case_Presentation_Dark\Integrated_Takeout_With_Images\media\CE-058_Screenshot_2024-04-25_at_1.52.33_PM.jpeg,CE-058_Screenshot_2024-04-25_at_1.52.33_PM.jpeg,459615,D35992DE78D7D01199828A7F802F13C45E74652512363AAD86A24A833AE300C3,Yes,JPEG,1170,2532,1170x2532,216.0x216.0,216.0,216.0,Matches Elijah iPhone reference dimensions and 216 DPI,"The image pixel dimensions are consistent with the Elijah iPhone reference you provided (1170 x 2532). If DPI is 216, that also matches the reference. This supports device-class consistency but does not by itself identify the physical user.",,,,,,,1,"{""ResolutionUnit"": ""2"", ""Orientation"": ""1"", ""XResolution"": ""216.0"", ""YResolution"": ""216.0""}",
CE-059,EX-042,Screenshot transmission,2024-04-25 13:52:52,2024/04/25 13:53:10,18,Mom,C:\Users\thoma\Documents\Cyber Crimes Tools\Takeout Extracted\_forensic_outputs\Case_Presentation_Dark\Integrated_Takeout_With_Images\media\CE-059_Screenshot_2024-04-25_at_1.52.52_PM.jpeg,CE-059_Screenshot_2024-04-25_at_1.52.52_PM.jpeg,460516,BEEB674C0DCC2783E5A32FC0C2DB5C4C27663BEF6E40DA2D6E13BE24D7813755,Yes,JPEG,1170,2532,1170x2532,216.0x216.0,216.0,216.0,Matches Elijah iPhone reference dimensions and 216 DPI,"The image pixel dimensions are consistent with the Elijah iPhone reference you provided (1170 x 2532). If DPI is 216, that also matches the reference. This supports device-class consistency but does not by itself identify the physical user.",,,,,,,1,"{""ResolutionUnit"": ""2"", ""Orientation"": ""1"", ""XResolution"": ""216.0"", ""YResolution"": ""216.0""}",
CE-060,EX-043,Screenshot transmission,2024-04-25 13:53:21,2024/04/25 13:53:32,11,Mom,C:\Users\thoma\Documents\Cyber Crimes Tools\Takeout Extracted\_forensic_outputs\Case_Presentation_Dark\Integrated_Takeout_With_Images\media\CE-060_Screenshot_2024-04-25_at_1.53.21_PM.jpeg,CE-060_Screenshot_2024-04-25_at_1.53.21_PM.jpeg,582128,668602FC84F44C468B052D737AF5431768612049DD67ADB67446C16A822D4830,Yes,JPEG,1170,2532,1170x2532,216.0x216.0,216.0,216.0,Matches Elijah iPhone reference dimensions and 216 DPI,"The image pixel dimensions are consistent with the Elijah iPhone reference you provided (1170 x 2532). If DPI is 216, that also matches the reference. This supports device-class consistency but does not by itself identify the physical user.",,,,,,,1,"{""ResolutionUnit"": ""2"", ""Orientation"": ""1"", ""XResolution"": ""216.0"", ""YResolution"": ""216.0""}",
CE-061,EX-044,Screenshot transmission,2024-04-25 13:53:38,2024/04/25 13:53:49,11,Mom,C:\Users\thoma\Documents\Cyber Crimes Tools\Takeout Extracted\_forensic_outputs\Case_Presentation_Dark\Integrated_Takeout_With_Images\media\CE-061_Screenshot_2024-04-25_at_1.53.38_PM.jpeg,CE-061_Screenshot_2024-04-25_at_1.53.38_PM.jpeg,578479,510CEFA4F0DBC3E1BFA1AC00BD9B707D7521ACDD74EFF04D716ADC568DC4CAC6,Yes,JPEG,1170,2532,1170x2532,216.0x216.0,216.0,216.0,Matches Elijah iPhone reference dimensions and 216 DPI,"The image pixel dimensions are consistent with the Elijah iPhone reference you provided (1170 x 2532). If DPI is 216, that also matches the reference. This supports device-class consistency but does not by itself identify the physical user.",,,,,,,1,"{""ResolutionUnit"": ""2"", ""Orientation"": ""1"", ""XResolution"": ""216.0"", ""YResolution"": ""216.0""}",
CE-062,EX-045,Screenshot transmission,2024-04-25 13:53:57,2024/04/25 13:54:06,9,Mom,C:\Users\thoma\Documents\Cyber Crimes Tools\Takeout Extracted\_forensic_outputs\Case_Presentation_Dark\Integrated_Takeout_With_Images\media\CE-062_Screenshot_2024-04-25_at_1.53.57_PM.jpeg,CE-062_Screenshot_2024-04-25_at_1.53.57_PM.jpeg,526469,CBFEDB5C26419DE2FCDE1C2107C69E50DE7016000A82E7282959495403A54655,Yes,JPEG,1170,2532,1170x2532,216.0x216.0,216.0,216.0,Matches Elijah iPhone reference dimensions and 216 DPI,"The image pixel dimensions are consistent with the Elijah iPhone reference you provided (1170 x 2532). If DPI is 216, that also matches the reference. This supports device-class consistency but does not by itself identify the physical user.",,,,,,,1,"{""ResolutionUnit"": ""2"", ""Orientation"": ""1"", ""XResolution"": ""216.0"", ""YResolution"": ""216.0""}",
CE-063,EX-046,Screenshot transmission,2024-04-25 13:54:31,2024/04/25 13:54:40,9,Mom,C:\Users\thoma\Documents\Cyber Crimes Tools\Takeout Extracted\_forensic_outputs\Case_Presentation_Dark\Integrated_Takeout_With_Images\media\CE-063_Screenshot_2024-04-25_at_1.54.31_PM.jpeg,CE-063_Screenshot_2024-04-25_at_1.54.31_PM.jpeg,206973,04959A8F9390F02909E33AE5A35928B8303ADF6697A170C0ABC31CCD76F335E2,Yes,JPEG,1170,2532,1170x2532,216.0x216.0,216.0,216.0,Matches Elijah iPhone reference dimensions and 216 DPI,"The image pixel dimensions are consistent with the Elijah iPhone reference you provided (1170 x 2532). If DPI is 216, that also matches the reference. This supports device-class consistency but does not by itself identify the physical user.",,,,,,,1,"{""ResolutionUnit"": ""2"", ""Orientation"": ""1"", ""XResolution"": ""216.0"", ""YResolution"": ""216.0""}",
CE-064,EX-047,Screenshot transmission,2024-04-25 13:55:06,2024/04/25 13:55:23,17,Mom,C:\Users\thoma\Documents\Cyber Crimes Tools\Takeout Extracted\_forensic_outputs\Case_Presentation_Dark\Integrated_Takeout_With_Images\media\CE-064_Screenshot_2024-04-25_at_1.55.06_PM.jpeg,CE-064_Screenshot_2024-04-25_at_1.55.06_PM.jpeg,262501,54E924166B029A0CB811E9EE39174499E863CD68786C7A67DF7AB47CB492FBE4,Yes,JPEG,1170,2532,1170x2532,216.0x216.0,216.0,216.0,Matches Elijah iPhone reference dimensions and 216 DPI,"The image pixel dimensions are consistent with the Elijah iPhone reference you provided (1170 x 2532). If DPI is 216, that also matches the reference. This supports device-class consistency but does not by itself identify the physical user.",,,,,,,1,"{""ResolutionUnit"": ""2"", ""Orientation"": ""1"", ""XResolution"": ""216.0"", ""YResolution"": ""216.0""}",
CE-065,EX-048,Screenshot transmission,2024-04-25 13:55:45,2024/04/25 13:55:57,12,Mom,C:\Users\thoma\Documents\Cyber Crimes Tools\Takeout Extracted\_forensic_outputs\Case_Presentation_Dark\Integrated_Takeout_With_Images\media\CE-065_Screenshot_2024-04-25_at_1.55.45_PM.jpeg,CE-065_Screenshot_2024-04-25_at_1.55.45_PM.jpeg,328277,56FD6A171F871488189FB09BB772B79D87E6F21277E7005152CF390332CDB5CD,Yes,JPEG,1170,2532,1170x2532,216.0x216.0,216.0,216.0,Matches Elijah iPhone reference dimensions and 216 DPI,"The image pixel dimensions are consistent with the Elijah iPhone reference you provided (1170 x 2532). If DPI is 216, that also matches the reference. This supports device-class consistency but does not by itself identify the physical user.",,,,,,,1,"{""ResolutionUnit"": ""2"", ""Orientation"": ""1"", ""XResolution"": ""216.0"", ""YResolution"": ""216.0""}",
CE-066,EX-049,Screenshot transmission,2024-04-25 13:56:42,2024/04/25 13:56:52,10,Mom,C:\Users\thoma\Documents\Cyber Crimes Tools\Takeout Extracted\_forensic_outputs\Case_Presentation_Dark\Integrated_Takeout_With_Images\media\CE-066_Screenshot_2024-04-25_at_1.56.42_PM.jpeg,CE-066_Screenshot_2024-04-25_at_1.56.42_PM.jpeg,179923,FF9BB93A0D900C31EF2A18FDEE770B5D75025A747042B034D4A63A7462DA30B5,Yes,JPEG,1170,2532,1170x2532,216.0x216.0,216.0,216.0,Matches Elijah iPhone reference dimensions and 216 DPI,"The image pixel dimensions are consistent with the Elijah iPhone reference you provided (1170 x 2532). If DPI is 216, that also matches the reference. This supports device-class consistency but does not by itself identify the physical user.",,,,,,,1,"{""ResolutionUnit"": ""2"", ""Orientation"": ""1"", ""XResolution"": ""216.0"", ""YResolution"": ""216.0""}",
CE-067,EX-050,Screenshot transmission,2024-04-25 13:58:15,2024/04/25 13:58:26,11,Mom,C:\Users\thoma\Documents\Cyber Crimes Tools\Takeout Extracted\_forensic_outputs\Case_Presentation_Dark\Integrated_Takeout_With_Images\media\CE-067_Screenshot_2024-04-25_at_1.58.15_PM.jpeg,CE-067_Screenshot_2024-04-25_at_1.58.15_PM.jpeg,478207,F7254EEF56D723CE4CCDD9E37610F7AC0946596305964376FD3C546146F1C530,Yes,JPEG,1170,2532,1170x2532,216.0x216.0,216.0,216.0,Matches Elijah iPhone reference dimensions and 216 DPI,"The image pixel dimensions are consistent with the Elijah iPhone reference you provided (1170 x 2532). If DPI is 216, that also matches the reference. This supports device-class consistency but does not by itself identify the physical user.",,,,,,,1,"{""ResolutionUnit"": ""2"", ""Orientation"": ""1"", ""XResolution"": ""216.0"", ""YResolution"": ""216.0""}",
CE-068,EX-051,Screenshot transmission,2024-04-25 13:58:34,2024/04/25 13:58:43,9,Mom,C:\Users\thoma\Documents\Cyber Crimes Tools\Takeout Extracted\_forensic_outputs\Case_Presentation_Dark\Integrated_Takeout_With_Images\media\CE-068_Screenshot_2024-04-25_at_1.58.34_PM.jpeg,CE-068_Screenshot_2024-04-25_at_1.58.34_PM.jpeg,432957,8DDEDFDE6E5C8A7AE13C1A9D34DC844718BB0B18FD02B6B389C41B632C20E987,Yes,JPEG,1170,2532,1170x2532,216.0x216.0,216.0,216.0,Matches Elijah iPhone reference dimensions and 216 DPI,"The image pixel dimensions are consistent with the Elijah iPhone reference you provided (1170 x 2532). If DPI is 216, that also matches the reference. This supports device-class consistency but does not by itself identify the physical user.",,,,,,,1,"{""ResolutionUnit"": ""2"", ""Orientation"": ""1"", ""XResolution"": ""216.0"", ""YResolution"": ""216.0""}",
CE-069,EX-052,Screenshot transmission,2024-04-25 13:58:49,2024/04/25 13:58:59,10,Mom,C:\Users\thoma\Documents\Cyber Crimes Tools\Takeout Extracted\_forensic_outputs\Case_Presentation_Dark\Integrated_Takeout_With_Images\media\CE-069_Screenshot_2024-04-25_at_1.58.49_PM.jpeg,CE-069_Screenshot_2024-04-25_at_1.58.49_PM.jpeg,254782,57EA110F63EB073242244124A142C84159C545FBD68ED7A743F6F3430D79F143,Yes,JPEG,1170,2532,1170x2532,216.0x216.0,216.0,216.0,Matches Elijah iPhone reference dimensions and 216 DPI,"The image pixel dimensions are consistent with the Elijah iPhone reference you provided (1170 x 2532). If DPI is 216, that also matches the reference. This supports device-class consistency but does not by itself identify the physical user.",,,,,,,1,"{""ResolutionUnit"": ""2"", ""Orientation"": ""1"", ""XResolution"": ""216.0"", ""YResolution"": ""216.0""}",
CE-070,EX-076,Screenshot transmission,2024-04-25 14:02:53,2024/04/25 14:03:02,9,Mom,C:\Users\thoma\Documents\Cyber Crimes Tools\Takeout Extracted\_forensic_outputs\Case_Presentation_Dark\Integrated_Takeout_With_Images\media\CE-070_Screenshot_2024-04-25_at_2.02.53_PM.jpeg,CE-070_Screenshot_2024-04-25_at_2.02.53_PM.jpeg,452518,5C5BC2FCBA2AEB2C4C1F28B98059460165D7773F2203607FD92F9DCE07C6F03C,Yes,JPEG,1170,2532,1170x2532,216.0x216.0,216.0,216.0,Matches Elijah iPhone reference dimensions and 216 DPI,"The image pixel dimensions are consistent with the Elijah iPhone reference you provided (1170 x 2532). If DPI is 216, that also matches the reference. This supports device-class consistency but does not by itself identify the physical user.",,,,,,,1,"{""ResolutionUnit"": ""2"", ""Orientation"": ""1"", ""XResolution"": ""216.0"", ""YResolution"": ""216.0""}",
CE-071,EX-077,Screenshot transmission,2024-04-25 14:03:08,2024/04/25 14:03:19,11,Mom,C:\Users\thoma\Documents\Cyber Crimes Tools\Takeout Extracted\_forensic_outputs\Case_Presentation_Dark\Integrated_Takeout_With_Images\media\CE-071_Screenshot_2024-04-25_at_2.03.08_PM.jpeg,CE-071_Screenshot_2024-04-25_at_2.03.08_PM.jpeg,514674,DC62EDC76A728AC73AC2C2C9FF7AF3607802D5BBFAE5E62C38888F88E7497756,Yes,JPEG,1170,2532,1170x2532,216.0x216.0,216.0,216.0,Matches Elijah iPhone reference dimensions and 216 DPI,"The image pixel dimensions are consistent with the Elijah iPhone reference you provided (1170 x 2532). If DPI is 216, that also matches the reference. This supports device-class consistency but does not by itself identify the physical user.",,,,,,,1,"{""ResolutionUnit"": ""2"", ""Orientation"": ""1"", ""XResolution"": ""216.0"", ""YResolution"": ""216.0""}",
CE-072,EX-078,Screenshot transmission,2024-04-25 14:03:28,2024/04/25 14:03:40,12,Mom,C:\Users\thoma\Documents\Cyber Crimes Tools\Takeout Extracted\_forensic_outputs\Case_Presentation_Dark\Integrated_Takeout_With_Images\media\CE-072_Screenshot_2024-04-25_at_2.03.28_PM.jpeg,CE-072_Screenshot_2024-04-25_at_2.03.28_PM.jpeg,368501,352AA4488B518B4A269683DA5109D1CF092413D9A0683C2915B82E32E808CEAD,Yes,JPEG,1170,2532,1170x2532,216.0x216.0,216.0,216.0,Matches Elijah iPhone reference dimensions and 216 DPI,"The image pixel dimensions are consistent with the Elijah iPhone reference you provided (1170 x 2532). If DPI is 216, that also matches the reference. This supports device-class consistency but does not by itself identify the physical user.",,,,,,,1,"{""ResolutionUnit"": ""2"", ""Orientation"": ""1"", ""XResolution"": ""216.0"", ""YResolution"": ""216.0""}",
CE-073,EX-079,Screenshot transmission,2024-04-25 14:07:57,2024/04/25 14:08:06,9,Mom,C:\Users\thoma\Documents\Cyber Crimes Tools\Takeout Extracted\_forensic_outputs\Case_Presentation_Dark\Integrated_Takeout_With_Images\media\CE-073_Screenshot_2024-04-25_at_2.07.57_PM.jpeg,CE-073_Screenshot_2024-04-25_at_2.07.57_PM.jpeg,365979,079F1796A9E7CD54D367140A9439E07C94048D078CD032ECC4A838B5D485EFAB,Yes,JPEG,1170,2532,1170x2532,216.0x216.0,216.0,216.0,Matches Elijah iPhone reference dimensions and 216 DPI,"The image pixel dimensions are consistent with the Elijah iPhone reference you provided (1170 x 2532). If DPI is 216, that also matches the reference. This supports device-class consistency but does not by itself identify the physical user.",,,,,,,1,"{""ResolutionUnit"": ""2"", ""Orientation"": ""1"", ""XResolution"": ""216.0"", ""YResolution"": ""216.0""}",
CE-074,EX-080,Screenshot transmission,2024-04-25 14:08:11,2024/04/25 14:11:27,196,Mom,C:\Users\thoma\Documents\Cyber Crimes Tools\Takeout Extracted\_forensic_outputs\Case_Presentation_Dark\Integrated_Takeout_With_Images\media\CE-074_Screenshot_2024-04-25_at_2.08.11_PM.jpeg,CE-074_Screenshot_2024-04-25_at_2.08.11_PM.jpeg,483611,1934D70399D9CD6A5AF2871A81A4841C3DD9B9CE991A7652B4ABCF8D6989916B,Yes,JPEG,1170,2532,1170x2532,216.0x216.0,216.0,216.0,Matches Elijah iPhone reference dimensions and 216 DPI,"The image pixel dimensions are consistent with the Elijah iPhone reference you provided (1170 x 2532). If DPI is 216, that also matches the reference. This supports device-class consistency but does not by itself identify the physical user.",,,,,,,1,"{""ResolutionUnit"": ""2"", ""Orientation"": ""1"", ""XResolution"": ""216.0"", ""YResolution"": ""216.0""}",
CE-075,EX-081,Screenshot transmission,2024-04-25 14:08:26,2024/04/25 14:08:35,9,Mom,C:\Users\thoma\Documents\Cyber Crimes Tools\Takeout Extracted\_forensic_outputs\Case_Presentation_Dark\Integrated_Takeout_With_Images\media\CE-075_Screenshot_2024-04-25_at_2.08.26_PM.jpeg,CE-075_Screenshot_2024-04-25_at_2.08.26_PM.jpeg,526679,9E087CEAE41EC8BF5FFB688325ECABB0BC9393810F381D9598C52B3DEBB6B583,Yes,JPEG,1170,2532,1170x2532,216.0x216.0,216.0,216.0,Matches Elijah iPhone reference dimensions and 216 DPI,"The image pixel dimensions are consistent with the Elijah iPhone reference you provided (1170 x 2532). If DPI is 216, that also matches the reference. This supports device-class consistency but does not by itself identify the physical user.",,,,,,,1,"{""ResolutionUnit"": ""2"", ""Orientation"": ""1"", ""XResolution"": ""216.0"", ""YResolution"": ""216.0""}",
CE-076,EX-082,Screenshot transmission,2024-04-25 14:08:44,2024/04/25 14:11:32,168,Mom,C:\Users\thoma\Documents\Cyber Crimes Tools\Takeout Extracted\_forensic_outputs\Case_Presentation_Dark\Integrated_Takeout_With_Images\media\CE-076_Screenshot_2024-04-25_at_2.08.44_PM.jpeg,CE-076_Screenshot_2024-04-25_at_2.08.44_PM.jpeg,493643,5F15D384F8B7D5F499AF6BBF691BFF97C59E04EF33274B0CAA3A85EC3D2003AE,Yes,JPEG,1170,2532,1170x2532,216.0x216.0,216.0,216.0,Matches Elijah iPhone reference dimensions and 216 DPI,"The image pixel dimensions are consistent with the Elijah iPhone reference you provided (1170 x 2532). If DPI is 216, that also matches the reference. This supports device-class consistency but does not by itself identify the physical user.",,,,,,,1,"{""ResolutionUnit"": ""2"", ""Orientation"": ""1"", ""XResolution"": ""216.0"", ""YResolution"": ""216.0""}",
CE-077,EX-083,Screenshot transmission,2024-04-25 14:09:01,2024/04/25 14:09:09,8,Mom,C:\Users\thoma\Documents\Cyber Crimes Tools\Takeout Extracted\_forensic_outputs\Case_Presentation_Dark\Integrated_Takeout_With_Images\media\CE-077_Screenshot_2024-04-25_at_2.09.01_PM.jpeg,CE-077_Screenshot_2024-04-25_at_2.09.01_PM.jpeg,429529,FE1E51A85592FF1DDDB601045F626754F1F58FBE165A8586D036C417A44C3402,Yes,JPEG,1170,2532,1170x2532,216.0x216.0,216.0,216.0,Matches Elijah iPhone reference dimensions and 216 DPI,"The image pixel dimensions are consistent with the Elijah iPhone reference you provided (1170 x 2532). If DPI is 216, that also matches the reference. This supports device-class consistency but does not by itself identify the physical user.",,,,,,,1,"{""ResolutionUnit"": ""2"", ""Orientation"": ""1"", ""XResolution"": ""216.0"", ""YResolution"": ""216.0""}",
CE-078,EX-084,Screenshot transmission,2024-04-25 14:09:15,2024/04/25 14:09:22,7,Mom,C:\Users\thoma\Documents\Cyber Crimes Tools\Takeout Extracted\_forensic_outputs\Case_Presentation_Dark\Integrated_Takeout_With_Images\media\CE-078_Screenshot_2024-04-25_at_2.09.15_PM.jpeg,CE-078_Screenshot_2024-04-25_at_2.09.15_PM.jpeg,376855,C4373BC37E456E4B22818BCF4E03D613FD1FA3BA1F16BFBE9FEAFCBEFA78CFC3,Yes,JPEG,1170,2532,1170x2532,216.0x216.0,216.0,216.0,Matches Elijah iPhone reference dimensions and 216 DPI,"The image pixel dimensions are consistent with the Elijah iPhone reference you provided (1170 x 2532). If DPI is 216, that also matches the reference. This supports device-class consistency but does not by itself identify the physical user.",,,,,,,1,"{""ResolutionUnit"": ""2"", ""Orientation"": ""1"", ""XResolution"": ""216.0"", ""YResolution"": ""216.0""}",
CE-079,EX-085,Screenshot transmission,2024-04-25 14:10:19,2024/04/25 14:10:30,11,Mom,C:\Users\thoma\Documents\Cyber Crimes Tools\Takeout Extracted\_forensic_outputs\Case_Presentation_Dark\Integrated_Takeout_With_Images\media\CE-079_Screenshot_2024-04-25_at_2.10.19_PM.jpeg,CE-079_Screenshot_2024-04-25_at_2.10.19_PM.jpeg,608883,D3E9DF37AFBEF79427801A1E7D67EDF8AF05B8E71CC32C9F6EEFF7F636E43063,Yes,JPEG,1170,2532,1170x2532,216.0x216.0,216.0,216.0,Matches Elijah iPhone reference dimensions and 216 DPI,"The image pixel dimensions are consistent with the Elijah iPhone reference you provided (1170 x 2532). If DPI is 216, that also matches the reference. This supports device-class consistency but does not by itself identify the physical user.",,,,,,,1,"{""ResolutionUnit"": ""2"", ""Orientation"": ""1"", ""XResolution"": ""216.0"", ""YResolution"": ""216.0""}",
CE-080,EX-086,Screenshot transmission,2024-04-25 14:10:37,2024/04/25 14:10:46,9,Mom,C:\Users\thoma\Documents\Cyber Crimes Tools\Takeout Extracted\_forensic_outputs\Case_Presentation_Dark\Integrated_Takeout_With_Images\media\CE-080_Screenshot_2024-04-25_at_2.10.37_PM.jpeg,CE-080_Screenshot_2024-04-25_at_2.10.37_PM.jpeg,534249,B0A7D5B4538A207498037084AA3C4C3E54660303AFE7E1D19B1F2ED945F5DE2F,Yes,JPEG,1170,2532,1170x2532,216.0x216.0,216.0,216.0,Matches Elijah iPhone reference dimensions and 216 DPI,"The image pixel dimensions are consistent with the Elijah iPhone reference you provided (1170 x 2532). If DPI is 216, that also matches the reference. This supports device-class consistency but does not by itself identify the physical user.",,,,,,,1,"{""ResolutionUnit"": ""2"", ""Orientation"": ""1"", ""XResolution"": ""216.0"", ""YResolution"": ""216.0""}",
CE-081,EX-053,Screenshot transmission,2024-04-25 22:43:28,2024/04/25 22:43:40,12,Mom,C:\Users\thoma\Documents\Cyber Crimes Tools\Takeout Extracted\_forensic_outputs\Case_Presentation_Dark\Integrated_Takeout_With_Images\media\CE-081_Screenshot_2024-04-25_at_10.43.28_PM.jpeg,CE-081_Screenshot_2024-04-25_at_10.43.28_PM.jpeg,150345,DE8ADFB70DE36599B66E362F2E64A60C11B11C325D0D258B52BD935A01673BA8,Yes,JPEG,1170,2532,1170x2532,216.0x216.0,216.0,216.0,Matches Elijah iPhone reference dimensions and 216 DPI,"The image pixel dimensions are consistent with the Elijah iPhone reference you provided (1170 x 2532). If DPI is 216, that also matches the reference. This supports device-class consistency but does not by itself identify the physical user.",,,,,,,1,"{""ResolutionUnit"": ""2"", ""Orientation"": ""1"", ""XResolution"": ""216.0"", ""YResolution"": ""216.0""}",
CE-082,EX-054,Screenshot transmission,2024-04-25 22:44:16,2024/04/25 22:44:25,9,Mom,C:\Users\thoma\Documents\Cyber Crimes Tools\Takeout Extracted\_forensic_outputs\Case_Presentation_Dark\Integrated_Takeout_With_Images\media\CE-082_Screenshot_2024-04-25_at_10.44.16_PM.jpeg,CE-082_Screenshot_2024-04-25_at_10.44.16_PM.jpeg,313702,9F03F455A70C734C3FB793547DADBFCCD3820C634945E3952AF12A5467E78EA8,Yes,JPEG,1170,2532,1170x2532,216.0x216.0,216.0,216.0,Matches Elijah iPhone reference dimensions and 216 DPI,"The image pixel dimensions are consistent with the Elijah iPhone reference you provided (1170 x 2532). If DPI is 216, that also matches the reference. This supports device-class consistency but does not by itself identify the physical user.",,,,,,,1,"{""ResolutionUnit"": ""2"", ""Orientation"": ""1"", ""XResolution"": ""216.0"", ""YResolution"": ""216.0""}",
CE-083,EX-055,Screenshot transmission,2024-04-25 22:44:52,2024/04/25 22:45:04,12,Mom,C:\Users\thoma\Documents\Cyber Crimes Tools\Takeout Extracted\_forensic_outputs\Case_Presentation_Dark\Integrated_Takeout_With_Images\media\CE-083_Screenshot_2024-04-25_at_10.44.52_PM.jpeg,CE-083_Screenshot_2024-04-25_at_10.44.52_PM.jpeg,152909,E748808C10DA9E796B421BE3D164723F0AF02ED93F55F3271118E1E1077ABBC2,Yes,JPEG,1170,2532,1170x2532,216.0x216.0,216.0,216.0,Matches Elijah iPhone reference dimensions and 216 DPI,"The image pixel dimensions are consistent with the Elijah iPhone reference you provided (1170 x 2532). If DPI is 216, that also matches the reference. This supports device-class consistency but does not by itself identify the physical user.",,,,,,,1,"{""ResolutionUnit"": ""2"", ""Orientation"": ""1"", ""XResolution"": ""216.0"", ""YResolution"": ""216.0""}",
CE-084,EX-056,Screenshot transmission,2024-04-25 22:47:08,2024/04/25 22:47:20,12,Mom,C:\Users\thoma\Documents\Cyber Crimes Tools\Takeout Extracted\_forensic_outputs\Case_Presentation_Dark\Integrated_Takeout_With_Images\media\CE-084_Screenshot_2024-04-25_at_10.47.08_PM.jpeg,CE-084_Screenshot_2024-04-25_at_10.47.08_PM.jpeg,209043,B9A5250D08DE81863C7D554688A78574F9E4B9D8A1E44848A90152A385262CB7,Yes,JPEG,1170,2532,1170x2532,216.0x216.0,216.0,216.0,Matches Elijah iPhone reference dimensions and 216 DPI,"The image pixel dimensions are consistent with the Elijah iPhone reference you provided (1170 x 2532). If DPI is 216, that also matches the reference. This supports device-class consistency but does not by itself identify the physical user.",,,,,,,1,"{""ResolutionUnit"": ""2"", ""Orientation"": ""1"", ""XResolution"": ""216.0"", ""YResolution"": ""216.0""}",
CE-085,EX-057,Screenshot transmission,2024-04-25 22:49:04,2024/04/25 22:49:20,16,Mom,C:\Users\thoma\Documents\Cyber Crimes Tools\Takeout Extracted\_forensic_outputs\Case_Presentation_Dark\Integrated_Takeout_With_Images\media\CE-085_Screenshot_2024-04-25_at_10.49.04_PM.jpeg,CE-085_Screenshot_2024-04-25_at_10.49.04_PM.jpeg,242265,F5EACC5BC082652E6E37EBDDBC6227C94F43DE51A3429FF3D68EB878001531DA,Yes,JPEG,1170,2532,1170x2532,216.0x216.0,216.0,216.0,Matches Elijah iPhone reference dimensions and 216 DPI,"The image pixel dimensions are consistent with the Elijah iPhone reference you provided (1170 x 2532). If DPI is 216, that also matches the reference. This supports device-class consistency but does not by itself identify the physical user.",,,,,,,1,"{""ResolutionUnit"": ""2"", ""Orientation"": ""1"", ""XResolution"": ""216.0"", ""YResolution"": ""216.0""}",
CE-086,EX-058,Screenshot transmission,2024-04-25 22:51:08,2024/04/25 22:51:18,10,Mom,C:\Users\thoma\Documents\Cyber Crimes Tools\Takeout Extracted\_forensic_outputs\Case_Presentation_Dark\Integrated_Takeout_With_Images\media\CE-086_Screenshot_2024-04-25_at_10.51.08_PM.jpeg,CE-086_Screenshot_2024-04-25_at_10.51.08_PM.jpeg,590553,19D7992063DDEC8E9A65B14598CC4C436C1605DF79833EA453B2F53CD8F7AD01,Yes,JPEG,1170,2532,1170x2532,216.0x216.0,216.0,216.0,Matches Elijah iPhone reference dimensions and 216 DPI,"The image pixel dimensions are consistent with the Elijah iPhone reference you provided (1170 x 2532). If DPI is 216, that also matches the reference. This supports device-class consistency but does not by itself identify the physical user.",,,,,,,1,"{""ResolutionUnit"": ""2"", ""Orientation"": ""1"", ""XResolution"": ""216.0"", ""YResolution"": ""216.0""}",
CE-087,EX-059,Screenshot transmission,2024-04-25 22:54:08,2024/04/25 22:54:19,11,Mom,C:\Users\thoma\Documents\Cyber Crimes Tools\Takeout Extracted\_forensic_outputs\Case_Presentation_Dark\Integrated_Takeout_With_Images\media\CE-087_Screenshot_2024-04-25_at_10.54.08_PM.jpeg,CE-087_Screenshot_2024-04-25_at_10.54.08_PM.jpeg,230833,4FA28AB51D08279367B37A2C1B0A5D9CE3CAFE1D7F14AC7B33AA0D393184AE5B,Yes,JPEG,1170,2532,1170x2532,216.0x216.0,216.0,216.0,Matches Elijah iPhone reference dimensions and 216 DPI,"The image pixel dimensions are consistent with the Elijah iPhone reference you provided (1170 x 2532). If DPI is 216, that also matches the reference. This supports device-class consistency but does not by itself identify the physical user.",,,,,,,1,"{""ResolutionUnit"": ""2"", ""Orientation"": ""1"", ""XResolution"": ""216.0"", ""YResolution"": ""216.0""}",
CE-088,EX-060,Screenshot transmission,2024-04-25 22:54:37,2024/04/25 22:54:52,15,Mom,C:\Users\thoma\Documents\Cyber Crimes Tools\Takeout Extracted\_forensic_outputs\Case_Presentation_Dark\Integrated_Takeout_With_Images\media\CE-088_Screenshot_2024-04-25_at_10.54.37_PM.jpeg,CE-088_Screenshot_2024-04-25_at_10.54.37_PM.jpeg,226624,2E3426BB1210CB53266A0C05BCC4CABA3FCCB3B3414CE3559ADBBC2BA35052BC,Yes,JPEG,1170,2532,1170x2532,216.0x216.0,216.0,216.0,Matches Elijah iPhone reference dimensions and 216 DPI,"The image pixel dimensions are consistent with the Elijah iPhone reference you provided (1170 x 2532). If DPI is 216, that also matches the reference. This supports device-class consistency but does not by itself identify the physical user.",,,,,,,1,"{""ResolutionUnit"": ""2"", ""Orientation"": ""1"", ""XResolution"": ""216.0"", ""YResolution"": ""216.0""}",
CE-089,EX-061,Screenshot transmission,2024-04-25 23:05:37,2024/04/25 23:05:49,12,Mom,C:\Users\thoma\Documents\Cyber Crimes Tools\Takeout Extracted\_forensic_outputs\Case_Presentation_Dark\Integrated_Takeout_With_Images\media\CE-089_Screenshot_2024-04-25_at_11.05.37_PM.jpeg,CE-089_Screenshot_2024-04-25_at_11.05.37_PM.jpeg,319989,63BC779C1C574069D854ACF6EB0F357B4681552B452E4A52D0A47AC59FEC2262,Yes,JPEG,1170,2532,1170x2532,216.0x216.0,216.0,216.0,Matches Elijah iPhone reference dimensions and 216 DPI,"The image pixel dimensions are consistent with the Elijah iPhone reference you provided (1170 x 2532). If DPI is 216, that also matches the reference. This supports device-class consistency but does not by itself identify the physical user.",,,,,,,1,"{""ResolutionUnit"": ""2"", ""Orientation"": ""1"", ""XResolution"": ""216.0"", ""YResolution"": ""216.0""}",
CE-090,EX-087,Screenshot transmission,2024-04-26 06:09:57,2024/04/26 06:10:08,11,Mom,C:\Users\thoma\Documents\Cyber Crimes Tools\Takeout Extracted\_forensic_outputs\Case_Presentation_Dark\Integrated_Takeout_With_Images\media\CE-090_Screenshot_2024-04-26_at_6.09.57_AM.jpeg,CE-090_Screenshot_2024-04-26_at_6.09.57_AM.jpeg,418804,FA2BE8BF9D66E9AB393863797D9E308C57A1056B3B58E9C7F6927682B81F5E44,Yes,JPEG,1170,2532,1170x2532,216.0x216.0,216.0,216.0,Matches Elijah iPhone reference dimensions and 216 DPI,"The image pixel dimensions are consistent with the Elijah iPhone reference you provided (1170 x 2532). If DPI is 216, that also matches the reference. This supports device-class consistency but does not by itself identify the physical user.",,,,,,,1,"{""ResolutionUnit"": ""2"", ""Orientation"": ""1"", ""XResolution"": ""216.0"", ""YResolution"": ""216.0""}",
CE-091,EX-088,Screenshot transmission,2024-04-26 06:11:07,2024/04/26 06:11:24,17,Mom,C:\Users\thoma\Documents\Cyber Crimes Tools\Takeout Extracted\_forensic_outputs\Case_Presentation_Dark\Integrated_Takeout_With_Images\media\CE-091_Screenshot_2024-04-26_at_6.11.07_AM.jpeg,CE-091_Screenshot_2024-04-26_at_6.11.07_AM.jpeg,303472,7F7264EACA2554F063A5967E8A1942FC48627BE0FFB881FE933545D706E80544,Yes,JPEG,1170,2532,1170x2532,216.0x216.0,216.0,216.0,Matches Elijah iPhone reference dimensions and 216 DPI,"The image pixel dimensions are consistent with the Elijah iPhone reference you provided (1170 x 2532). If DPI is 216, that also matches the reference. This supports device-class consistency but does not by itself identify the physical user.",,,,,,,1,"{""ResolutionUnit"": ""2"", ""Orientation"": ""1"", ""XResolution"": ""216.0"", ""YResolution"": ""216.0""}",
CE-092,EX-089,Screenshot transmission,2024-04-26 06:11:46,2024/04/26 06:11:58,12,Mom,C:\Users\thoma\Documents\Cyber Crimes Tools\Takeout Extracted\_forensic_outputs\Case_Presentation_Dark\Integrated_Takeout_With_Images\media\CE-092_Screenshot_2024-04-26_at_6.11.46_AM.jpeg,CE-092_Screenshot_2024-04-26_at_6.11.46_AM.jpeg,318930,6535252F3673E79EA686A973C4C9776EE71A544FDC873ADFEE234E8093F8D1CB,Yes,JPEG,1170,2532,1170x2532,216.0x216.0,216.0,216.0,Matches Elijah iPhone reference dimensions and 216 DPI,"The image pixel dimensions are consistent with the Elijah iPhone reference you provided (1170 x 2532). If DPI is 216, that also matches the reference. This supports device-class consistency but does not by itself identify the physical user.",,,,,,,1,"{""ResolutionUnit"": ""2"", ""Orientation"": ""1"", ""XResolution"": ""216.0"", ""YResolution"": ""216.0""}",
CE-093,EX-090,Screenshot transmission,2024-04-26 06:13:25,2024/04/26 06:13:39,14,Mom,C:\Users\thoma\Documents\Cyber Crimes Tools\Takeout Extracted\_forensic_outputs\Case_Presentation_Dark\Integrated_Takeout_With_Images\media\CE-093_Screenshot_2024-04-26_at_6.13.25_AM.jpeg,CE-093_Screenshot_2024-04-26_at_6.13.25_AM.jpeg,347222,E1828DE6993A7AA8D017FB937029EF285856DFCCAAC9C9C53CD8550C2FF2C72D,Yes,JPEG,1170,2532,1170x2532,216.0x216.0,216.0,216.0,Matches Elijah iPhone reference dimensions and 216 DPI,"The image pixel dimensions are consistent with the Elijah iPhone reference you provided (1170 x 2532). If DPI is 216, that also matches the reference. This supports device-class consistency but does not by itself identify the physical user.",,,,,,,1,"{""ResolutionUnit"": ""2"", ""Orientation"": ""1"", ""XResolution"": ""216.0"", ""YResolution"": ""216.0""}",
CE-094,EX-091,Screenshot transmission,2024-04-26 06:14:13,2024/04/26 06:14:25,12,Mom,C:\Users\thoma\Documents\Cyber Crimes Tools\Takeout Extracted\_forensic_outputs\Case_Presentation_Dark\Integrated_Takeout_With_Images\media\CE-094_Screenshot_2024-04-26_at_6.14.13_AM.jpeg,CE-094_Screenshot_2024-04-26_at_6.14.13_AM.jpeg,322153,851402C082F2FB4BC4499F334FEE6AF2E1E4FF37D63538DDE4A0BB7F38D95A44,Yes,JPEG,1170,2532,1170x2532,216.0x216.0,216.0,216.0,Matches Elijah iPhone reference dimensions and 216 DPI,"The image pixel dimensions are consistent with the Elijah iPhone reference you provided (1170 x 2532). If DPI is 216, that also matches the reference. This supports device-class consistency but does not by itself identify the physical user.",,,,,,,1,"{""ResolutionUnit"": ""2"", ""Orientation"": ""1"", ""XResolution"": ""216.0"", ""YResolution"": ""216.0""}",
CE-095,EX-092,Screenshot transmission,2024-04-26 06:15:30,2024/04/26 06:15:38,8,Mom,C:\Users\thoma\Documents\Cyber Crimes Tools\Takeout Extracted\_forensic_outputs\Case_Presentation_Dark\Integrated_Takeout_With_Images\media\CE-095_Screenshot_2024-04-26_at_6.15.30_AM.jpeg,CE-095_Screenshot_2024-04-26_at_6.15.30_AM.jpeg,320463,706E18E5452497D066C96BD637CE678000B40FB1C59D3885F187DB0DB0850CBC,Yes,JPEG,1170,2532,1170x2532,216.0x216.0,216.0,216.0,Matches Elijah iPhone reference dimensions and 216 DPI,"The image pixel dimensions are consistent with the Elijah iPhone reference you provided (1170 x 2532). If DPI is 216, that also matches the reference. This supports device-class consistency but does not by itself identify the physical user.",,,,,,,1,"{""ResolutionUnit"": ""2"", ""Orientation"": ""1"", ""XResolution"": ""216.0"", ""YResolution"": ""216.0""}",
CE-096,EX-093,Screenshot transmission,2024-04-26 06:17:32,2024/04/26 06:17:50,18,Mom,C:\Users\thoma\Documents\Cyber Crimes Tools\Takeout Extracted\_forensic_outputs\Case_Presentation_Dark\Integrated_Takeout_With_Images\media\CE-096_Screenshot_2024-04-26_at_6.17.32_AM.jpeg,CE-096_Screenshot_2024-04-26_at_6.17.32_AM.jpeg,402744,E735E72F9CC8A2690B72C6189FBF80DA05160EA37A892B8366BD781B6673A01E,Yes,JPEG,1170,2532,1170x2532,216.0x216.0,216.0,216.0,Matches Elijah iPhone reference dimensions and 216 DPI,"The image pixel dimensions are consistent with the Elijah iPhone reference you provided (1170 x 2532). If DPI is 216, that also matches the reference. This supports device-class consistency but does not by itself identify the physical user.",,,,,,,1,"{""ResolutionUnit"": ""2"", ""Orientation"": ""1"", ""XResolution"": ""216.0"", ""YResolution"": ""216.0""}",
CE-097,EX-094,Screenshot transmission,2024-04-26 06:17:59,2024/04/26 06:18:09,10,Mom,C:\Users\thoma\Documents\Cyber Crimes Tools\Takeout Extracted\_forensic_outputs\Case_Presentation_Dark\Integrated_Takeout_With_Images\media\CE-097_Screenshot_2024-04-26_at_6.17.59_AM.jpeg,CE-097_Screenshot_2024-04-26_at_6.17.59_AM.jpeg,439997,0C75961EEEED72A08BAC2D0AB1DF526C070292E22577268C546217B1CE924F75,Yes,JPEG,1170,2532,1170x2532,216.0x216.0,216.0,216.0,Matches Elijah iPhone reference dimensions and 216 DPI,"The image pixel dimensions are consistent with the Elijah iPhone reference you provided (1170 x 2532). If DPI is 216, that also matches the reference. This supports device-class consistency but does not by itself identify the physical user.",,,,,,,1,"{""ResolutionUnit"": ""2"", ""Orientation"": ""1"", ""XResolution"": ""216.0"", ""YResolution"": ""216.0""}",
CE-098,EX-095,Screenshot transmission,2024-04-26 06:18:18,2024/04/26 06:18:27,9,Mom,C:\Users\thoma\Documents\Cyber Crimes Tools\Takeout Extracted\_forensic_outputs\Case_Presentation_Dark\Integrated_Takeout_With_Images\media\CE-098_Screenshot_2024-04-26_at_6.18.18_AM.jpeg,CE-098_Screenshot_2024-04-26_at_6.18.18_AM.jpeg,430508,A447C58AB6673F833665FE5A978C62EED681BD0E867C21AFF74ED1550496D4FC,Yes,JPEG,1170,2532,1170x2532,216.0x216.0,216.0,216.0,Matches Elijah iPhone reference dimensions and 216 DPI,"The image pixel dimensions are consistent with the Elijah iPhone reference you provided (1170 x 2532). If DPI is 216, that also matches the reference. This supports device-class consistency but does not by itself identify the physical user.",,,,,,,1,"{""ResolutionUnit"": ""2"", ""Orientation"": ""1"", ""XResolution"": ""216.0"", ""YResolution"": ""216.0""}",
CE-099,EX-096,Screenshot transmission,2024-04-26 06:18:40,2024/04/26 06:18:51,11,Mom,C:\Users\thoma\Documents\Cyber Crimes Tools\Takeout Extracted\_forensic_outputs\Case_Presentation_Dark\Integrated_Takeout_With_Images\media\CE-099_Screenshot_2024-04-26_at_6.18.40_AM.jpeg,CE-099_Screenshot_2024-04-26_at_6.18.40_AM.jpeg,442117,F2494ED3E4EB84240D3F5084B9EDAB342C646536EF7AB0D15E5862646DDCEEA6,Yes,JPEG,1170,2532,1170x2532,216.0x216.0,216.0,216.0,Matches Elijah iPhone reference dimensions and 216 DPI,"The image pixel dimensions are consistent with the Elijah iPhone reference you provided (1170 x 2532). If DPI is 216, that also matches the reference. This supports device-class consistency but does not by itself identify the physical user.",,,,,,,1,"{""ResolutionUnit"": ""2"", ""Orientation"": ""1"", ""XResolution"": ""216.0"", ""YResolution"": ""216.0""}",
CE-100,EX-097,Screenshot transmission,2024-04-26 06:24:27,2024/04/26 06:24:37,10,Mom,C:\Users\thoma\Documents\Cyber Crimes Tools\Takeout Extracted\_forensic_outputs\Case_Presentation_Dark\Integrated_Takeout_With_Images\media\CE-100_Screenshot_2024-04-26_at_6.24.27_AM.jpeg,CE-100_Screenshot_2024-04-26_at_6.24.27_AM.jpeg,411777,09CB5CE7A4AE7F762F6A88658C58D2E42F35F45BD85111EC9827B6F141C6BA26,Yes,JPEG,1170,2532,1170x2532,216.0x216.0,216.0,216.0,Matches Elijah iPhone reference dimensions and 216 DPI,"The image pixel dimensions are consistent with the Elijah iPhone reference you provided (1170 x 2532). If DPI is 216, that also matches the reference. This supports device-class consistency but does not by itself identify the physical user.",,,,,,,1,"{""ResolutionUnit"": ""2"", ""Orientation"": ""1"", ""XResolution"": ""216.0"", ""YResolution"": ""216.0""}",
CE-101,EX-098,Screenshot transmission,2024-04-26 06:25:25,2024/04/26 06:25:33,8,Mom,C:\Users\thoma\Documents\Cyber Crimes Tools\Takeout Extracted\_forensic_outputs\Case_Presentation_Dark\Integrated_Takeout_With_Images\media\CE-101_Screenshot_2024-04-26_at_6.25.25_AM.jpeg,CE-101_Screenshot_2024-04-26_at_6.25.25_AM.jpeg,145759,01AA4F26CD60520C4839C86F11891487BDC050D3F6E76DEFA70DEEBE0DDBA752,Yes,JPEG,1170,2532,1170x2532,216.0x216.0,216.0,216.0,Matches Elijah iPhone reference dimensions and 216 DPI,"The image pixel dimensions are consistent with the Elijah iPhone reference you provided (1170 x 2532). If DPI is 216, that also matches the reference. This supports device-class consistency but does not by itself identify the physical user.",,,,,,,1,"{""ResolutionUnit"": ""2"", ""Orientation"": ""1"", ""XResolution"": ""216.0"", ""YResolution"": ""216.0""}",
CE-102,EX-201,PDF/document transmission,,2024/04/25 12:54:20,,Mom,C:\Users\thoma\Documents\Cyber Crimes Tools\Takeout Extracted\_forensic_outputs\Case_Presentation_Dark\Integrated_Takeout_With_Images\media\CE-102_FILE_5531.pdf,CE-102_FILE_5531.pdf,112934,46FC44791F9A050C9F711BCE1732DB6E29AD5BB76D853C48B795E931E807D331,No,,,,,,,,Not an image / no dimensions,"The file does not match the Elijah iPhone reference dimensions, or dimensions were not available.",,,,,,,,,cannot identify image file 'C:\\Users\\thoma\\Documents\\Cyber Crimes Tools\\Takeout Extracted\\_forensic_outputs\\Case_Presentation_Dark\\Integrated_Takeout_With_Images\\media\\CE-102_FILE_5531.pdf'
