Zip,ZipFilename,Entry,Error
C:\Users\thoma\Documents\Cyber Crimes Tools\Takeout Zips\takeout-20260602T071913Z-11-009.zip,takeout-20260602T071913Z-11-009.zip,Takeout/Drive/Movies/Peter.Pan.2003.1080p.BluRay.x264-[YTS.AG].mp4,[Errno 28] No space left on device
C:\Users\thoma\Documents\Cyber Crimes Tools\Takeout Zips\takeout-20260602T071913Z-11-009.zip,takeout-20260602T071913Z-11-009.zip,Takeout/Drive/Movies/The.Hiding.Place.DVDRip.XviD.Parkyns/The.Hiding.Place.DVDRip.XviD.Parkyns.avi,[Errno 28] No space left on device
C:\Users\thoma\Documents\Cyber Crimes Tools\Takeout Zips\takeout-20260602T071913Z-11-009.zip,takeout-20260602T071913Z-11-009.zip,Takeout/Drive/Pictures/2009/Time with Austin and Dara Nov 2009 (1).MOV,[Errno 28] No space left on device
C:\Users\thoma\Documents\Cyber Crimes Tools\Takeout Zips\takeout-20260602T071913Z-11-009.zip,takeout-20260602T071913Z-11-009.zip,"Takeout/Drive/12-26-75/07 Ep. 6 Prosecution_s Case, Part Two.mp3",[Errno 28] No space left on device
C:\Users\thoma\Documents\Cyber Crimes Tools\Takeout Zips\takeout-20260602T071913Z-11-009.zip,takeout-20260602T071913Z-11-009.zip,Takeout/Drive/Pictures/2009/Time with Austin and Dara Nov 2009 (4).MOV,[Errno 28] No space left on device
C:\Users\thoma\Documents\Cyber Crimes Tools\Takeout Zips\takeout-20260602T071913Z-11-009.zip,takeout-20260602T071913Z-11-009.zip,Takeout/Drive/Hurd Family Legal/July 11 Trial/VMC-Part2.mp4,[Errno 28] No space left on device
C:\Users\thoma\Documents\Cyber Crimes Tools\Takeout Zips\takeout-20260602T071913Z-11-009.zip,takeout-20260602T071913Z-11-009.zip,Takeout/Drive/Pictures/2011/Pals-Jan 2011 (4).JPG,[Errno 28] No space left on device
C:\Users\thoma\Documents\Cyber Crimes Tools\Takeout Zips\takeout-20260602T071913Z-11-009.zip,takeout-20260602T071913Z-11-009.zip,Takeout/Drive/Pictures/2011/Pals-Jan 2011 (3).JPG,[Errno 28] No space left on device
C:\Users\thoma\Documents\Cyber Crimes Tools\Takeout Zips\takeout-20260602T071913Z-11-009.zip,takeout-20260602T071913Z-11-009.zip,Takeout/Drive/Expert IT/Recently denied(1).xlsx,[Errno 28] No space left on device
C:\Users\thoma\Documents\Cyber Crimes Tools\Takeout Zips\takeout-20260602T071913Z-11-009.zip,takeout-20260602T071913Z-11-009.zip,Takeout/Drive/SCN1585608395940.pdf,[Errno 28] No space left on device
C:\Users\thoma\Documents\Cyber Crimes Tools\Takeout Zips\takeout-20260602T071913Z-11-009.zip,takeout-20260602T071913Z-11-009.zip,Takeout/Drive/SCN1584888944748.pdf,[Errno 28] No space left on device
C:\Users\thoma\Documents\Cyber Crimes Tools\Takeout Zips\takeout-20260602T071913Z-11-009.zip,takeout-20260602T071913Z-11-009.zip,Takeout/Drive/Kula Yoga/IMG_0246.JPG,[Errno 28] No space left on device
C:\Users\thoma\Documents\Cyber Crimes Tools\Takeout Zips\takeout-20260602T071913Z-11-009.zip,takeout-20260602T071913Z-11-009.zip,Takeout/Drive/Pictures/2010/Window art! Dec 2010 (3).JPG,[Errno 28] No space left on device
C:\Users\thoma\Documents\Cyber Crimes Tools\Takeout Zips\takeout-20260602T071913Z-11-009.zip,takeout-20260602T071913Z-11-009.zip,Takeout/Drive/ThomasHurdFinancialAffidavit.pdf,[Errno 28] No space left on device
C:\Users\thoma\Documents\Cyber Crimes Tools\Takeout Zips\takeout-20260602T071913Z-11-009.zip,takeout-20260602T071913Z-11-009.zip,"Takeout/Drive/12-26-75/05 Ep. 5 Prosecution_s Case, Part One.mp3",[Errno 28] No space left on device
C:\Users\thoma\Documents\Cyber Crimes Tools\Takeout Zips\takeout-20260602T071913Z-11-009.zip,takeout-20260602T071913Z-11-009.zip,Takeout/Drive/Pictures/2011/Nov 8 2011 (3).JPG,[Errno 28] No space left on device
C:\Users\thoma\Documents\Cyber Crimes Tools\Takeout Zips\takeout-20260602T071913Z-11-009.zip,takeout-20260602T071913Z-11-009.zip,Takeout/Drive/Pictures/2010/Road trip to Fl with Kameron-Nov 2010 (6).JPG,[Errno 28] No space left on device
C:\Users\thoma\Documents\Cyber Crimes Tools\Takeout Zips\takeout-20260602T071913Z-11-009.zip,takeout-20260602T071913Z-11-009.zip,Takeout/Drive/Pictures/2011/Nov 8 2011 (2).JPG,[Errno 28] No space left on device
C:\Users\thoma\Documents\Cyber Crimes Tools\Takeout Zips\takeout-20260602T071913Z-11-009.zip,takeout-20260602T071913Z-11-009.zip,Takeout/Drive/Pictures/2010/Road trip to Fl with Kameron-Nov 2010 (4).JPG,[Errno 28] No space left on device
C:\Users\thoma\Documents\Cyber Crimes Tools\Takeout Zips\takeout-20260602T071913Z-11-009.zip,takeout-20260602T071913Z-11-009.zip,Takeout/Drive/Pictures/2011/Nov 8 2011 (14).JPG,[Errno 28] No space left on device
C:\Users\thoma\Documents\Cyber Crimes Tools\Takeout Zips\takeout-20260602T071913Z-11-009.zip,takeout-20260602T071913Z-11-009.zip,Takeout/Drive/Bahama House Basic Bundle.pptx,[Errno 28] No space left on device
C:\Users\thoma\Documents\Cyber Crimes Tools\Takeout Zips\takeout-20260602T071913Z-11-009.zip,takeout-20260602T071913Z-11-009.zip,Takeout/Drive/Pictures/2011/Nov 8 2011 (13).JPG,[Errno 28] No space left on device
C:\Users\thoma\Documents\Cyber Crimes Tools\Takeout Zips\takeout-20260602T071913Z-11-009.zip,takeout-20260602T071913Z-11-009.zip,Takeout/Drive/Pictures/2010/Road trip to Fl with Kameron-Nov 2010 (32).JPG,[Errno 28] No space left on device
C:\Users\thoma\Documents\Cyber Crimes Tools\Takeout Zips\takeout-20260602T071913Z-11-009.zip,takeout-20260602T071913Z-11-009.zip,Takeout/Drive/Pictures/2011/Nov 8 2011 (12).JPG,[Errno 28] No space left on device
C:\Users\thoma\Documents\Cyber Crimes Tools\Takeout Zips\takeout-20260602T071913Z-11-009.zip,takeout-20260602T071913Z-11-009.zip,Takeout/Drive/Pictures/2010/Road trip to Fl with Kameron-Nov 2010 (31).JPG,[Errno 28] No space left on device
C:\Users\thoma\Documents\Cyber Crimes Tools\Takeout Zips\takeout-20260602T071913Z-11-009.zip,takeout-20260602T071913Z-11-009.zip,Takeout/Drive/Pictures/2011/Nov 8 2011 (11).JPG,[Errno 28] No space left on device
C:\Users\thoma\Documents\Cyber Crimes Tools\Takeout Zips\takeout-20260602T071913Z-11-009.zip,takeout-20260602T071913Z-11-009.zip,Takeout/Drive/Pictures/2010/Road trip to Fl with Kameron-Nov 2010 (30).JPG,[Errno 28] No space left on device
C:\Users\thoma\Documents\Cyber Crimes Tools\Takeout Zips\takeout-20260602T071913Z-11-009.zip,takeout-20260602T071913Z-11-009.zip,Takeout/Drive/Pictures/2010/Road trip to Fl with Kameron-Nov 2010 (3).JPG,[Errno 28] No space left on device
C:\Users\thoma\Documents\Cyber Crimes Tools\Takeout Zips\takeout-20260602T071913Z-11-009.zip,takeout-20260602T071913Z-11-009.zip,Takeout/Drive/Pictures/2011/Nov 8 2011 (10).JPG,[Errno 28] No space left on device
C:\Users\thoma\Documents\Cyber Crimes Tools\Takeout Zips\takeout-20260602T071913Z-11-009.zip,takeout-20260602T071913Z-11-009.zip,Takeout/Drive/Pictures/2010/Road trip to Fl with Kameron-Nov 2010 (33).JPG,[Errno 28] No space left on device
C:\Users\thoma\Documents\Cyber Crimes Tools\Takeout Zips\takeout-20260602T071913Z-11-009.zip,takeout-20260602T071913Z-11-009.zip,Takeout/Drive/Pictures/2010/Road trip to Fl with Kameron-Nov 2010 (29).JPG,[Errno 28] No space left on device
C:\Users\thoma\Documents\Cyber Crimes Tools\Takeout Zips\takeout-20260602T071913Z-11-009.zip,takeout-20260602T071913Z-11-009.zip,Takeout/Drive/Pictures/2011/Nov 8 2011 (1).JPG,[Errno 28] No space left on device
C:\Users\thoma\Documents\Cyber Crimes Tools\Takeout Zips\takeout-20260602T071913Z-11-009.zip,takeout-20260602T071913Z-11-009.zip,Takeout/Drive/Pictures/2009/SB Zoo 2009 (8).jpg,[Errno 28] No space left on device
C:\Users\thoma\Documents\Cyber Crimes Tools\Takeout Zips\takeout-20260602T071913Z-11-009.zip,takeout-20260602T071913Z-11-009.zip,Takeout/Drive/Pictures/2009/SB Zoo 2009 (6).jpg,[Errno 28] No space left on device
C:\Users\thoma\Documents\Cyber Crimes Tools\Takeout Zips\takeout-20260602T071913Z-11-009.zip,takeout-20260602T071913Z-11-009.zip,Takeout/Drive/Pictures/2010/Road trip to Fl with Kameron-Nov 2010 (28).JPG,[Errno 28] No space left on device
C:\Users\thoma\Documents\Cyber Crimes Tools\Takeout Zips\takeout-20260602T071913Z-11-009.zip,takeout-20260602T071913Z-11-009.zip,Takeout/Drive/Pictures/2009/SB Zoo 2009 (7).jpg,[Errno 28] No space left on device: 'C:\\Users\\thoma\\Documents\\Cyber Crimes Tools\\Takeout Extracted\\Takeout\\Drive\\Pictures\\2009\\SB Zoo 2009 (7).jpg'
C:\Users\thoma\Documents\Cyber Crimes Tools\Takeout Zips\takeout-20260602T071913Z-11-009.zip,takeout-20260602T071913Z-11-009.zip,Takeout/Drive/Pictures/2010/Road trip to Fl with Kameron-Nov 2010 (27).JPG,[Errno 28] No space left on device
C:\Users\thoma\Documents\Cyber Crimes Tools\Takeout Zips\takeout-20260602T071913Z-11-009.zip,takeout-20260602T071913Z-11-009.zip,Takeout/Drive/Pictures/2009/SB Zoo 2009 (3).jpg,[Errno 28] No space left on device: 'C:\\Users\\thoma\\Documents\\Cyber Crimes Tools\\Takeout Extracted\\Takeout\\Drive\\Pictures\\2009\\SB Zoo 2009 (3).jpg'
C:\Users\thoma\Documents\Cyber Crimes Tools\Takeout Zips\takeout-20260602T071913Z-11-009.zip,takeout-20260602T071913Z-11-009.zip,Takeout/Drive/Pictures/2009/SB Zoo 2009 (4).jpg,[Errno 28] No space left on device: 'C:\\Users\\thoma\\Documents\\Cyber Crimes Tools\\Takeout Extracted\\Takeout\\Drive\\Pictures\\2009\\SB Zoo 2009 (4).jpg'
C:\Users\thoma\Documents\Cyber Crimes Tools\Takeout Zips\takeout-20260602T071913Z-11-009.zip,takeout-20260602T071913Z-11-009.zip,Takeout/Drive/Pictures/2009/Nov 2009 (9).JPG,[Errno 28] No space left on device
C:\Users\thoma\Documents\Cyber Crimes Tools\Takeout Zips\takeout-20260602T071913Z-11-009.zip,takeout-20260602T071913Z-11-009.zip,Takeout/Drive/Pictures/2010/Road trip to Fl with Kameron-Nov 2010 (26).JPG,[Errno 28] No space left on device
C:\Users\thoma\Documents\Cyber Crimes Tools\Takeout Zips\takeout-20260602T071913Z-11-009.zip,takeout-20260602T071913Z-11-009.zip,Takeout/Drive/Pictures/2009/Nov 2009 (6).JPG,[Errno 28] No space left on device
C:\Users\thoma\Documents\Cyber Crimes Tools\Takeout Zips\takeout-20260602T071913Z-11-009.zip,takeout-20260602T071913Z-11-009.zip,Takeout/Drive/Pictures/2009/Nov 2009 (8).JPG,[Errno 28] No space left on device
C:\Users\thoma\Documents\Cyber Crimes Tools\Takeout Zips\takeout-20260602T071913Z-11-009.zip,takeout-20260602T071913Z-11-009.zip,Takeout/Drive/Pictures/2009/Nov 2009 (5).JPG,[Errno 28] No space left on device
C:\Users\thoma\Documents\Cyber Crimes Tools\Takeout Zips\takeout-20260602T071913Z-11-009.zip,takeout-20260602T071913Z-11-009.zip,Takeout/Drive/Pictures/2009/Nov 2009 (4).JPG,[Errno 28] No space left on device: 'C:\\Users\\thoma\\Documents\\Cyber Crimes Tools\\Takeout Extracted\\Takeout\\Drive\\Pictures\\2009\\Nov 2009 (4).JPG'
C:\Users\thoma\Documents\Cyber Crimes Tools\Takeout Zips\takeout-20260602T071913Z-11-009.zip,takeout-20260602T071913Z-11-009.zip,Takeout/Drive/Pictures/2009/Nov 2009 (7).JPG,[Errno 28] No space left on device: 'C:\\Users\\thoma\\Documents\\Cyber Crimes Tools\\Takeout Extracted\\Takeout\\Drive\\Pictures\\2009\\Nov 2009 (7).JPG'
C:\Users\thoma\Documents\Cyber Crimes Tools\Takeout Zips\takeout-20260602T071913Z-11-009.zip,takeout-20260602T071913Z-11-009.zip,Takeout/Drive/Discretionary Trading Authority - Lucror Capita.pdf,[Errno 28] No space left on device
C:\Users\thoma\Documents\Cyber Crimes Tools\Takeout Zips\takeout-20260602T071913Z-11-009.zip,takeout-20260602T071913Z-11-009.zip,Takeout/Drive/Pictures/2009/Nov 2009 (15).JPG,[Errno 28] No space left on device: 'C:\\Users\\thoma\\Documents\\Cyber Crimes Tools\\Takeout Extracted\\Takeout\\Drive\\Pictures\\2009\\Nov 2009 (15).JPG'
C:\Users\thoma\Documents\Cyber Crimes Tools\Takeout Zips\takeout-20260602T071913Z-11-009.zip,takeout-20260602T071913Z-11-009.zip,Takeout/Drive/Pictures/2009/Nov 2009 (11).png,[Errno 28] No space left on device: 'C:\\Users\\thoma\\Documents\\Cyber Crimes Tools\\Takeout Extracted\\Takeout\\Drive\\Pictures\\2009\\Nov 2009 (11).png'
C:\Users\thoma\Documents\Cyber Crimes Tools\Takeout Zips\takeout-20260602T071913Z-11-009.zip,takeout-20260602T071913Z-11-009.zip,Takeout/Drive/SpaFinder Entire List SpaFinder.xlsx,[Errno 28] No space left on device
C:\Users\thoma\Documents\Cyber Crimes Tools\Takeout Zips\takeout-20260602T071913Z-11-009.zip,takeout-20260602T071913Z-11-009.zip,Takeout/Drive/Replicated Site URL Redirects List.xlsx,[Errno 28] No space left on device
C:\Users\thoma\Documents\Cyber Crimes Tools\Takeout Zips\takeout-20260602T071913Z-11-009.zip,takeout-20260602T071913Z-11-009.zip,"Takeout/Drive/Copy of Avery Shipping Labels, 6 per sheet.docx",[Errno 28] No space left on device
C:\Users\thoma\Documents\Cyber Crimes Tools\Takeout Zips\takeout-20260602T071913Z-11-009.zip,takeout-20260602T071913Z-11-009.zip,Takeout/Drive/Bahama House Coupon Calculation.xlsx,[Errno 28] No space left on device
C:\Users\thoma\Documents\Cyber Crimes Tools\Takeout Zips\takeout-20260602T071913Z-11-009.zip,takeout-20260602T071913Z-11-009.zip,Takeout/Drive/Pictures/2011/Marine Center (3).JPG,[Errno 28] No space left on device
C:\Users\thoma\Documents\Cyber Crimes Tools\Takeout Zips\takeout-20260602T071913Z-11-009.zip,takeout-20260602T071913Z-11-009.zip,Takeout/Drive/It Works Review Bloggers Master List.xlsx,[Errno 28] No space left on device
C:\Users\thoma\Documents\Cyber Crimes Tools\Takeout Zips\takeout-20260602T071913Z-11-009.zip,takeout-20260602T071913Z-11-009.zip,Takeout/Drive/Movies/VIDEO_TS/VTS_07_0.VOB,[Errno 28] No space left on device
C:\Users\thoma\Documents\Cyber Crimes Tools\Takeout Zips\takeout-20260602T071913Z-11-009.zip,takeout-20260602T071913Z-11-009.zip,Takeout/Drive/Movies/VIDEO_TS/VIDEO_TS.VOB,[Errno 28] No space left on device
C:\Users\thoma\Documents\Cyber Crimes Tools\Takeout Zips\takeout-20260602T071913Z-11-009.zip,takeout-20260602T071913Z-11-009.zip,Takeout/Drive/Family Birthday Lists.xlsx,[Errno 28] No space left on device
C:\Users\thoma\Documents\Cyber Crimes Tools\Takeout Zips\takeout-20260602T071913Z-11-009.zip,takeout-20260602T071913Z-11-009.zip,Takeout/Drive/Credit Application-ECO-GEN.docx,[Errno 28] No space left on device
C:\Users\thoma\Documents\Cyber Crimes Tools\Takeout Zips\takeout-20260602T071913Z-11-009.zip,takeout-20260602T071913Z-11-009.zip,Takeout/Drive/Copy of Helo_BusinessPlan_May_2019_Edits.docx-driv.html,[Errno 28] No space left on device
C:\Users\thoma\Documents\Cyber Crimes Tools\Takeout Zips\takeout-20260602T071913Z-11-009.zip,takeout-20260602T071913Z-11-009.zip,Takeout/Drive/ThomasHurdFA.docx,[Errno 28] No space left on device
C:\Users\thoma\Documents\Cyber Crimes Tools\Takeout Zips\takeout-20260602T071913Z-11-009.zip,takeout-20260602T071913Z-11-009.zip,Takeout/Drive/Mia 1 & 2.xlsx,[Errno 28] No space left on device
C:\Users\thoma\Documents\Cyber Crimes Tools\Takeout Zips\takeout-20260602T071913Z-11-009.zip,takeout-20260602T071913Z-11-009.zip,Takeout/Drive/Tom Hurd Legal/Response to General Interrogatories(2).docx,[Errno 28] No space left on device
C:\Users\thoma\Documents\Cyber Crimes Tools\Takeout Zips\takeout-20260602T071913Z-11-009.zip,takeout-20260602T071913Z-11-009.zip,Takeout/Drive/Untitled spreadsheet(28).xlsx,[Errno 28] No space left on device
C:\Users\thoma\Documents\Cyber Crimes Tools\Takeout Zips\takeout-20260602T071913Z-11-009.zip,takeout-20260602T071913Z-11-009.zip,Takeout/Drive/Tom Hurd Legal/Response to General Interrogatories(1).docx,[Errno 28] No space left on device
C:\Users\thoma\Documents\Cyber Crimes Tools\Takeout Zips\takeout-20260602T071913Z-11-009.zip,takeout-20260602T071913Z-11-009.zip,Takeout/Drive/Pictures/2010/new pics 374.jpg,[Errno 28] No space left on device
C:\Users\thoma\Documents\Cyber Crimes Tools\Takeout Zips\takeout-20260602T071913Z-11-009.zip,takeout-20260602T071913Z-11-009.zip,Takeout/Drive/Pictures/2010/new pics 371.jpg,[Errno 28] No space left on device
C:\Users\thoma\Documents\Cyber Crimes Tools\Takeout Zips\takeout-20260602T071913Z-11-009.zip,takeout-20260602T071913Z-11-009.zip,Takeout/Drive/Campaign Tracking Spreadsheet.xlsx,[Errno 28] No space left on device
C:\Users\thoma\Documents\Cyber Crimes Tools\Takeout Zips\takeout-20260602T071913Z-11-010.zip,takeout-20260602T071913Z-11-010.zip,Takeout/Drive/Movies/VIDEO_TS/VTS_01_4.VOB,[Errno 28] No space left on device
C:\Users\thoma\Documents\Cyber Crimes Tools\Takeout Zips\takeout-20260602T071913Z-11-010.zip,takeout-20260602T071913Z-11-010.zip,Takeout/Drive/Movies/VIDEO_TS/VTS_01_3.VOB,[Errno 28] No space left on device
C:\Users\thoma\Documents\Cyber Crimes Tools\Takeout Zips\takeout-20260602T071913Z-11-010.zip,takeout-20260602T071913Z-11-010.zip,Takeout/Drive/Hurd Family Legal/July 11 Trial/VMC-Part1.mp4,[Errno 28] No space left on device
C:\Users\thoma\Documents\Cyber Crimes Tools\Takeout Zips\takeout-20260602T071913Z-11-010.zip,takeout-20260602T071913Z-11-010.zip,Takeout/Drive/Pictures/2009/Nov 2009 (3).JPG,[Errno 28] No space left on device: 'C:\\Users\\thoma\\Documents\\Cyber Crimes Tools\\Takeout Extracted\\Takeout\\Drive\\Pictures\\2009\\Nov 2009 (3).JPG'
C:\Users\thoma\Documents\Cyber Crimes Tools\Takeout Zips\takeout-20260602T071913Z-11-010.zip,takeout-20260602T071913Z-11-010.zip,Takeout/Drive/Pictures/2009/Nov 2009 (2).JPG,[Errno 28] No space left on device: 'C:\\Users\\thoma\\Documents\\Cyber Crimes Tools\\Takeout Extracted\\Takeout\\Drive\\Pictures\\2009\\Nov 2009 (2).JPG'
C:\Users\thoma\Documents\Cyber Crimes Tools\Takeout Zips\takeout-20260602T071913Z-11-010.zip,takeout-20260602T071913Z-11-010.zip,Takeout/Drive/Pictures/2009/Nov 2009 (13).JPG,[Errno 28] No space left on device: 'C:\\Users\\thoma\\Documents\\Cyber Crimes Tools\\Takeout Extracted\\Takeout\\Drive\\Pictures\\2009\\Nov 2009 (13).JPG'
C:\Users\thoma\Documents\Cyber Crimes Tools\Takeout Zips\takeout-20260602T071913Z-11-010.zip,takeout-20260602T071913Z-11-010.zip,Takeout/Drive/Pictures/2009/Nov 2009 (14).JPG,[Errno 28] No space left on device: 'C:\\Users\\thoma\\Documents\\Cyber Crimes Tools\\Takeout Extracted\\Takeout\\Drive\\Pictures\\2009\\Nov 2009 (14).JPG'
C:\Users\thoma\Documents\Cyber Crimes Tools\Takeout Zips\takeout-20260602T071913Z-11-010.zip,takeout-20260602T071913Z-11-010.zip,Takeout/Drive/Pictures/2009/Nov 2009 (12).JPG,[Errno 28] No space left on device: 'C:\\Users\\thoma\\Documents\\Cyber Crimes Tools\\Takeout Extracted\\Takeout\\Drive\\Pictures\\2009\\Nov 2009 (12).JPG'
C:\Users\thoma\Documents\Cyber Crimes Tools\Takeout Zips\takeout-20260602T071913Z-11-010.zip,takeout-20260602T071913Z-11-010.zip,Takeout/Drive/Pictures/2009/Nov 2009 (11).JPG,[Errno 28] No space left on device: 'C:\\Users\\thoma\\Documents\\Cyber Crimes Tools\\Takeout Extracted\\Takeout\\Drive\\Pictures\\2009\\Nov 2009 (11).JPG'
C:\Users\thoma\Documents\Cyber Crimes Tools\Takeout Zips\takeout-20260602T071913Z-11-010.zip,takeout-20260602T071913Z-11-010.zip,Takeout/Drive/Pictures/2010/Road trip to Fl with Kameron-Nov 2010 (13).JPG,[Errno 28] No space left on device
C:\Users\thoma\Documents\Cyber Crimes Tools\Takeout Zips\takeout-20260602T071913Z-11-010.zip,takeout-20260602T071913Z-11-010.zip,Takeout/Drive/VIDEO-2020-06-14-08-40-42.mp4,[Errno 28] No space left on device
C:\Users\thoma\Documents\Cyber Crimes Tools\Takeout Zips\takeout-20260602T071913Z-11-010.zip,takeout-20260602T071913Z-11-010.zip,Takeout/Drive/Movies/VIDEO_TS/VTS_01_1.VOB,[Errno 28] No space left on device
C:\Users\thoma\Documents\Cyber Crimes Tools\Takeout Zips\takeout-20260602T071913Z-11-010.zip,takeout-20260602T071913Z-11-010.zip,"Takeout/Drive/Pictures/2011/Spruce Creek Park Feb, 2011 (28).JPG",[Errno 28] No space left on device
C:\Users\thoma\Documents\Cyber Crimes Tools\Takeout Zips\takeout-20260602T071913Z-11-010.zip,takeout-20260602T071913Z-11-010.zip,Takeout/Drive/Tom Hurd Legal/LPOA ATC Brokers Robin Rios.jpg,[Errno 28] No space left on device
C:\Users\thoma\Documents\Cyber Crimes Tools\Takeout Zips\takeout-20260602T071913Z-11-010.zip,takeout-20260602T071913Z-11-010.zip,Takeout/Drive/12-26-75/04 Ep. 4 Day Two.mp3,[Errno 28] No space left on device
C:\Users\thoma\Documents\Cyber Crimes Tools\Takeout Zips\takeout-20260602T071913Z-11-010.zip,takeout-20260602T071913Z-11-010.zip,Takeout/Drive/12-26-75/03 Ep. 3 The Invoice Book.mp3,[Errno 28] No space left on device
C:\Users\thoma\Documents\Cyber Crimes Tools\Takeout Zips\takeout-20260602T071913Z-11-010.zip,takeout-20260602T071913Z-11-010.zip,Takeout/Drive/Pictures/2010/Window art! Dec 2010 (2).JPG,[Errno 28] No space left on device
C:\Users\thoma\Documents\Cyber Crimes Tools\Takeout Zips\takeout-20260602T071913Z-11-010.zip,takeout-20260602T071913Z-11-010.zip,Takeout/Drive/Pictures/2010/Window art! Dec 2010 (1).JPG,[Errno 28] No space left on device
C:\Users\thoma\Documents\Cyber Crimes Tools\Takeout Zips\takeout-20260602T071913Z-11-010.zip,takeout-20260602T071913Z-11-010.zip,Takeout/Drive/Pictures/2011/Pals-Jan 2011 (1).MOV,[Errno 28] No space left on device
C:\Users\thoma\Documents\Cyber Crimes Tools\Takeout Zips\takeout-20260602T071913Z-11-010.zip,takeout-20260602T071913Z-11-010.zip,Takeout/Drive/SCN1584729170436.pdf,[Errno 28] No space left on device
C:\Users\thoma\Documents\Cyber Crimes Tools\Takeout Zips\takeout-20260602T071913Z-11-011.zip,takeout-20260602T071913Z-11-011.zip,Takeout/Drive/Movies/VIDEO_TS/VTS_01_2.VOB,[Errno 28] No space left on device
C:\Users\thoma\Documents\Cyber Crimes Tools\Takeout Zips\takeout-20260602T071913Z-11-011.zip,takeout-20260602T071913Z-11-011.zip,Takeout/Drive/Authority Syndicate.avi,[Errno 28] No space left on device
C:\Users\thoma\Documents\Cyber Crimes Tools\Takeout Zips\takeout-20260602T071913Z-11-011.zip,takeout-20260602T071913Z-11-011.zip,Takeout/Drive/Pictures/2010/Race track - Dec 2010 (5).MOV,[Errno 28] No space left on device
C:\Users\thoma\Documents\Cyber Crimes Tools\Takeout Zips\takeout-20260602T071913Z-11-011.zip,takeout-20260602T071913Z-11-011.zip,Takeout/Drive/Pictures/2010/Race track - Dec 2010 (4).MOV,[Errno 28] No space left on device
C:\Users\thoma\Documents\Cyber Crimes Tools\Takeout Zips\takeout-20260602T071913Z-11-011.zip,takeout-20260602T071913Z-11-011.zip,Takeout/Drive/Pictures/2010/Race track - Dec 2010 (3).MOV,[Errno 28] No space left on device
C:\Users\thoma\Documents\Cyber Crimes Tools\Takeout Zips\takeout-20260602T071913Z-11-011.zip,takeout-20260602T071913Z-11-011.zip,Takeout/Drive/Pictures/2010/Race track - Dec 2010 (2).MOV,[Errno 28] No space left on device
C:\Users\thoma\Documents\Cyber Crimes Tools\Takeout Zips\takeout-20260602T071913Z-11-011.zip,takeout-20260602T071913Z-11-011.zip,"Takeout/Drive/Pictures/2011/Spruce Creek Park Feb, 2011 (27).JPG",[Errno 28] No space left on device
C:\Users\thoma\Documents\Cyber Crimes Tools\Takeout Zips\takeout-20260602T071913Z-11-011.zip,takeout-20260602T071913Z-11-011.zip,Takeout/Drive/12-26-75/02 Ep. 2 Donna_s Missing.mp3,[Errno 28] No space left on device
C:\Users\thoma\Documents\Cyber Crimes Tools\Takeout Zips\takeout-20260602T071913Z-11-011.zip,takeout-20260602T071913Z-11-011.zip,Takeout/Drive/Kula Yoga/IMG_0244.JPG,[Errno 28] No space left on device
C:\Users\thoma\Documents\Cyber Crimes Tools\Takeout Zips\takeout-20260602T071913Z-11-011.zip,takeout-20260602T071913Z-11-011.zip,Takeout/Drive/Gillette Fusion Back.jpg,[Errno 28] No space left on device
C:\Users\thoma\Documents\Cyber Crimes Tools\Takeout Zips\takeout-20260602T071913Z-11-011.zip,takeout-20260602T071913Z-11-011.zip,Takeout/Drive/Movies/VIDEO_TS/VTS_01_0.VOB,[Errno 28] No space left on device
C:\Users\thoma\Documents\Cyber Crimes Tools\Takeout Zips\takeout-20260602T071913Z-11-011.zip,takeout-20260602T071913Z-11-011.zip,Takeout/Drive/Pictures/2010/What_s in the cookie jar project (9).JPG,[Errno 28] No space left on device
C:\Users\thoma\Documents\Cyber Crimes Tools\Takeout Zips\takeout-20260602T071913Z-11-011.zip,takeout-20260602T071913Z-11-011.zip,Takeout/Drive/Kula Yoga/IMG_0253.JPG,[Errno 28] No space left on device
C:\Users\thoma\Documents\Cyber Crimes Tools\Takeout Zips\takeout-20260602T071913Z-11-011.zip,takeout-20260602T071913Z-11-011.zip,Takeout/Drive/Pictures/2011/Nov 12 2011 (41).JPG,[Errno 28] No space left on device
C:\Users\thoma\Documents\Cyber Crimes Tools\Takeout Zips\takeout-20260602T071913Z-11-011.zip,takeout-20260602T071913Z-11-011.zip,Takeout/Drive/Pictures/2009/2009 191.jpg,[Errno 28] No space left on device
C:\Users\thoma\Documents\Cyber Crimes Tools\Takeout Zips\takeout-20260602T071913Z-11-011.zip,takeout-20260602T071913Z-11-011.zip,Takeout/Drive/SCN1584728596701.pdf,[Errno 28] No space left on device
C:\Users\thoma\Documents\Cyber Crimes Tools\Takeout Zips\takeout-20260602T071913Z-11-011.zip,takeout-20260602T071913Z-11-011.zip,Takeout/Drive/Kula Yoga/IMG_0243.JPG,[Errno 28] No space left on device
C:\Users\thoma\Documents\Cyber Crimes Tools\Takeout Zips\takeout-20260602T071913Z-11-011.zip,takeout-20260602T071913Z-11-011.zip,Takeout/Drive/Movies/VIDEO_TS/VTS_07_1.VOB,[Errno 28] No space left on device
C:\Users\thoma\Documents\Cyber Crimes Tools\Takeout Zips\takeout-20260602T071913Z-11-011.zip,takeout-20260602T071913Z-11-011.zip,Takeout/Drive/SCN1594668523355.pdf,[Errno 28] No space left on device
C:\Users\thoma\Documents\Cyber Crimes Tools\Takeout Zips\takeout-20260602T071913Z-11-011.zip,takeout-20260602T071913Z-11-011.zip,Takeout/Drive/Expert IT/Email records(1).xlsx,[Errno 28] No space left on device
C:\Users\thoma\Documents\Cyber Crimes Tools\Takeout Zips\takeout-20260602T071913Z-11-011.zip,takeout-20260602T071913Z-11-011.zip,Takeout/Drive/Authority Syndicate.1.mp4,[Errno 28] No space left on device
C:\Users\thoma\Documents\Cyber Crimes Tools\Takeout Zips\takeout-20260602T071913Z-11-011.zip,takeout-20260602T071913Z-11-011.zip,Takeout/Drive/Pictures/2011/Nov 12 2011 (17).JPG,[Errno 28] No space left on device
C:\Users\thoma\Documents\Cyber Crimes Tools\Takeout Zips\takeout-20260602T071913Z-11-011.zip,takeout-20260602T071913Z-11-011.zip,Takeout/Drive/Pictures/2009/2009 107.jpg,[Errno 28] No space left on device
C:\Users\thoma\Documents\Cyber Crimes Tools\Takeout Zips\takeout-20260602T071913Z-11-011.zip,takeout-20260602T071913Z-11-011.zip,Takeout/Drive/Pictures/2009/2009 104.jpg,[Errno 28] No space left on device
C:\Users\thoma\Documents\Cyber Crimes Tools\Takeout Zips\takeout-20260602T071913Z-11-011.zip,takeout-20260602T071913Z-11-011.zip,Takeout/Drive/Pictures/2009/2009 101.jpg,[Errno 28] No space left on device
C:\Users\thoma\Documents\Cyber Crimes Tools\Takeout Zips\takeout-20260602T071913Z-11-011.zip,takeout-20260602T071913Z-11-011.zip,Takeout/Drive/Pictures/2010/Race track - Dec 2010 (15).JPG,[Errno 28] No space left on device
C:\Users\thoma\Documents\Cyber Crimes Tools\Takeout Zips\takeout-20260602T071913Z-11-011.zip,takeout-20260602T071913Z-11-011.zip,Takeout/Drive/Pictures/2010/Race track - Dec 2010 (12).JPG,[Errno 28] No space left on device
C:\Users\thoma\Documents\Cyber Crimes Tools\Takeout Zips\takeout-20260602T071913Z-11-011.zip,takeout-20260602T071913Z-11-011.zip,Takeout/Drive/Pictures/2010/Race track - Dec 2010 (11).JPG,[Errno 28] No space left on device
C:\Users\thoma\Documents\Cyber Crimes Tools\Takeout Zips\takeout-20260602T071913Z-11-011.zip,takeout-20260602T071913Z-11-011.zip,Takeout/Drive/Pictures/2010/Race track - Dec 2010 (1).MOV,[Errno 28] No space left on device
C:\Users\thoma\Documents\Cyber Crimes Tools\Takeout Zips\takeout-20260602T071913Z-11-011.zip,takeout-20260602T071913Z-11-011.zip,Takeout/Drive/Pictures/2010/playtime - Sep 2010 (8).JPG,[Errno 28] No space left on device
C:\Users\thoma\Documents\Cyber Crimes Tools\Takeout Zips\takeout-20260602T071913Z-11-011.zip,takeout-20260602T071913Z-11-011.zip,Takeout/Drive/Pictures/2010/playtime - Sep 2010 (6).JPG,[Errno 28] No space left on device
C:\Users\thoma\Documents\Cyber Crimes Tools\Takeout Zips\takeout-20260602T071913Z-11-011.zip,takeout-20260602T071913Z-11-011.zip,Takeout/Drive/Pictures/2010/playtime - Sep 2010 (3).JPG,[Errno 28] No space left on device
C:\Users\thoma\Documents\Cyber Crimes Tools\Takeout Zips\takeout-20260602T071913Z-11-011.zip,takeout-20260602T071913Z-11-011.zip,Takeout/Drive/Pictures/2010/playtime - Sep 2010 (21).JPG,[Errno 28] No space left on device
C:\Users\thoma\Documents\Cyber Crimes Tools\Takeout Zips\takeout-20260602T071913Z-11-011.zip,takeout-20260602T071913Z-11-011.zip,Takeout/Drive/Pictures/2010/playtime - Sep 2010 (19).JPG,[Errno 28] No space left on device
C:\Users\thoma\Documents\Cyber Crimes Tools\Takeout Zips\takeout-20260602T071913Z-11-011.zip,takeout-20260602T071913Z-11-011.zip,Takeout/Drive/Pictures/2010/playtime - Sep 2010 (18).JPG,[Errno 28] No space left on device
C:\Users\thoma\Documents\Cyber Crimes Tools\Takeout Zips\takeout-20260602T071913Z-11-011.zip,takeout-20260602T071913Z-11-011.zip,Takeout/Drive/Pictures/2010/playtime - Sep 2010 (2).JPG,[Errno 28] No space left on device
C:\Users\thoma\Documents\Cyber Crimes Tools\Takeout Zips\takeout-20260602T071913Z-11-011.zip,takeout-20260602T071913Z-11-011.zip,Takeout/Drive/Pictures/2010/playtime - Sep 2010 (17).JPG,[Errno 28] No space left on device
C:\Users\thoma\Documents\Cyber Crimes Tools\Takeout Zips\takeout-20260602T071913Z-11-011.zip,takeout-20260602T071913Z-11-011.zip,Takeout/Drive/Pictures/2010/playtime - Sep 2010 (16).JPG,[Errno 28] No space left on device
C:\Users\thoma\Documents\Cyber Crimes Tools\Takeout Zips\takeout-20260602T071913Z-11-011.zip,takeout-20260602T071913Z-11-011.zip,Takeout/Drive/Pictures/2010/playtime - Sep 2010 (15).JPG,[Errno 28] No space left on device
C:\Users\thoma\Documents\Cyber Crimes Tools\Takeout Zips\takeout-20260602T071913Z-11-011.zip,takeout-20260602T071913Z-11-011.zip,Takeout/Drive/Pictures/2010/playtime - Sep 2010 (14).JPG,[Errno 28] No space left on device
C:\Users\thoma\Documents\Cyber Crimes Tools\Takeout Zips\takeout-20260602T071913Z-11-011.zip,takeout-20260602T071913Z-11-011.zip,Takeout/Drive/Pictures/2009/2009 060.jpg,[Errno 28] No space left on device
C:\Users\thoma\Documents\Cyber Crimes Tools\Takeout Zips\takeout-20260602T071913Z-11-011.zip,takeout-20260602T071913Z-11-011.zip,Takeout/Drive/Pictures/2010/playtime - Sep 2010 (2).MOV,[Errno 28] No space left on device
C:\Users\thoma\Documents\Cyber Crimes Tools\Takeout Zips\takeout-20260602T071913Z-11-011.zip,takeout-20260602T071913Z-11-011.zip,Takeout/Drive/Pictures/2009/2009 053.jpg,[Errno 28] No space left on device: 'C:\\Users\\thoma\\Documents\\Cyber Crimes Tools\\Takeout Extracted\\Takeout\\Drive\\Pictures\\2009\\2009 053.jpg'
C:\Users\thoma\Documents\Cyber Crimes Tools\Takeout Zips\takeout-20260602T071913Z-11-011.zip,takeout-20260602T071913Z-11-011.zip,Takeout/Drive/Parenting Plan.docx,[Errno 28] No space left on device
C:\Users\thoma\Documents\Cyber Crimes Tools\Takeout Zips\takeout-20260602T071913Z-11-011.zip,takeout-20260602T071913Z-11-011.zip,Takeout/Drive/Pictures/2009/2009 047.jpg,[Errno 28] No space left on device: 'C:\\Users\\thoma\\Documents\\Cyber Crimes Tools\\Takeout Extracted\\Takeout\\Drive\\Pictures\\2009\\2009 047.jpg'
C:\Users\thoma\Documents\Cyber Crimes Tools\Takeout Zips\takeout-20260602T071913Z-11-011.zip,takeout-20260602T071913Z-11-011.zip,Takeout/Drive/Pictures/2009/2009 049.jpg,[Errno 28] No space left on device: 'C:\\Users\\thoma\\Documents\\Cyber Crimes Tools\\Takeout Extracted\\Takeout\\Drive\\Pictures\\2009\\2009 049.jpg'
C:\Users\thoma\Documents\Cyber Crimes Tools\Takeout Zips\takeout-20260602T071913Z-11-011.zip,takeout-20260602T071913Z-11-011.zip,Takeout/Drive/Pictures/2009/2009 044.jpg,[Errno 28] No space left on device: 'C:\\Users\\thoma\\Documents\\Cyber Crimes Tools\\Takeout Extracted\\Takeout\\Drive\\Pictures\\2009\\2009 044.jpg'
C:\Users\thoma\Documents\Cyber Crimes Tools\Takeout Zips\takeout-20260602T071913Z-11-011.zip,takeout-20260602T071913Z-11-011.zip,Takeout/Drive/Pictures/2009/2009 040.jpg,[Errno 28] No space left on device
C:\Users\thoma\Documents\Cyber Crimes Tools\Takeout Zips\takeout-20260602T071913Z-11-011.zip,takeout-20260602T071913Z-11-011.zip,Takeout/Drive/Pictures/2010/October 2010 (4).JPG,[Errno 28] No space left on device
C:\Users\thoma\Documents\Cyber Crimes Tools\Takeout Zips\takeout-20260602T071913Z-11-011.zip,takeout-20260602T071913Z-11-011.zip,Takeout/Drive/Pictures/2010/October 2010 (28).JPG,[Errno 28] No space left on device
C:\Users\thoma\Documents\Cyber Crimes Tools\Takeout Zips\takeout-20260602T071913Z-11-011.zip,takeout-20260602T071913Z-11-011.zip,Takeout/Drive/SEO Project proposal.docx,[Errno 28] No space left on device
C:\Users\thoma\Documents\Cyber Crimes Tools\Takeout Zips\takeout-20260602T071913Z-11-011.zip,takeout-20260602T071913Z-11-011.zip,Takeout/Drive/Pictures/2009/2009 048.jpg,[Errno 28] No space left on device
C:\Users\thoma\Documents\Cyber Crimes Tools\Takeout Zips\takeout-20260602T071913Z-11-011.zip,takeout-20260602T071913Z-11-011.zip,Takeout/Drive/Pictures/2009/2009 036.jpg,[Errno 28] No space left on device
C:\Users\thoma\Documents\Cyber Crimes Tools\Takeout Zips\takeout-20260602T071913Z-11-011.zip,takeout-20260602T071913Z-11-011.zip,Takeout/Drive/Pictures/2010/October 2010 (3).JPG,[Errno 28] No space left on device
C:\Users\thoma\Documents\Cyber Crimes Tools\Takeout Zips\takeout-20260602T071913Z-11-011.zip,takeout-20260602T071913Z-11-011.zip,Takeout/Drive/Pictures/2010/October 2010 (27).JPG,[Errno 28] No space left on device
C:\Users\thoma\Documents\Cyber Crimes Tools\Takeout Zips\takeout-20260602T071913Z-11-011.zip,takeout-20260602T071913Z-11-011.zip,Takeout/Drive/Pictures/2010/October 2010 (26).JPG,[Errno 28] No space left on device
C:\Users\thoma\Documents\Cyber Crimes Tools\Takeout Zips\takeout-20260602T071913Z-11-011.zip,takeout-20260602T071913Z-11-011.zip,Takeout/Drive/Pictures/2010/October 2010 (25).JPG,[Errno 28] No space left on device
C:\Users\thoma\Documents\Cyber Crimes Tools\Takeout Zips\takeout-20260602T071913Z-11-011.zip,takeout-20260602T071913Z-11-011.zip,Takeout/Drive/Pictures/2010/October 2010 (23).JPG,[Errno 28] No space left on device
C:\Users\thoma\Documents\Cyber Crimes Tools\Takeout Zips\takeout-20260602T071913Z-11-011.zip,takeout-20260602T071913Z-11-011.zip,Takeout/Drive/Pictures/2010/October 2010 (20).JPG,[Errno 28] No space left on device
C:\Users\thoma\Documents\Cyber Crimes Tools\Takeout Zips\takeout-20260602T071913Z-11-011.zip,takeout-20260602T071913Z-11-011.zip,Takeout/Drive/Pictures/2010/October 2010 (24).JPG,[Errno 28] No space left on device
C:\Users\thoma\Documents\Cyber Crimes Tools\Takeout Zips\takeout-20260602T071913Z-11-011.zip,takeout-20260602T071913Z-11-011.zip,Takeout/Drive/Pictures/2010/October 2010 (21).JPG,[Errno 28] No space left on device
C:\Users\thoma\Documents\Cyber Crimes Tools\Takeout Zips\takeout-20260602T071913Z-11-011.zip,takeout-20260602T071913Z-11-011.zip,Takeout/Drive/Pictures/2010/October 2010 (2).JPG,[Errno 28] No space left on device
C:\Users\thoma\Documents\Cyber Crimes Tools\Takeout Zips\takeout-20260602T071913Z-11-011.zip,takeout-20260602T071913Z-11-011.zip,Takeout/Drive/Pictures/2010/October 2010 (19).JPG,[Errno 28] No space left on device
C:\Users\thoma\Documents\Cyber Crimes Tools\Takeout Zips\takeout-20260602T071913Z-11-011.zip,takeout-20260602T071913Z-11-011.zip,Takeout/Drive/Pictures/2010/October 2010 (18).JPG,[Errno 28] No space left on device
C:\Users\thoma\Documents\Cyber Crimes Tools\Takeout Zips\takeout-20260602T071913Z-11-011.zip,takeout-20260602T071913Z-11-011.zip,Takeout/Drive/Pictures/2011/Nov 12 2011 (16).JPG,[Errno 28] No space left on device
C:\Users\thoma\Documents\Cyber Crimes Tools\Takeout Zips\takeout-20260602T071913Z-11-011.zip,takeout-20260602T071913Z-11-011.zip,Takeout/Drive/Pictures/2011/Nov 12 2011 (12).JPG,[Errno 28] No space left on device
C:\Users\thoma\Documents\Cyber Crimes Tools\Takeout Zips\takeout-20260602T071913Z-11-011.zip,takeout-20260602T071913Z-11-011.zip,Takeout/Drive/Pictures/2011/Nov 12 2011 (13).JPG,[Errno 28] No space left on device
C:\Users\thoma\Documents\Cyber Crimes Tools\Takeout Zips\takeout-20260602T071913Z-11-011.zip,takeout-20260602T071913Z-11-011.zip,Takeout/Drive/Pictures/2011/Nov 12 2011 (14).JPG,[Errno 28] No space left on device
C:\Users\thoma\Documents\Cyber Crimes Tools\Takeout Zips\takeout-20260602T071913Z-11-011.zip,takeout-20260602T071913Z-11-011.zip,Takeout/Drive/Pictures/2011/Nov 12 2011 (11).JPG,[Errno 28] No space left on device
C:\Users\thoma\Documents\Cyber Crimes Tools\Takeout Zips\takeout-20260602T071913Z-11-011.zip,takeout-20260602T071913Z-11-011.zip,Takeout/Drive/Pictures/2011/Nov 12 2011 (10).JPG,[Errno 28] No space left on device
C:\Users\thoma\Documents\Cyber Crimes Tools\Takeout Zips\takeout-20260602T071913Z-11-011.zip,takeout-20260602T071913Z-11-011.zip,Takeout/Drive/Pictures/2011/Nov 12 2011 (1).JPG,[Errno 28] No space left on device
C:\Users\thoma\Documents\Cyber Crimes Tools\Takeout Zips\takeout-20260602T071913Z-11-011.zip,takeout-20260602T071913Z-11-011.zip,Takeout/Drive/Pictures/2011/Mr. Incredible-Feb 2011 (5).JPG,[Errno 28] No space left on device
C:\Users\thoma\Documents\Cyber Crimes Tools\Takeout Zips\takeout-20260602T071913Z-11-011.zip,takeout-20260602T071913Z-11-011.zip,Takeout/Drive/Pictures/2011/Mr. Incredible-Feb 2011 (3).JPG,[Errno 28] No space left on device
C:\Users\thoma\Documents\Cyber Crimes Tools\Takeout Zips\takeout-20260602T071913Z-11-011.zip,takeout-20260602T071913Z-11-011.zip,Takeout/Drive/Pictures/2011/Mr. Incredible-Feb 2011 (4).JPG,[Errno 28] No space left on device
C:\Users\thoma\Documents\Cyber Crimes Tools\Takeout Zips\takeout-20260602T071913Z-11-011.zip,takeout-20260602T071913Z-11-011.zip,Takeout/Drive/Pictures/2011/MOV02010.MPG,[Errno 28] No space left on device
C:\Users\thoma\Documents\Cyber Crimes Tools\Takeout Zips\takeout-20260602T071913Z-11-011.zip,takeout-20260602T071913Z-11-011.zip,Takeout/Drive/Pictures/2011/MOV01987.MPG,[Errno 28] No space left on device
C:\Users\thoma\Documents\Cyber Crimes Tools\Takeout Zips\takeout-20260602T071913Z-11-011.zip,takeout-20260602T071913Z-11-011.zip,Takeout/Drive/Pictures/2011/MOV01954.MPG,[Errno 28] No space left on device
C:\Users\thoma\Documents\Cyber Crimes Tools\Takeout Zips\takeout-20260602T071913Z-11-011.zip,takeout-20260602T071913Z-11-011.zip,Takeout/Drive/Pictures/2011/MOV01956.MPG,[Errno 28] No space left on device
C:\Users\thoma\Documents\Cyber Crimes Tools\Takeout Zips\takeout-20260602T071913Z-11-011.zip,takeout-20260602T071913Z-11-011.zip,Takeout/Drive/Pictures/2009/2009 034.jpg,[Errno 28] No space left on device
C:\Users\thoma\Documents\Cyber Crimes Tools\Takeout Zips\takeout-20260602T071913Z-11-011.zip,takeout-20260602T071913Z-11-011.zip,Takeout/Drive/Pictures/2009/2009 026.jpg,[Errno 28] No space left on device
C:\Users\thoma\Documents\Cyber Crimes Tools\Takeout Zips\takeout-20260602T071913Z-11-011.zip,takeout-20260602T071913Z-11-011.zip,Takeout/Drive/Pictures/2010/Race track - Dec 2010 (13).JPG,[Errno 28] No space left on device
C:\Users\thoma\Documents\Cyber Crimes Tools\Takeout Zips\takeout-20260602T071913Z-11-011.zip,takeout-20260602T071913Z-11-011.zip,Takeout/Drive/Pictures/2009/2009 024.jpg,[Errno 28] No space left on device
C:\Users\thoma\Documents\Cyber Crimes Tools\Takeout Zips\takeout-20260602T071913Z-11-011.zip,takeout-20260602T071913Z-11-011.zip,Takeout/Drive/Pictures/2010/playtime - Sep 2010 (13).JPG,[Errno 28] No space left on device
C:\Users\thoma\Documents\Cyber Crimes Tools\Takeout Zips\takeout-20260602T071913Z-11-011.zip,takeout-20260602T071913Z-11-011.zip,Takeout/Drive/Pictures/2009/2009 018.jpg,[Errno 28] No space left on device
C:\Users\thoma\Documents\Cyber Crimes Tools\Takeout Zips\takeout-20260602T071913Z-11-011.zip,takeout-20260602T071913Z-11-011.zip,Takeout/Drive/JewsCelebratePassover.avi,[Errno 28] No space left on device
C:\Users\thoma\Documents\Cyber Crimes Tools\Takeout Zips\takeout-20260602T071913Z-11-011.zip,takeout-20260602T071913Z-11-011.zip,Takeout/Drive/12-26-75/01 Ep. 1 It_s About Time You Showed Up.mp3,[Errno 28] No space left on device
C:\Users\thoma\Documents\Cyber Crimes Tools\Takeout Zips\takeout-20260602T071913Z-11-011.zip,takeout-20260602T071913Z-11-011.zip,Takeout/Drive/Gillette Fusion Front.jpg,[Errno 28] No space left on device
C:\Users\thoma\Documents\Cyber Crimes Tools\Takeout Zips\takeout-20260602T071913Z-11-011.zip,takeout-20260602T071913Z-11-011.zip,Takeout/Drive/Pictures/2010/playtime - Sep 2010 (11).JPG,[Errno 28] No space left on device
C:\Users\thoma\Documents\Cyber Crimes Tools\Takeout Zips\takeout-20260602T071913Z-11-011.zip,takeout-20260602T071913Z-11-011.zip,Takeout/Drive/Pictures/2010/October 2010 (1).JPG,[Errno 28] No space left on device
C:\Users\thoma\Documents\Cyber Crimes Tools\Takeout Zips\takeout-20260602T071913Z-11-011.zip,takeout-20260602T071913Z-11-011.zip,Takeout/Drive/Pictures/2010/Oct 2010.JPG,[Errno 28] No space left on device
C:\Users\thoma\Documents\Cyber Crimes Tools\Takeout Zips\takeout-20260602T071913Z-11-011.zip,takeout-20260602T071913Z-11-011.zip,Takeout/Drive/Pictures/2010/Oct 2010 (8).JPG,[Errno 28] No space left on device
C:\Users\thoma\Documents\Cyber Crimes Tools\Takeout Zips\takeout-20260602T071913Z-11-011.zip,takeout-20260602T071913Z-11-011.zip,Takeout/Drive/Pictures/2010/Oct 2010 (7).JPG,[Errno 28] No space left on device
C:\Users\thoma\Documents\Cyber Crimes Tools\Takeout Zips\takeout-20260602T071913Z-11-011.zip,takeout-20260602T071913Z-11-011.zip,Takeout/Drive/Pictures/2010/Oct 2010 (6).JPG,[Errno 28] No space left on device
C:\Users\thoma\Documents\Cyber Crimes Tools\Takeout Zips\takeout-20260602T071913Z-11-011.zip,takeout-20260602T071913Z-11-011.zip,Takeout/Drive/Pictures/2010/Oct 2010 (5).JPG,[Errno 28] No space left on device
C:\Users\thoma\Documents\Cyber Crimes Tools\Takeout Zips\takeout-20260602T071913Z-11-011.zip,takeout-20260602T071913Z-11-011.zip,Takeout/Drive/Pictures/2010/Oct 2010 (4).JPG,[Errno 28] No space left on device
C:\Users\thoma\Documents\Cyber Crimes Tools\Takeout Zips\takeout-20260602T071913Z-11-011.zip,takeout-20260602T071913Z-11-011.zip,Takeout/Drive/Pictures/2010/Oct 2010 (15).JPG,[Errno 28] No space left on device
C:\Users\thoma\Documents\Cyber Crimes Tools\Takeout Zips\takeout-20260602T071913Z-11-011.zip,takeout-20260602T071913Z-11-011.zip,Takeout/Drive/Pictures/2010/Oct 2010 (14).JPG,[Errno 28] No space left on device
C:\Users\thoma\Documents\Cyber Crimes Tools\Takeout Zips\takeout-20260602T071913Z-11-011.zip,takeout-20260602T071913Z-11-011.zip,Takeout/Drive/Pictures/2010/Oct 2010 (2).MOV,[Errno 28] No space left on device
C:\Users\thoma\Documents\Cyber Crimes Tools\Takeout Zips\takeout-20260602T071913Z-11-011.zip,takeout-20260602T071913Z-11-011.zip,Takeout/Drive/Pictures/2010/Oct 2010 (12).JPG,[Errno 28] No space left on device
C:\Users\thoma\Documents\Cyber Crimes Tools\Takeout Zips\takeout-20260602T071913Z-11-011.zip,takeout-20260602T071913Z-11-011.zip,Takeout/Drive/Pictures/2010/Oct 2010 (13).JPG,[Errno 28] No space left on device
C:\Users\thoma\Documents\Cyber Crimes Tools\Takeout Zips\takeout-20260602T071913Z-11-011.zip,takeout-20260602T071913Z-11-011.zip,Takeout/Drive/Pictures/2010/Oct 2010 (16).JPG,[Errno 28] No space left on device
C:\Users\thoma\Documents\Cyber Crimes Tools\Takeout Zips\takeout-20260602T071913Z-11-011.zip,takeout-20260602T071913Z-11-011.zip,Takeout/Drive/Pictures/2010/Oct 2010 (11).JPG,[Errno 28] No space left on device
C:\Users\thoma\Documents\Cyber Crimes Tools\Takeout Zips\takeout-20260602T071913Z-11-011.zip,takeout-20260602T071913Z-11-011.zip,Takeout/Drive/Pictures/2011/MOV01953.MPG,[Errno 28] No space left on device
C:\Users\thoma\Documents\Cyber Crimes Tools\Takeout Zips\takeout-20260602T071913Z-11-011.zip,takeout-20260602T071913Z-11-011.zip,Takeout/Drive/Pictures/2011/MOV01951.MPG,[Errno 28] No space left on device
C:\Users\thoma\Documents\Cyber Crimes Tools\Takeout Zips\takeout-20260602T071913Z-11-011.zip,takeout-20260602T071913Z-11-011.zip,Takeout/Drive/Pictures/2011/MOV01952.MPG,[Errno 28] No space left on device
C:\Users\thoma\Documents\Cyber Crimes Tools\Takeout Zips\takeout-20260602T071913Z-11-011.zip,takeout-20260602T071913Z-11-011.zip,Takeout/Drive/Pictures/2011/MOV01950.MPG,[Errno 28] No space left on device
C:\Users\thoma\Documents\Cyber Crimes Tools\Takeout Zips\takeout-20260602T071913Z-11-011.zip,takeout-20260602T071913Z-11-011.zip,Takeout/Drive/Pictures/2011/MOV01949.MPG,[Errno 28] No space left on device
C:\Users\thoma\Documents\Cyber Crimes Tools\Takeout Zips\takeout-20260602T071913Z-11-011.zip,takeout-20260602T071913Z-11-011.zip,Takeout/Drive/Pictures/2011/MOV01948.MPG,[Errno 28] No space left on device
C:\Users\thoma\Documents\Cyber Crimes Tools\Takeout Zips\takeout-20260602T071913Z-11-011.zip,takeout-20260602T071913Z-11-011.zip,Takeout/Drive/Pictures/2011/MOV01940.MPG,[Errno 28] No space left on device
C:\Users\thoma\Documents\Cyber Crimes Tools\Takeout Zips\takeout-20260602T071913Z-11-011.zip,takeout-20260602T071913Z-11-011.zip,Takeout/Drive/Pictures/2011/MOV01939.MPG,[Errno 28] No space left on device
C:\Users\thoma\Documents\Cyber Crimes Tools\Takeout Zips\takeout-20260602T071913Z-11-011.zip,takeout-20260602T071913Z-11-011.zip,Takeout/Drive/Pictures/2011/MOV01946.MPG,[Errno 28] No space left on device
C:\Users\thoma\Documents\Cyber Crimes Tools\Takeout Zips\takeout-20260602T071913Z-11-011.zip,takeout-20260602T071913Z-11-011.zip,Takeout/Drive/Pictures/2011/MOV01936.MPG,[Errno 28] No space left on device
C:\Users\thoma\Documents\Cyber Crimes Tools\Takeout Zips\takeout-20260602T071913Z-11-011.zip,takeout-20260602T071913Z-11-011.zip,Takeout/Drive/Pictures/2011/MOV01935.MPG,[Errno 28] No space left on device
C:\Users\thoma\Documents\Cyber Crimes Tools\Takeout Zips\takeout-20260602T071913Z-11-011.zip,takeout-20260602T071913Z-11-011.zip,Takeout/Drive/Pictures/2011/MOV01931.MPG,[Errno 28] No space left on device
C:\Users\thoma\Documents\Cyber Crimes Tools\Takeout Zips\takeout-20260602T071913Z-11-011.zip,takeout-20260602T071913Z-11-011.zip,Takeout/Drive/Pictures/2011/MOV01929.MPG,[Errno 28] No space left on device
C:\Users\thoma\Documents\Cyber Crimes Tools\Takeout Zips\takeout-20260602T071913Z-11-011.zip,takeout-20260602T071913Z-11-011.zip,Takeout/Drive/Pictures/2011/MOV01928.MPG,[Errno 28] No space left on device
C:\Users\thoma\Documents\Cyber Crimes Tools\Takeout Zips\takeout-20260602T071913Z-11-011.zip,takeout-20260602T071913Z-11-011.zip,Takeout/Drive/Pictures/2011/MOV01927.MPG,[Errno 28] No space left on device
C:\Users\thoma\Documents\Cyber Crimes Tools\Takeout Zips\takeout-20260602T071913Z-11-011.zip,takeout-20260602T071913Z-11-011.zip,Takeout/Drive/Pictures/2011/MOV01925.MPG,[Errno 28] No space left on device
C:\Users\thoma\Documents\Cyber Crimes Tools\Takeout Zips\takeout-20260602T071913Z-11-011.zip,takeout-20260602T071913Z-11-011.zip,Takeout/Drive/Pictures/2011/MOV01923.MPG,[Errno 28] No space left on device
C:\Users\thoma\Documents\Cyber Crimes Tools\Takeout Zips\takeout-20260602T071913Z-11-011.zip,takeout-20260602T071913Z-11-011.zip,Takeout/Drive/Pictures/2010/playtime - Sep 2010 (12).JPG,[Errno 28] No space left on device
C:\Users\thoma\Documents\Cyber Crimes Tools\Takeout Zips\takeout-20260602T071913Z-11-011.zip,takeout-20260602T071913Z-11-011.zip,Takeout/Drive/Tom Hurd Legal/SPROGS SET 1.pdf,[Errno 28] No space left on device
C:\Users\thoma\Documents\Cyber Crimes Tools\Takeout Zips\takeout-20260602T071913Z-11-011.zip,takeout-20260602T071913Z-11-011.zip,Takeout/Drive/Pictures/2011/Nov 12 2011 (40).JPG,[Errno 28] No space left on device
C:\Users\thoma\Documents\Cyber Crimes Tools\Takeout Zips\takeout-20260602T071913Z-11-011.zip,takeout-20260602T071913Z-11-011.zip,Takeout/Drive/Pictures/2011/MOV01924.MPG,[Errno 28] No space left on device
C:\Users\thoma\Documents\Cyber Crimes Tools\Takeout Zips\takeout-20260602T071913Z-11-011.zip,takeout-20260602T071913Z-11-011.zip,Takeout/Drive/Pictures/2011/MOV01926.MPG,[Errno 28] No space left on device
C:\Users\thoma\Documents\Cyber Crimes Tools\Takeout Zips\takeout-20260602T071913Z-11-011.zip,takeout-20260602T071913Z-11-011.zip,Takeout/Drive/Pictures/2011/MOV01930.MPG,[Errno 28] No space left on device
C:\Users\thoma\Documents\Cyber Crimes Tools\Takeout Zips\takeout-20260602T071913Z-11-011.zip,takeout-20260602T071913Z-11-011.zip,Takeout/Drive/Pictures/2011/Pals-Jan 2011 (1).JPG,[Errno 28] No space left on device
C:\Users\thoma\Documents\Cyber Crimes Tools\Takeout Zips\takeout-20260602T071913Z-11-011.zip,takeout-20260602T071913Z-11-011.zip,Takeout/Drive/Pictures/2010/What_s in the cookie jar project (8).JPG,[Errno 28] No space left on device
C:\Users\thoma\Documents\Cyber Crimes Tools\Takeout Zips\takeout-20260602T071913Z-11-011.zip,takeout-20260602T071913Z-11-011.zip,Takeout/Drive/Pictures/2009/2009 016.jpg,[Errno 28] No space left on device
C:\Users\thoma\Documents\Cyber Crimes Tools\Takeout Zips\takeout-20260602T071913Z-11-011.zip,takeout-20260602T071913Z-11-011.zip,Takeout/Drive/Pictures/2011/MOV01904.MPG,[Errno 28] No space left on device
C:\Users\thoma\Documents\Cyber Crimes Tools\Takeout Zips\takeout-20260602T071913Z-11-011.zip,takeout-20260602T071913Z-11-011.zip,Takeout/Drive/Pictures/2011/MOV01901.MPG,[Errno 28] No space left on device
C:\Users\thoma\Documents\Cyber Crimes Tools\Takeout Zips\takeout-20260602T071913Z-11-011.zip,takeout-20260602T071913Z-11-011.zip,Takeout/Drive/Pictures/2011/MOV01906.MPG,[Errno 28] No space left on device
C:\Users\thoma\Documents\Cyber Crimes Tools\Takeout Zips\takeout-20260602T071913Z-11-011.zip,takeout-20260602T071913Z-11-011.zip,Takeout/Drive/Pictures/2011/MOV01876.MPG,[Errno 28] No space left on device
C:\Users\thoma\Documents\Cyber Crimes Tools\Takeout Zips\takeout-20260602T071913Z-11-011.zip,takeout-20260602T071913Z-11-011.zip,Takeout/Drive/Pictures/2011/MOV01902.MPG,[Errno 28] No space left on device
C:\Users\thoma\Documents\Cyber Crimes Tools\Takeout Zips\takeout-20260602T071913Z-11-011.zip,takeout-20260602T071913Z-11-011.zip,Takeout/Drive/Pictures/2011/MOV01903.MPG,[Errno 28] No space left on device
C:\Users\thoma\Documents\Cyber Crimes Tools\Takeout Zips\takeout-20260602T071913Z-11-011.zip,takeout-20260602T071913Z-11-011.zip,Takeout/Drive/Pictures/2010/Nov 2010  (1).MOV,[Errno 28] No space left on device
C:\Users\thoma\Documents\Cyber Crimes Tools\Takeout Zips\takeout-20260602T071913Z-11-011.zip,takeout-20260602T071913Z-11-011.zip,Takeout/Drive/Pictures/2010/NicollesHouse12-21-10 (22).JPG,[Errno 28] No space left on device
C:\Users\thoma\Documents\Cyber Crimes Tools\Takeout Zips\takeout-20260602T071913Z-11-011.zip,takeout-20260602T071913Z-11-011.zip,Takeout/Drive/Pictures/2010/NicollesHouse12-21-10 (21).JPG,[Errno 28] No space left on device
C:\Users\thoma\Documents\Cyber Crimes Tools\Takeout Zips\takeout-20260602T071913Z-11-011.zip,takeout-20260602T071913Z-11-011.zip,Takeout/Drive/Pictures/2010/NicollesHouse12-21-10 (23).JPG,[Errno 28] No space left on device
C:\Users\thoma\Documents\Cyber Crimes Tools\Takeout Zips\takeout-20260602T071913Z-11-011.zip,takeout-20260602T071913Z-11-011.zip,Takeout/Drive/Pictures/2010/NicollesHouse12-21-10 (20).JPG,[Errno 28] No space left on device
C:\Users\thoma\Documents\Cyber Crimes Tools\Takeout Zips\takeout-20260602T071913Z-11-011.zip,takeout-20260602T071913Z-11-011.zip,Takeout/Drive/Pictures/2010/NicollesHouse12-21-10 (19).JPG,[Errno 28] No space left on device
C:\Users\thoma\Documents\Cyber Crimes Tools\Takeout Zips\takeout-20260602T071913Z-11-011.zip,takeout-20260602T071913Z-11-011.zip,Takeout/Drive/Pictures/2010/NicollesHouse12-21-10 (18).JPG,[Errno 28] No space left on device
C:\Users\thoma\Documents\Cyber Crimes Tools\Takeout Zips\takeout-20260602T071913Z-11-011.zip,takeout-20260602T071913Z-11-011.zip,Takeout/Drive/Pictures/2010/NicollesHouse12-21-10 (17).JPG,[Errno 28] No space left on device
C:\Users\thoma\Documents\Cyber Crimes Tools\Takeout Zips\takeout-20260602T071913Z-11-011.zip,takeout-20260602T071913Z-11-011.zip,Takeout/Drive/Pictures/2010/NicollesHouse12-21-10 (16).JPG,[Errno 28] No space left on device
C:\Users\thoma\Documents\Cyber Crimes Tools\Takeout Zips\takeout-20260602T071913Z-11-011.zip,takeout-20260602T071913Z-11-011.zip,Takeout/Drive/Pictures/2010/NicollesHouse12-21-10 (15).JPG,[Errno 28] No space left on device
C:\Users\thoma\Documents\Cyber Crimes Tools\Takeout Zips\takeout-20260602T071913Z-11-011.zip,takeout-20260602T071913Z-11-011.zip,Takeout/Drive/Bahama House - iHotelier Web Audit.pptx,[Errno 28] No space left on device
C:\Users\thoma\Documents\Cyber Crimes Tools\Takeout Zips\takeout-20260602T071913Z-11-011.zip,takeout-20260602T071913Z-11-011.zip,Takeout/Drive/Pictures/2010/NicollesHouse12-21-10 (13).JPG,[Errno 28] No space left on device
C:\Users\thoma\Documents\Cyber Crimes Tools\Takeout Zips\takeout-20260602T071913Z-11-011.zip,takeout-20260602T071913Z-11-011.zip,Takeout/Drive/Pictures/2010/NicollesHouse12-21-10 (12).JPG,[Errno 28] No space left on device
C:\Users\thoma\Documents\Cyber Crimes Tools\Takeout Zips\takeout-20260602T071913Z-11-011.zip,takeout-20260602T071913Z-11-011.zip,Takeout/Drive/Pictures/2010/new pics 432.jpg,[Errno 28] No space left on device
C:\Users\thoma\Documents\Cyber Crimes Tools\Takeout Zips\takeout-20260602T071913Z-11-011.zip,takeout-20260602T071913Z-11-011.zip,Takeout/Drive/Pictures/2009/Trip To Oregon 2009/Oregon Trip Oct 2009 (9).JPG,[Errno 28] No space left on device
C:\Users\thoma\Documents\Cyber Crimes Tools\Takeout Zips\takeout-20260602T071913Z-11-011.zip,takeout-20260602T071913Z-11-011.zip,Takeout/Drive/Pictures/2009/Trip To Oregon 2009/Oregon Trip Oct 2009 (91).JPG,[Errno 28] No space left on device
C:\Users\thoma\Documents\Cyber Crimes Tools\Takeout Zips\takeout-20260602T071913Z-11-011.zip,takeout-20260602T071913Z-11-011.zip,Takeout/Drive/Pictures/2009/Trip To Oregon 2009/Oregon Trip Oct 2009 (93).JPG,[Errno 28] No space left on device
C:\Users\thoma\Documents\Cyber Crimes Tools\Takeout Zips\takeout-20260602T071913Z-11-011.zip,takeout-20260602T071913Z-11-011.zip,Takeout/Drive/Pictures/2009/Trip To Oregon 2009/Oregon Trip Oct 2009 (89).JPG,[Errno 28] No space left on device
C:\Users\thoma\Documents\Cyber Crimes Tools\Takeout Zips\takeout-20260602T071913Z-11-011.zip,takeout-20260602T071913Z-11-011.zip,Takeout/Drive/Pictures/2009/Trip To Oregon 2009/Oregon Trip Oct 2009 (85).JPG,[Errno 28] No space left on device
C:\Users\thoma\Documents\Cyber Crimes Tools\Takeout Zips\takeout-20260602T071913Z-11-011.zip,takeout-20260602T071913Z-11-011.zip,Takeout/Drive/Pictures/2009/Trip To Oregon 2009/Oregon Trip Oct 2009 (84).JPG,[Errno 28] No space left on device
C:\Users\thoma\Documents\Cyber Crimes Tools\Takeout Zips\takeout-20260602T071913Z-11-011.zip,takeout-20260602T071913Z-11-011.zip,Takeout/Drive/Pictures/2009/Trip To Oregon 2009/Oregon Trip Oct 2009 (82).JPG,[Errno 28] No space left on device
C:\Users\thoma\Documents\Cyber Crimes Tools\Takeout Zips\takeout-20260602T071913Z-11-011.zip,takeout-20260602T071913Z-11-011.zip,Takeout/Drive/Pictures/2009/Trip To Oregon 2009/Oregon Trip Oct 2009 (80).JPG,[Errno 28] No space left on device
C:\Users\thoma\Documents\Cyber Crimes Tools\Takeout Zips\takeout-20260602T071913Z-11-011.zip,takeout-20260602T071913Z-11-011.zip,Takeout/Drive/Pictures/2009/Trip To Oregon 2009/Oregon Trip Oct 2009 (81).JPG,[Errno 28] No space left on device
C:\Users\thoma\Documents\Cyber Crimes Tools\Takeout Zips\takeout-20260602T071913Z-11-011.zip,takeout-20260602T071913Z-11-011.zip,Takeout/Drive/Pictures/2009/Trip To Oregon 2009/Oregon Trip Oct 2009 (8).JPG,[Errno 28] No space left on device
C:\Users\thoma\Documents\Cyber Crimes Tools\Takeout Zips\takeout-20260602T071913Z-11-011.zip,takeout-20260602T071913Z-11-011.zip,Takeout/Drive/Pictures/2011/Micahs 8 yr bday (5).MOV,[Errno 28] No space left on device
C:\Users\thoma\Documents\Cyber Crimes Tools\Takeout Zips\takeout-20260602T071913Z-11-011.zip,takeout-20260602T071913Z-11-011.zip,Takeout/Drive/Pictures/2009/Trip To Oregon 2009/Oregon Trip Oct 2009 (74).JPG,[Errno 28] No space left on device
C:\Users\thoma\Documents\Cyber Crimes Tools\Takeout Zips\takeout-20260602T071913Z-11-011.zip,takeout-20260602T071913Z-11-011.zip,Takeout/Drive/Pictures/2009/Trip To Oregon 2009/Oregon Trip Oct 2009 (79).JPG,[Errno 28] No space left on device
C:\Users\thoma\Documents\Cyber Crimes Tools\Takeout Zips\takeout-20260602T071913Z-11-011.zip,takeout-20260602T071913Z-11-011.zip,Takeout/Drive/Pictures/2009/Trip To Oregon 2009/Oregon Trip Oct 2009 (77).JPG,[Errno 28] No space left on device
C:\Users\thoma\Documents\Cyber Crimes Tools\Takeout Zips\takeout-20260602T071913Z-11-011.zip,takeout-20260602T071913Z-11-011.zip,Takeout/Drive/Pictures/2011/Micahs 8 yr bday (5).JPG,[Errno 28] No space left on device
C:\Users\thoma\Documents\Cyber Crimes Tools\Takeout Zips\takeout-20260602T071913Z-11-011.zip,takeout-20260602T071913Z-11-011.zip,Takeout/Drive/Pictures/2009/Trip To Oregon 2009/Oregon Trip Oct 2009 (75).JPG,[Errno 28] No space left on device
C:\Users\thoma\Documents\Cyber Crimes Tools\Takeout Zips\takeout-20260602T071913Z-11-011.zip,takeout-20260602T071913Z-11-011.zip,Takeout/Drive/Pictures/2010/new pics 418.jpg,[Errno 28] No space left on device
C:\Users\thoma\Documents\Cyber Crimes Tools\Takeout Zips\takeout-20260602T071913Z-11-011.zip,takeout-20260602T071913Z-11-011.zip,Takeout/Drive/Pictures/2010/new pics 415.jpg,[Errno 28] No space left on device
C:\Users\thoma\Documents\Cyber Crimes Tools\Takeout Zips\takeout-20260602T071913Z-11-011.zip,takeout-20260602T071913Z-11-011.zip,Takeout/Drive/Pictures/2010/new pics 408.jpg,[Errno 28] No space left on device
C:\Users\thoma\Documents\Cyber Crimes Tools\Takeout Zips\takeout-20260602T071913Z-11-011.zip,takeout-20260602T071913Z-11-011.zip,Takeout/Drive/Pictures/2010/new pics 406.jpg,[Errno 28] No space left on device
C:\Users\thoma\Documents\Cyber Crimes Tools\Takeout Zips\takeout-20260602T071913Z-11-011.zip,takeout-20260602T071913Z-11-011.zip,Takeout/Drive/Pictures/2009/Trip To Oregon 2009/Oregon Trip Oct 2009 (66).JPG,[Errno 28] No space left on device
C:\Users\thoma\Documents\Cyber Crimes Tools\Takeout Zips\takeout-20260602T071913Z-11-011.zip,takeout-20260602T071913Z-11-011.zip,Takeout/Drive/Pictures/2009/Trip To Oregon 2009/Oregon Trip Oct 2009 (67).JPG,[Errno 28] No space left on device
C:\Users\thoma\Documents\Cyber Crimes Tools\Takeout Zips\takeout-20260602T071913Z-11-011.zip,takeout-20260602T071913Z-11-011.zip,Takeout/Drive/Pictures/2009/Trip To Oregon 2009/Oregon Trip Oct 2009 (63).JPG,[Errno 28] No space left on device
C:\Users\thoma\Documents\Cyber Crimes Tools\Takeout Zips\takeout-20260602T071913Z-11-011.zip,takeout-20260602T071913Z-11-011.zip,Takeout/Drive/Pictures/2009/Trip To Oregon 2009/Oregon Trip Oct 2009 (65).JPG,[Errno 28] No space left on device
C:\Users\thoma\Documents\Cyber Crimes Tools\Takeout Zips\takeout-20260602T071913Z-11-011.zip,takeout-20260602T071913Z-11-011.zip,Takeout/Drive/Pictures/2010/new pics 401.jpg,[Errno 28] No space left on device
C:\Users\thoma\Documents\Cyber Crimes Tools\Takeout Zips\takeout-20260602T071913Z-11-011.zip,takeout-20260602T071913Z-11-011.zip,Takeout/Drive/Pictures/2010/new pics 403.jpg,[Errno 28] No space left on device
C:\Users\thoma\Documents\Cyber Crimes Tools\Takeout Zips\takeout-20260602T071913Z-11-011.zip,takeout-20260602T071913Z-11-011.zip,Takeout/Drive/Pictures/2009/Trip To Oregon 2009/Oregon Trip Oct 2009 (64).JPG,[Errno 28] No space left on device
C:\Users\thoma\Documents\Cyber Crimes Tools\Takeout Zips\takeout-20260602T071913Z-11-011.zip,takeout-20260602T071913Z-11-011.zip,Takeout/Drive/Pictures/2009/Trip To Oregon 2009/Oregon Trip Oct 2009 (62).JPG,[Errno 28] No space left on device
C:\Users\thoma\Documents\Cyber Crimes Tools\Takeout Zips\takeout-20260602T071913Z-11-011.zip,takeout-20260602T071913Z-11-011.zip,Takeout/Drive/Pictures/2009/Trip To Oregon 2009/Oregon Trip Oct 2009 (61).JPG,[Errno 28] No space left on device
C:\Users\thoma\Documents\Cyber Crimes Tools\Takeout Zips\takeout-20260602T071913Z-11-011.zip,takeout-20260602T071913Z-11-011.zip,Takeout/Drive/Pictures/2009/Trip To Oregon 2009/Oregon Trip Oct 2009 (60).JPG,[Errno 28] No space left on device
C:\Users\thoma\Documents\Cyber Crimes Tools\Takeout Zips\takeout-20260602T071913Z-11-011.zip,takeout-20260602T071913Z-11-011.zip,Takeout/Drive/Pictures/2009/Trip To Oregon 2009/Oregon Trip Oct 2009 (6).JPG,[Errno 28] No space left on device
C:\Users\thoma\Documents\Cyber Crimes Tools\Takeout Zips\takeout-20260602T071913Z-11-011.zip,takeout-20260602T071913Z-11-011.zip,Takeout/Drive/Pictures/2009/Trip To Oregon 2009/Oregon Trip Oct 2009 (57).JPG,[Errno 28] No space left on device
C:\Users\thoma\Documents\Cyber Crimes Tools\Takeout Zips\takeout-20260602T071913Z-11-011.zip,takeout-20260602T071913Z-11-011.zip,Takeout/Drive/Pictures/2009/Trip To Oregon 2009/Oregon Trip Oct 2009 (58).JPG,[Errno 28] No space left on device
C:\Users\thoma\Documents\Cyber Crimes Tools\Takeout Zips\takeout-20260602T071913Z-11-011.zip,takeout-20260602T071913Z-11-011.zip,Takeout/Drive/Pictures/2009/Trip To Oregon 2009/Oregon Trip Oct 2009 (59).JPG,[Errno 28] No space left on device
C:\Users\thoma\Documents\Cyber Crimes Tools\Takeout Zips\takeout-20260602T071913Z-11-011.zip,takeout-20260602T071913Z-11-011.zip,Takeout/Drive/Pictures/2009/Trip To Oregon 2009/Oregon Trip Oct 2009 (54).JPG,[Errno 28] No space left on device
C:\Users\thoma\Documents\Cyber Crimes Tools\Takeout Zips\takeout-20260602T071913Z-11-011.zip,takeout-20260602T071913Z-11-011.zip,Takeout/Drive/Pictures/2009/Trip To Oregon 2009/Oregon Trip Oct 2009 (52).JPG,[Errno 28] No space left on device
C:\Users\thoma\Documents\Cyber Crimes Tools\Takeout Zips\takeout-20260602T071913Z-11-011.zip,takeout-20260602T071913Z-11-011.zip,Takeout/Drive/Pictures/2009/Trip To Oregon 2009/Oregon Trip Oct 2009 (53).JPG,[Errno 28] No space left on device
C:\Users\thoma\Documents\Cyber Crimes Tools\Takeout Zips\takeout-20260602T071913Z-11-011.zip,takeout-20260602T071913Z-11-011.zip,Takeout/Drive/Pictures/2009/Trip To Oregon 2009/Oregon Trip Oct 2009 (55).JPG,[Errno 28] No space left on device
C:\Users\thoma\Documents\Cyber Crimes Tools\Takeout Zips\takeout-20260602T071913Z-11-011.zip,takeout-20260602T071913Z-11-011.zip,Takeout/Drive/Pictures/2009/Trip To Oregon 2009/Oregon Trip Oct 2009 (5).JPG,[Errno 28] No space left on device
C:\Users\thoma\Documents\Cyber Crimes Tools\Takeout Zips\takeout-20260602T071913Z-11-011.zip,takeout-20260602T071913Z-11-011.zip,Takeout/Drive/Pictures/2009/Trip To Oregon 2009/Oregon Trip Oct 2009 (56).JPG,[Errno 28] No space left on device
C:\Users\thoma\Documents\Cyber Crimes Tools\Takeout Zips\takeout-20260602T071913Z-11-011.zip,takeout-20260602T071913Z-11-011.zip,Takeout/Drive/Pictures/2009/Trip To Oregon 2009/Oregon Trip Oct 2009 (48).JPG,[Errno 28] No space left on device
C:\Users\thoma\Documents\Cyber Crimes Tools\Takeout Zips\takeout-20260602T071913Z-11-011.zip,takeout-20260602T071913Z-11-011.zip,Takeout/Drive/Pictures/2009/Trip To Oregon 2009/Oregon Trip Oct 2009 (50).JPG,[Errno 28] No space left on device
C:\Users\thoma\Documents\Cyber Crimes Tools\Takeout Zips\takeout-20260602T071913Z-11-011.zip,takeout-20260602T071913Z-11-011.zip,Takeout/Drive/Pictures/2009/Trip To Oregon 2009/Oregon Trip Oct 2009 (49).JPG,[Errno 28] No space left on device
C:\Users\thoma\Documents\Cyber Crimes Tools\Takeout Zips\takeout-20260602T071913Z-11-011.zip,takeout-20260602T071913Z-11-011.zip,Takeout/Drive/Pictures/2009/Trip To Oregon 2009/Oregon Trip Oct 2009 (47).JPG,[Errno 28] No space left on device
C:\Users\thoma\Documents\Cyber Crimes Tools\Takeout Zips\takeout-20260602T071913Z-11-011.zip,takeout-20260602T071913Z-11-011.zip,Takeout/Drive/Pictures/2009/Trip To Oregon 2009/Oregon Trip Oct 2009 (46).JPG,[Errno 28] No space left on device
C:\Users\thoma\Documents\Cyber Crimes Tools\Takeout Zips\takeout-20260602T071913Z-11-011.zip,takeout-20260602T071913Z-11-011.zip,Takeout/Drive/Pictures/2010/NicollesHouse12-21-10 (11).JPG,[Errno 28] No space left on device
C:\Users\thoma\Documents\Cyber Crimes Tools\Takeout Zips\takeout-20260602T071913Z-11-011.zip,takeout-20260602T071913Z-11-011.zip,Takeout/Drive/Pictures/2011/Marine Center (22).JPG,[Errno 28] No space left on device
C:\Users\thoma\Documents\Cyber Crimes Tools\Takeout Zips\takeout-20260602T071913Z-11-011.zip,takeout-20260602T071913Z-11-011.zip,Takeout/Drive/Pictures/2009/Trip To Oregon 2009/Oregon Trip Oct 2009 (45).JPG,[Errno 28] No space left on device
C:\Users\thoma\Documents\Cyber Crimes Tools\Takeout Zips\takeout-20260602T071913Z-11-011.zip,takeout-20260602T071913Z-11-011.zip,Takeout/Drive/Pictures/2011/Marine Center (21).JPG,[Errno 28] No space left on device
C:\Users\thoma\Documents\Cyber Crimes Tools\Takeout Zips\takeout-20260602T071913Z-11-011.zip,takeout-20260602T071913Z-11-011.zip,Takeout/Drive/Pictures/2011/Marine Center (2).JPG,[Errno 28] No space left on device
C:\Users\thoma\Documents\Cyber Crimes Tools\Takeout Zips\takeout-20260602T071913Z-11-011.zip,takeout-20260602T071913Z-11-011.zip,Takeout/Drive/Pictures/2011/Marine Center (13).JPG,[Errno 28] No space left on device
C:\Users\thoma\Documents\Cyber Crimes Tools\Takeout Zips\takeout-20260602T071913Z-11-011.zip,takeout-20260602T071913Z-11-011.zip,Takeout/Drive/Pictures/2011/Marine Center (16).JPG,[Errno 28] No space left on device
C:\Users\thoma\Documents\Cyber Crimes Tools\Takeout Zips\takeout-20260602T071913Z-11-011.zip,takeout-20260602T071913Z-11-011.zip,Takeout/Drive/Pictures/2011/Marine Center (14).JPG,[Errno 28] No space left on device
C:\Users\thoma\Documents\Cyber Crimes Tools\Takeout Zips\takeout-20260602T071913Z-11-011.zip,takeout-20260602T071913Z-11-011.zip,Takeout/Drive/Pictures/2011/Marine Center (15).JPG,[Errno 28] No space left on device
C:\Users\thoma\Documents\Cyber Crimes Tools\Takeout Zips\takeout-20260602T071913Z-11-011.zip,takeout-20260602T071913Z-11-011.zip,Takeout/Drive/Pictures/2009/Trip To Oregon 2009/Oregon Trip Oct 2009 (73).JPG,[Errno 28] No space left on device
C:\Users\thoma\Documents\Cyber Crimes Tools\Takeout Zips\takeout-20260602T071913Z-11-011.zip,takeout-20260602T071913Z-11-011.zip,Takeout/Drive/Pictures/2011/Micahs 8 yr bday (4).MOV,[Errno 28] No space left on device
C:\Users\thoma\Documents\Cyber Crimes Tools\Takeout Zips\takeout-20260602T071913Z-11-011.zip,takeout-20260602T071913Z-11-011.zip,Takeout/Drive/Pictures/2011/Marine Center (11).JPG,[Errno 28] No space left on device
C:\Users\thoma\Documents\Cyber Crimes Tools\Takeout Zips\takeout-20260602T071913Z-11-011.zip,takeout-20260602T071913Z-11-011.zip,Takeout/Drive/Pictures/2011/Marine Center (17).JPG,[Errno 28] No space left on device
C:\Users\thoma\Documents\Cyber Crimes Tools\Takeout Zips\takeout-20260602T071913Z-11-011.zip,takeout-20260602T071913Z-11-011.zip,Takeout/Drive/Pictures/2011/Marine Center (18).JPG,[Errno 28] No space left on device
C:\Users\thoma\Documents\Cyber Crimes Tools\Takeout Zips\takeout-20260602T071913Z-11-011.zip,takeout-20260602T071913Z-11-011.zip,Takeout/Drive/Pictures/2011/Marine Center (2).MOV,[Errno 28] No space left on device
C:\Users\thoma\Documents\Cyber Crimes Tools\Takeout Zips\takeout-20260602T071913Z-11-011.zip,takeout-20260602T071913Z-11-011.zip,Takeout/Drive/Pictures/2011/Marine Center (10).JPG,[Errno 28] No space left on device
C:\Users\thoma\Documents\Cyber Crimes Tools\Takeout Zips\takeout-20260602T071913Z-11-011.zip,takeout-20260602T071913Z-11-011.zip,Takeout/Drive/Pictures/2011/Marine Center (1).MOV,[Errno 28] No space left on device
C:\Users\thoma\Documents\Cyber Crimes Tools\Takeout Zips\takeout-20260602T071913Z-11-011.zip,takeout-20260602T071913Z-11-011.zip,Takeout/Drive/Pictures/2011/Micahs 8 yr bday (4).JPG,[Errno 28] No space left on device
C:\Users\thoma\Documents\Cyber Crimes Tools\Takeout Zips\takeout-20260602T071913Z-11-011.zip,takeout-20260602T071913Z-11-011.zip,Takeout/Drive/Pictures/2011/Marine Center (12)(1).JPG,[Errno 28] No space left on device
C:\Users\thoma\Documents\Cyber Crimes Tools\Takeout Zips\takeout-20260602T071913Z-11-011.zip,takeout-20260602T071913Z-11-011.zip,Takeout/Drive/Pictures/2009/Trip To Oregon 2009/Oregon Trip Oct 2009 (72).JPG,[Errno 28] No space left on device
C:\Users\thoma\Documents\Cyber Crimes Tools\Takeout Zips\takeout-20260602T071913Z-11-011.zip,takeout-20260602T071913Z-11-011.zip,Takeout/Drive/Pictures/2009/Trip To Oregon 2009/Oregon Trip Oct 2009 (68).JPG,[Errno 28] No space left on device
C:\Users\thoma\Documents\Cyber Crimes Tools\Takeout Zips\takeout-20260602T071913Z-11-011.zip,takeout-20260602T071913Z-11-011.zip,Takeout/Drive/Pictures/2009/Trip To Oregon 2009/Oregon Trip Oct 2009 (71).JPG,[Errno 28] No space left on device
C:\Users\thoma\Documents\Cyber Crimes Tools\Takeout Zips\takeout-20260602T071913Z-11-011.zip,takeout-20260602T071913Z-11-011.zip,Takeout/Drive/Pictures/2011/Micahs 8 yr bday (3).MOV,[Errno 28] No space left on device
C:\Users\thoma\Documents\Cyber Crimes Tools\Takeout Zips\takeout-20260602T071913Z-11-011.zip,takeout-20260602T071913Z-11-011.zip,Takeout/Drive/Pictures/2011/Marine Center (1).JPG,[Errno 28] No space left on device
