TimestampUTC,Title,PhotoTakenTime,CreationTime,Latitude,Longitude,HasGeoData,NearestReferencePoint,DistanceMetersToReferencePoint,GooglePhotosOrigin,SourceZipFilename,EntryPath,ExtractedPath,MediaPath,Notes
2024-04-19 23:01:08,IMG_2815.JPG,"Apr 19, 2024, 11:01:08 PM UTC","Sep 4, 2024, 9:14:36 PM UTC",29.0639583,-81.02524439999999,Yes,Observed_PalmVista_like_cluster_from_metadata,6.3,"{""mobileUpload"": {""deviceType"": ""IOS_PHONE""}}",,,C:\Users\thoma\Documents\Cyber Crimes Tools\Takeout Extracted\Takeout\Google Photos\Photos from 2024\IMG_2815.JPG.supplemental-metadata.json,C:\Users\thoma\Documents\Cyber Crimes Tools\Takeout Extracted\Takeout\Google Photos\Photos from 2024\IMG_2815.JPG,Coordinates compared only to local known reference points; target address coordinates not geocoded.
2024-04-20 16:37:06,DB2E91BC-2B22-4950-8A8C-D355D9F07258.jpg,"Apr 20, 2024, 4:37:06 PM UTC","Sep 4, 2024, 9:14:37 PM UTC",,,No,,,"{""mobileUpload"": {""deviceType"": ""IOS_PHONE""}}",,,C:\Users\thoma\Documents\Cyber Crimes Tools\Takeout Extracted\Takeout\Google Photos\Photos from 2024\DB2E91BC-2B22-4950-8A8C-D355D9F07258.jpg.suppl.json,C:\Users\thoma\Documents\Cyber Crimes Tools\Takeout Extracted\Takeout\Google Photos\Photos from 2024\DB2E91BC-2B22-4950-8A8C-D355D9F07258.jpg,Coordinates compared only to local known reference points; target address coordinates not geocoded.
2024-04-20 16:39:41,3DDA3414-5239-443E-89AA-A0B5280427BC.jpg,"Apr 20, 2024, 4:39:41 PM UTC","Sep 4, 2024, 9:14:39 PM UTC",,,No,,,"{""mobileUpload"": {""deviceType"": ""IOS_PHONE""}}",,,C:\Users\thoma\Documents\Cyber Crimes Tools\Takeout Extracted\Takeout\Google Photos\Photos from 2024\3DDA3414-5239-443E-89AA-A0B5280427BC.jpg.suppl.json,C:\Users\thoma\Documents\Cyber Crimes Tools\Takeout Extracted\Takeout\Google Photos\Photos from 2024\3DDA3414-5239-443E-89AA-A0B5280427BC.jpg,Coordinates compared only to local known reference points; target address coordinates not geocoded.
2024-04-21 14:39:09,IMG_2818.PNG,"Apr 21, 2024, 2:39:09 PM UTC","Sep 4, 2024, 9:14:38 PM UTC",,,No,,,"{""mobileUpload"": {""deviceType"": ""IOS_PHONE""}}",,,C:\Users\thoma\Documents\Cyber Crimes Tools\Takeout Extracted\Takeout\Google Photos\Photos from 2024\IMG_2818.PNG.supplemental-metadata.json,C:\Users\thoma\Documents\Cyber Crimes Tools\Takeout Extracted\Takeout\Google Photos\Photos from 2024\IMG_2818.PNG,Coordinates compared only to local known reference points; target address coordinates not geocoded.
2024-04-21 15:49:27,IMG_2819.JPG,"Apr 21, 2024, 3:49:27 PM UTC","Sep 4, 2024, 9:14:43 PM UTC",29.063961099999997,-81.02524439999999,Yes,Observed_PalmVista_like_cluster_from_metadata,6.1,"{""mobileUpload"": {""deviceType"": ""IOS_PHONE""}}",,,C:\Users\thoma\Documents\Cyber Crimes Tools\Takeout Extracted\Takeout\Google Photos\Photos from 2024\IMG_2819.JPG.supplemental-metadata.json,C:\Users\thoma\Documents\Cyber Crimes Tools\Takeout Extracted\Takeout\Google Photos\Photos from 2024\IMG_2819.JPG,Coordinates compared only to local known reference points; target address coordinates not geocoded.
2024-04-21 15:49:35,IMG_2820.JPG,"Apr 21, 2024, 3:49:35 PM UTC","Sep 4, 2024, 9:14:44 PM UTC",29.063961099999997,-81.02524439999999,Yes,Observed_PalmVista_like_cluster_from_metadata,6.1,"{""mobileUpload"": {""deviceType"": ""IOS_PHONE""}}",,,C:\Users\thoma\Documents\Cyber Crimes Tools\Takeout Extracted\Takeout\Google Photos\Photos from 2024\IMG_2820.JPG.supplemental-metadata.json,C:\Users\thoma\Documents\Cyber Crimes Tools\Takeout Extracted\Takeout\Google Photos\Photos from 2024\IMG_2820.JPG,Coordinates compared only to local known reference points; target address coordinates not geocoded.
2024-04-21 15:49:52,IMG_2821.JPG,"Apr 21, 2024, 3:49:52 PM UTC","Sep 4, 2024, 9:14:46 PM UTC",29.063972200000002,-81.0252306,Yes,Observed_PalmVista_like_cluster_from_metadata,4.3,"{""mobileUpload"": {""deviceType"": ""IOS_PHONE""}}",,,C:\Users\thoma\Documents\Cyber Crimes Tools\Takeout Extracted\Takeout\Google Photos\Photos from 2024\IMG_2821.JPG.supplemental-metadata.json,C:\Users\thoma\Documents\Cyber Crimes Tools\Takeout Extracted\Takeout\Google Photos\Photos from 2024\IMG_2821.JPG,Coordinates compared only to local known reference points; target address coordinates not geocoded.
2024-04-21 15:50:08,IMG_2822.JPG,"Apr 21, 2024, 3:50:08 PM UTC","Sep 4, 2024, 9:14:48 PM UTC",29.063972200000002,-81.0252222,Yes,Observed_PalmVista_like_cluster_from_metadata,3.8,"{""mobileUpload"": {""deviceType"": ""IOS_PHONE""}}",,,C:\Users\thoma\Documents\Cyber Crimes Tools\Takeout Extracted\Takeout\Google Photos\Photos from 2024\IMG_2822.JPG.supplemental-metadata.json,C:\Users\thoma\Documents\Cyber Crimes Tools\Takeout Extracted\Takeout\Google Photos\Photos from 2024\IMG_2822.JPG,Coordinates compared only to local known reference points; target address coordinates not geocoded.
2024-04-21 15:50:09,IMG_2823.JPG,"Apr 21, 2024, 3:50:09 PM UTC","Sep 4, 2024, 9:14:48 PM UTC",29.063975,-81.0252139,Yes,Observed_PalmVista_like_cluster_from_metadata,3.1,"{""mobileUpload"": {""deviceType"": ""IOS_PHONE""}}",,,C:\Users\thoma\Documents\Cyber Crimes Tools\Takeout Extracted\Takeout\Google Photos\Photos from 2024\IMG_2823.JPG.supplemental-metadata.json,C:\Users\thoma\Documents\Cyber Crimes Tools\Takeout Extracted\Takeout\Google Photos\Photos from 2024\IMG_2823.JPG,Coordinates compared only to local known reference points; target address coordinates not geocoded.
2024-04-21 15:56:27,IMG_2824.JPG,"Apr 21, 2024, 3:56:27 PM UTC","Sep 4, 2024, 9:14:50 PM UTC",29.063961099999997,-81.02524439999999,Yes,Observed_PalmVista_like_cluster_from_metadata,6.1,"{""mobileUpload"": {""deviceType"": ""IOS_PHONE""}}",,,C:\Users\thoma\Documents\Cyber Crimes Tools\Takeout Extracted\Takeout\Google Photos\Photos from 2024\IMG_2824.JPG.supplemental-metadata.json,C:\Users\thoma\Documents\Cyber Crimes Tools\Takeout Extracted\Takeout\Google Photos\Photos from 2024\IMG_2824.JPG,Coordinates compared only to local known reference points; target address coordinates not geocoded.
2024-04-21 19:17:57,IMG_2825.JPG,"Apr 21, 2024, 7:17:57 PM UTC","Sep 4, 2024, 9:14:52 PM UTC",29.2048806,-81.0196833,Yes,Observed_PalmVista_like_cluster_from_metadata,15674.4,"{""mobileUpload"": {""deviceType"": ""IOS_PHONE""}}",,,C:\Users\thoma\Documents\Cyber Crimes Tools\Takeout Extracted\Takeout\Google Photos\Photos from 2024\IMG_2825.JPG.supplemental-metadata.json,C:\Users\thoma\Documents\Cyber Crimes Tools\Takeout Extracted\Takeout\Google Photos\Photos from 2024\IMG_2825.JPG,Coordinates compared only to local known reference points; target address coordinates not geocoded.
2024-04-21 19:18:31,IMG_2826.JPG,"Apr 21, 2024, 7:18:31 PM UTC","Sep 4, 2024, 9:14:53 PM UTC",29.204994400000004,-81.0198667,Yes,Observed_PalmVista_like_cluster_from_metadata,15686.4,"{""mobileUpload"": {""deviceType"": ""IOS_PHONE""}}",,,C:\Users\thoma\Documents\Cyber Crimes Tools\Takeout Extracted\Takeout\Google Photos\Photos from 2024\IMG_2826.JPG.supplemental-metadata.json,C:\Users\thoma\Documents\Cyber Crimes Tools\Takeout Extracted\Takeout\Google Photos\Photos from 2024\IMG_2826.JPG,Coordinates compared only to local known reference points; target address coordinates not geocoded.
2024-04-21 19:23:32,IMG_2827.JPG,"Apr 21, 2024, 7:23:32 PM UTC","Sep 4, 2024, 9:14:54 PM UTC",29.204855600000002,-81.0196222,Yes,Observed_PalmVista_like_cluster_from_metadata,15671.8,"{""mobileUpload"": {""deviceType"": ""IOS_PHONE""}}",,,C:\Users\thoma\Documents\Cyber Crimes Tools\Takeout Extracted\Takeout\Google Photos\Photos from 2024\IMG_2827.JPG.supplemental-metadata.json,C:\Users\thoma\Documents\Cyber Crimes Tools\Takeout Extracted\Takeout\Google Photos\Photos from 2024\IMG_2827.JPG,Coordinates compared only to local known reference points; target address coordinates not geocoded.
2024-04-21 19:36:48,IMG_2828.JPG,"Apr 21, 2024, 7:36:48 PM UTC","Sep 4, 2024, 9:14:59 PM UTC",29.20485,-81.01991389999999,Yes,Observed_PalmVista_like_cluster_from_metadata,15670.2,"{""mobileUpload"": {""deviceType"": ""IOS_PHONE""}}",,,C:\Users\thoma\Documents\Cyber Crimes Tools\Takeout Extracted\Takeout\Google Photos\Photos from 2024\IMG_2828.JPG.supplemental-metadata.json,C:\Users\thoma\Documents\Cyber Crimes Tools\Takeout Extracted\Takeout\Google Photos\Photos from 2024\IMG_2828.JPG,Coordinates compared only to local known reference points; target address coordinates not geocoded.
2024-04-21 19:36:51,IMG_2829.JPG,"Apr 21, 2024, 7:36:51 PM UTC","Sep 4, 2024, 9:14:58 PM UTC",29.20485,-81.01991389999999,Yes,Observed_PalmVista_like_cluster_from_metadata,15670.2,"{""mobileUpload"": {""deviceType"": ""IOS_PHONE""}}",,,C:\Users\thoma\Documents\Cyber Crimes Tools\Takeout Extracted\Takeout\Google Photos\Photos from 2024\IMG_2829.JPG.supplemental-metadata.json,C:\Users\thoma\Documents\Cyber Crimes Tools\Takeout Extracted\Takeout\Google Photos\Photos from 2024\IMG_2829.JPG,Coordinates compared only to local known reference points; target address coordinates not geocoded.
2024-04-21 19:37:29,IMG_2830.JPG,"Apr 21, 2024, 7:37:29 PM UTC","Sep 4, 2024, 9:15:03 PM UTC",29.2051306,-81.02033329999999,Yes,Observed_PalmVista_like_cluster_from_metadata,15700.1,"{""mobileUpload"": {""deviceType"": ""IOS_PHONE""}}",,,C:\Users\thoma\Documents\Cyber Crimes Tools\Takeout Extracted\Takeout\Google Photos\Photos from 2024\IMG_2830.JPG.supplemental-metadata.json,C:\Users\thoma\Documents\Cyber Crimes Tools\Takeout Extracted\Takeout\Google Photos\Photos from 2024\IMG_2830.JPG,Coordinates compared only to local known reference points; target address coordinates not geocoded.
2024-04-21 19:39:33,IMG_2831.JPG,"Apr 21, 2024, 7:39:33 PM UTC","Sep 4, 2024, 9:15:02 PM UTC",29.205383299999998,-81.02005000000001,Yes,Observed_PalmVista_like_cluster_from_metadata,15729.1,"{""mobileUpload"": {""deviceType"": ""IOS_PHONE""}}",,,C:\Users\thoma\Documents\Cyber Crimes Tools\Takeout Extracted\Takeout\Google Photos\Photos from 2024\IMG_2831.JPG.supplemental-metadata.json,C:\Users\thoma\Documents\Cyber Crimes Tools\Takeout Extracted\Takeout\Google Photos\Photos from 2024\IMG_2831.JPG,Coordinates compared only to local known reference points; target address coordinates not geocoded.
2024-04-21 19:40:16,IMG_2832.JPG,"Apr 21, 2024, 7:40:16 PM UTC","Sep 4, 2024, 9:15:08 PM UTC",29.205236099999997,-81.0199889,Yes,Observed_PalmVista_like_cluster_from_metadata,15712.9,"{""mobileUpload"": {""deviceType"": ""IOS_PHONE""}}",,,C:\Users\thoma\Documents\Cyber Crimes Tools\Takeout Extracted\Takeout\Google Photos\Photos from 2024\IMG_2832.JPG.supplemental-metadata.json,C:\Users\thoma\Documents\Cyber Crimes Tools\Takeout Extracted\Takeout\Google Photos\Photos from 2024\IMG_2832.JPG,Coordinates compared only to local known reference points; target address coordinates not geocoded.
2024-04-21 19:47:05,IMG_2833.JPG,"Apr 21, 2024, 7:47:05 PM UTC","Sep 4, 2024, 9:15:09 PM UTC",29.204638900000003,-81.0203167,Yes,Observed_PalmVista_like_cluster_from_metadata,15645.5,"{""mobileUpload"": {""deviceType"": ""IOS_PHONE""}}",,,C:\Users\thoma\Documents\Cyber Crimes Tools\Takeout Extracted\Takeout\Google Photos\Photos from 2024\IMG_2833.JPG.supplemental-metadata.json,C:\Users\thoma\Documents\Cyber Crimes Tools\Takeout Extracted\Takeout\Google Photos\Photos from 2024\IMG_2833.JPG,Coordinates compared only to local known reference points; target address coordinates not geocoded.
2024-04-22 15:02:46,IMG_2834.PNG,"Apr 22, 2024, 3:02:46 PM UTC","Sep 4, 2024, 9:15:10 PM UTC",,,No,,,"{""mobileUpload"": {""deviceType"": ""IOS_PHONE""}}",,,C:\Users\thoma\Documents\Cyber Crimes Tools\Takeout Extracted\Takeout\Google Photos\Photos from 2024\IMG_2834.PNG.supplemental-metadata.json,C:\Users\thoma\Documents\Cyber Crimes Tools\Takeout Extracted\Takeout\Google Photos\Photos from 2024\IMG_2834.PNG,Coordinates compared only to local known reference points; target address coordinates not geocoded.
2024-04-22 17:21:40,IMG_2835.JPG,"Apr 22, 2024, 5:21:40 PM UTC","Sep 4, 2024, 9:15:11 PM UTC",29.063961099999997,-81.02524439999999,Yes,Observed_PalmVista_like_cluster_from_metadata,6.1,"{""mobileUpload"": {""deviceType"": ""IOS_PHONE""}}",,,C:\Users\thoma\Documents\Cyber Crimes Tools\Takeout Extracted\Takeout\Google Photos\Photos from 2024\IMG_2835.JPG.supplemental-metadata.json,C:\Users\thoma\Documents\Cyber Crimes Tools\Takeout Extracted\Takeout\Google Photos\Photos from 2024\IMG_2835.JPG,Coordinates compared only to local known reference points; target address coordinates not geocoded.
2024-04-23 14:29:00,IMG_2836.PNG,"Apr 23, 2024, 2:29:00 PM UTC","Sep 4, 2024, 9:15:12 PM UTC",,,No,,,"{""mobileUpload"": {""deviceType"": ""IOS_PHONE""}}",,,C:\Users\thoma\Documents\Cyber Crimes Tools\Takeout Extracted\Takeout\Google Photos\Photos from 2024\IMG_2836.PNG.supplemental-metadata.json,C:\Users\thoma\Documents\Cyber Crimes Tools\Takeout Extracted\Takeout\Google Photos\Photos from 2024\IMG_2836.PNG,Coordinates compared only to local known reference points; target address coordinates not geocoded.
2024-04-23 14:31:54,IMG_2837.PNG,"Apr 23, 2024, 2:31:54 PM UTC","Sep 4, 2024, 9:15:13 PM UTC",,,No,,,"{""mobileUpload"": {""deviceType"": ""IOS_PHONE""}}",,,C:\Users\thoma\Documents\Cyber Crimes Tools\Takeout Extracted\Takeout\Google Photos\Photos from 2024\IMG_2837.PNG.supplemental-metadata.json,C:\Users\thoma\Documents\Cyber Crimes Tools\Takeout Extracted\Takeout\Google Photos\Photos from 2024\IMG_2837.PNG,Coordinates compared only to local known reference points; target address coordinates not geocoded.
2024-04-23 14:35:48,IMG_2838.PNG,"Apr 23, 2024, 2:35:48 PM UTC","Sep 4, 2024, 9:15:18 PM UTC",,,No,,,"{""mobileUpload"": {""deviceType"": ""IOS_PHONE""}}",,,C:\Users\thoma\Documents\Cyber Crimes Tools\Takeout Extracted\Takeout\Google Photos\Photos from 2024\IMG_2838.PNG.supplemental-metadata.json,C:\Users\thoma\Documents\Cyber Crimes Tools\Takeout Extracted\Takeout\Google Photos\Photos from 2024\IMG_2838.PNG,Coordinates compared only to local known reference points; target address coordinates not geocoded.
2024-04-23 14:50:36,IMG_2839.PNG,"Apr 23, 2024, 2:50:36 PM UTC","Sep 4, 2024, 9:15:18 PM UTC",,,No,,,"{""mobileUpload"": {""deviceType"": ""IOS_PHONE""}}",,,C:\Users\thoma\Documents\Cyber Crimes Tools\Takeout Extracted\Takeout\Google Photos\Photos from 2024\IMG_2839.PNG.supplemental-metadata.json,C:\Users\thoma\Documents\Cyber Crimes Tools\Takeout Extracted\Takeout\Google Photos\Photos from 2024\IMG_2839.PNG,Coordinates compared only to local known reference points; target address coordinates not geocoded.
2024-04-23 14:50:39,IMG_2840.PNG,"Apr 23, 2024, 2:50:39 PM UTC","Sep 4, 2024, 9:15:18 PM UTC",,,No,,,"{""mobileUpload"": {""deviceType"": ""IOS_PHONE""}}",,,C:\Users\thoma\Documents\Cyber Crimes Tools\Takeout Extracted\Takeout\Google Photos\Photos from 2024\IMG_2840.PNG.supplemental-metadata.json,C:\Users\thoma\Documents\Cyber Crimes Tools\Takeout Extracted\Takeout\Google Photos\Photos from 2024\IMG_2840.PNG,Coordinates compared only to local known reference points; target address coordinates not geocoded.
2024-04-23 14:50:42,IMG_2841.PNG,"Apr 23, 2024, 2:50:42 PM UTC","Sep 4, 2024, 9:15:18 PM UTC",,,No,,,"{""mobileUpload"": {""deviceType"": ""IOS_PHONE""}}",,,C:\Users\thoma\Documents\Cyber Crimes Tools\Takeout Extracted\Takeout\Google Photos\Photos from 2024\IMG_2841.PNG.supplemental-metadata.json,C:\Users\thoma\Documents\Cyber Crimes Tools\Takeout Extracted\Takeout\Google Photos\Photos from 2024\IMG_2841.PNG,Coordinates compared only to local known reference points; target address coordinates not geocoded.
2024-04-23 14:50:45,IMG_2842.PNG,"Apr 23, 2024, 2:50:45 PM UTC","Sep 4, 2024, 9:15:19 PM UTC",,,No,,,"{""mobileUpload"": {""deviceType"": ""IOS_PHONE""}}",,,C:\Users\thoma\Documents\Cyber Crimes Tools\Takeout Extracted\Takeout\Google Photos\Photos from 2024\IMG_2842.PNG.supplemental-metadata.json,C:\Users\thoma\Documents\Cyber Crimes Tools\Takeout Extracted\Takeout\Google Photos\Photos from 2024\IMG_2842.PNG,Coordinates compared only to local known reference points; target address coordinates not geocoded.
2024-04-23 14:50:49,IMG_2843.PNG,"Apr 23, 2024, 2:50:49 PM UTC","Sep 4, 2024, 9:15:19 PM UTC",,,No,,,"{""mobileUpload"": {""deviceType"": ""IOS_PHONE""}}",,,C:\Users\thoma\Documents\Cyber Crimes Tools\Takeout Extracted\Takeout\Google Photos\Photos from 2024\IMG_2843.PNG.supplemental-metadata.json,C:\Users\thoma\Documents\Cyber Crimes Tools\Takeout Extracted\Takeout\Google Photos\Photos from 2024\IMG_2843.PNG,Coordinates compared only to local known reference points; target address coordinates not geocoded.
2024-04-23 14:50:53,IMG_2844.PNG,"Apr 23, 2024, 2:50:53 PM UTC","Sep 4, 2024, 9:15:19 PM UTC",,,No,,,"{""mobileUpload"": {""deviceType"": ""IOS_PHONE""}}",,,C:\Users\thoma\Documents\Cyber Crimes Tools\Takeout Extracted\Takeout\Google Photos\Photos from 2024\IMG_2844.PNG.supplemental-metadata.json,C:\Users\thoma\Documents\Cyber Crimes Tools\Takeout Extracted\Takeout\Google Photos\Photos from 2024\IMG_2844.PNG,Coordinates compared only to local known reference points; target address coordinates not geocoded.
2024-04-23 14:50:57,IMG_2845.PNG,"Apr 23, 2024, 2:50:57 PM UTC","Sep 4, 2024, 9:15:20 PM UTC",,,No,,,"{""mobileUpload"": {""deviceType"": ""IOS_PHONE""}}",,,C:\Users\thoma\Documents\Cyber Crimes Tools\Takeout Extracted\Takeout\Google Photos\Photos from 2024\IMG_2845.PNG.supplemental-metadata.json,C:\Users\thoma\Documents\Cyber Crimes Tools\Takeout Extracted\Takeout\Google Photos\Photos from 2024\IMG_2845.PNG,Coordinates compared only to local known reference points; target address coordinates not geocoded.
2024-04-23 14:51:01,IMG_2846.PNG,"Apr 23, 2024, 2:51:01 PM UTC","Sep 4, 2024, 9:15:20 PM UTC",,,No,,,"{""mobileUpload"": {""deviceType"": ""IOS_PHONE""}}",,,C:\Users\thoma\Documents\Cyber Crimes Tools\Takeout Extracted\Takeout\Google Photos\Photos from 2024\IMG_2846.PNG.supplemental-metadata.json,C:\Users\thoma\Documents\Cyber Crimes Tools\Takeout Extracted\Takeout\Google Photos\Photos from 2024\IMG_2846.PNG,Coordinates compared only to local known reference points; target address coordinates not geocoded.
2024-04-23 14:51:04,IMG_2847.PNG,"Apr 23, 2024, 2:51:04 PM UTC","Sep 4, 2024, 9:15:22 PM UTC",,,No,,,"{""mobileUpload"": {""deviceType"": ""IOS_PHONE""}}",,,C:\Users\thoma\Documents\Cyber Crimes Tools\Takeout Extracted\Takeout\Google Photos\Photos from 2024\IMG_2847.PNG.supplemental-metadata.json,C:\Users\thoma\Documents\Cyber Crimes Tools\Takeout Extracted\Takeout\Google Photos\Photos from 2024\IMG_2847.PNG,Coordinates compared only to local known reference points; target address coordinates not geocoded.
2024-04-23 14:51:08,IMG_2848.PNG,"Apr 23, 2024, 2:51:08 PM UTC","Sep 4, 2024, 9:15:22 PM UTC",,,No,,,"{""mobileUpload"": {""deviceType"": ""IOS_PHONE""}}",,,C:\Users\thoma\Documents\Cyber Crimes Tools\Takeout Extracted\Takeout\Google Photos\Photos from 2024\IMG_2848.PNG.supplemental-metadata.json,C:\Users\thoma\Documents\Cyber Crimes Tools\Takeout Extracted\Takeout\Google Photos\Photos from 2024\IMG_2848.PNG,Coordinates compared only to local known reference points; target address coordinates not geocoded.
2024-04-23 14:51:13,IMG_2849.PNG,"Apr 23, 2024, 2:51:13 PM UTC","Sep 4, 2024, 9:15:24 PM UTC",,,No,,,"{""mobileUpload"": {""deviceType"": ""IOS_PHONE""}}",,,C:\Users\thoma\Documents\Cyber Crimes Tools\Takeout Extracted\Takeout\Google Photos\Photos from 2024\IMG_2849.PNG.supplemental-metadata.json,C:\Users\thoma\Documents\Cyber Crimes Tools\Takeout Extracted\Takeout\Google Photos\Photos from 2024\IMG_2849.PNG,Coordinates compared only to local known reference points; target address coordinates not geocoded.
2024-04-23 14:51:20,IMG_2850.PNG,"Apr 23, 2024, 2:51:20 PM UTC","Sep 4, 2024, 9:15:24 PM UTC",,,No,,,"{""mobileUpload"": {""deviceType"": ""IOS_PHONE""}}",,,C:\Users\thoma\Documents\Cyber Crimes Tools\Takeout Extracted\Takeout\Google Photos\Photos from 2024\IMG_2850.PNG.supplemental-metadata.json,C:\Users\thoma\Documents\Cyber Crimes Tools\Takeout Extracted\Takeout\Google Photos\Photos from 2024\IMG_2850.PNG,Coordinates compared only to local known reference points; target address coordinates not geocoded.
2024-04-23 14:51:23,IMG_2851.PNG,"Apr 23, 2024, 2:51:23 PM UTC","Sep 4, 2024, 9:15:26 PM UTC",,,No,,,"{""mobileUpload"": {""deviceType"": ""IOS_PHONE""}}",,,C:\Users\thoma\Documents\Cyber Crimes Tools\Takeout Extracted\Takeout\Google Photos\Photos from 2024\IMG_2851.PNG.supplemental-metadata.json,C:\Users\thoma\Documents\Cyber Crimes Tools\Takeout Extracted\Takeout\Google Photos\Photos from 2024\IMG_2851.PNG,Coordinates compared only to local known reference points; target address coordinates not geocoded.
2024-04-23 14:51:29,IMG_2852.PNG,"Apr 23, 2024, 2:51:29 PM UTC","Sep 4, 2024, 9:15:25 PM UTC",,,No,,,"{""mobileUpload"": {""deviceType"": ""IOS_PHONE""}}",,,C:\Users\thoma\Documents\Cyber Crimes Tools\Takeout Extracted\Takeout\Google Photos\Photos from 2024\IMG_2852.PNG.supplemental-metadata.json,C:\Users\thoma\Documents\Cyber Crimes Tools\Takeout Extracted\Takeout\Google Photos\Photos from 2024\IMG_2852.PNG,Coordinates compared only to local known reference points; target address coordinates not geocoded.
2024-04-23 14:51:36,IMG_2853.PNG,"Apr 23, 2024, 2:51:36 PM UTC","Sep 4, 2024, 9:15:27 PM UTC",,,No,,,"{""mobileUpload"": {""deviceType"": ""IOS_PHONE""}}",,,C:\Users\thoma\Documents\Cyber Crimes Tools\Takeout Extracted\Takeout\Google Photos\Photos from 2024\IMG_2853.PNG.supplemental-metadata.json,C:\Users\thoma\Documents\Cyber Crimes Tools\Takeout Extracted\Takeout\Google Photos\Photos from 2024\IMG_2853.PNG,Coordinates compared only to local known reference points; target address coordinates not geocoded.
2024-04-23 15:34:57,IMG_2854.PNG,"Apr 23, 2024, 3:34:57 PM UTC","Sep 4, 2024, 9:15:30 PM UTC",,,No,,,"{""mobileUpload"": {""deviceType"": ""IOS_PHONE""}}",,,C:\Users\thoma\Documents\Cyber Crimes Tools\Takeout Extracted\Takeout\Google Photos\Photos from 2024\IMG_2854.PNG.supplemental-metadata.json,C:\Users\thoma\Documents\Cyber Crimes Tools\Takeout Extracted\Takeout\Google Photos\Photos from 2024\IMG_2854.PNG,Coordinates compared only to local known reference points; target address coordinates not geocoded.
2024-04-23 18:28:08,IMG_2855.JPG,"Apr 23, 2024, 6:28:08 PM UTC","Sep 4, 2024, 9:15:31 PM UTC",29.0640333,-81.0252222,Yes,Observed_PalmVista_like_cluster_from_metadata,4.3,"{""mobileUpload"": {""deviceType"": ""IOS_PHONE""}}",,,C:\Users\thoma\Documents\Cyber Crimes Tools\Takeout Extracted\Takeout\Google Photos\Photos from 2024\IMG_2855.JPG.supplemental-metadata.json,C:\Users\thoma\Documents\Cyber Crimes Tools\Takeout Extracted\Takeout\Google Photos\Photos from 2024\IMG_2855.JPG,Coordinates compared only to local known reference points; target address coordinates not geocoded.
2024-04-23 22:50:26,IMG_2856.PNG,"Apr 23, 2024, 10:50:26 PM UTC","Sep 4, 2024, 9:15:30 PM UTC",,,No,,,"{""mobileUpload"": {""deviceType"": ""IOS_PHONE""}}",,,C:\Users\thoma\Documents\Cyber Crimes Tools\Takeout Extracted\Takeout\Google Photos\Photos from 2024\IMG_2856.PNG.supplemental-metadata.json,C:\Users\thoma\Documents\Cyber Crimes Tools\Takeout Extracted\Takeout\Google Photos\Photos from 2024\IMG_2856.PNG,Coordinates compared only to local known reference points; target address coordinates not geocoded.
2024-04-24 23:32:27,IMG_2857.MOV,"Apr 24, 2024, 11:32:27 PM UTC","Sep 5, 2024, 10:54:54 AM UTC",29.1192,-81.06479999999999,Yes,Observed_PalmVista_like_cluster_from_metadata,7244.3,"{""mobileUpload"": {""deviceType"": ""IOS_PHONE""}}",,,C:\Users\thoma\Documents\Cyber Crimes Tools\Takeout Extracted\Takeout\Google Photos\Photos from 2024\IMG_2857.MOV.supplemental-metadata.json,C:\Users\thoma\Documents\Cyber Crimes Tools\Takeout Extracted\Takeout\Google Photos\Photos from 2024\IMG_2857.MOV,Coordinates compared only to local known reference points; target address coordinates not geocoded.
2024-04-25 00:14:31,IMG_2858.MOV,"Apr 25, 2024, 12:14:31 AM UTC","Sep 6, 2024, 10:52:06 AM UTC",29.119400000000002,-81.0636,Yes,Observed_PalmVista_like_cluster_from_metadata,7202.1,"{""mobileUpload"": {""deviceType"": ""IOS_PHONE""}}",,,C:\Users\thoma\Documents\Cyber Crimes Tools\Takeout Extracted\Takeout\Google Photos\Photos from 2024\IMG_2858.MOV.supplemental-metadata.json,C:\Users\thoma\Documents\Cyber Crimes Tools\Takeout Extracted\Takeout\Google Photos\Photos from 2024\IMG_2858.MOV,Coordinates compared only to local known reference points; target address coordinates not geocoded.
2024-04-25 16:23:37,IMG_3051.PNG,"Apr 25, 2024, 4:23:37 PM UTC","Sep 4, 2024, 9:15:31 PM UTC",,,No,,,"{""mobileUpload"": {""deviceType"": ""IOS_PHONE""}}",,,C:\Users\thoma\Documents\Cyber Crimes Tools\Takeout Extracted\Takeout\Google Photos\Photos from 2024\IMG_3051.PNG.supplemental-metadata.json,C:\Users\thoma\Documents\Cyber Crimes Tools\Takeout Extracted\Takeout\Google Photos\Photos from 2024\IMG_3051.PNG,Coordinates compared only to local known reference points; target address coordinates not geocoded.
2024-04-25 16:26:19,IMG_3052.PNG,"Apr 25, 2024, 4:26:19 PM UTC","Sep 4, 2024, 9:15:32 PM UTC",,,No,,,"{""mobileUpload"": {""deviceType"": ""IOS_PHONE""}}",,,C:\Users\thoma\Documents\Cyber Crimes Tools\Takeout Extracted\Takeout\Google Photos\Photos from 2024\IMG_3052.PNG.supplemental-metadata.json,C:\Users\thoma\Documents\Cyber Crimes Tools\Takeout Extracted\Takeout\Google Photos\Photos from 2024\IMG_3052.PNG,Coordinates compared only to local known reference points; target address coordinates not geocoded.
2024-04-25 16:28:23,IMG_3053.PNG,"Apr 25, 2024, 4:28:23 PM UTC","Sep 4, 2024, 9:15:33 PM UTC",,,No,,,"{""mobileUpload"": {""deviceType"": ""IOS_PHONE""}}",,,C:\Users\thoma\Documents\Cyber Crimes Tools\Takeout Extracted\Takeout\Google Photos\Photos from 2024\IMG_3053.PNG.supplemental-metadata.json,C:\Users\thoma\Documents\Cyber Crimes Tools\Takeout Extracted\Takeout\Google Photos\Photos from 2024\IMG_3053.PNG,Coordinates compared only to local known reference points; target address coordinates not geocoded.
2024-04-25 16:29:02,IMG_3054.PNG,"Apr 25, 2024, 4:29:02 PM UTC","Sep 4, 2024, 9:15:34 PM UTC",,,No,,,"{""mobileUpload"": {""deviceType"": ""IOS_PHONE""}}",,,C:\Users\thoma\Documents\Cyber Crimes Tools\Takeout Extracted\Takeout\Google Photos\Photos from 2024\IMG_3054.PNG.supplemental-metadata.json,C:\Users\thoma\Documents\Cyber Crimes Tools\Takeout Extracted\Takeout\Google Photos\Photos from 2024\IMG_3054.PNG,Coordinates compared only to local known reference points; target address coordinates not geocoded.
2024-04-25 16:31:19,IMG_2859.JPG,"Apr 25, 2024, 4:31:19 PM UTC","Sep 4, 2024, 9:15:36 PM UTC",29.063975,-81.0251833,Yes,Observed_PalmVista_like_cluster_from_metadata,3.2,"{""mobileUpload"": {""deviceType"": ""IOS_PHONE""}}",,,C:\Users\thoma\Documents\Cyber Crimes Tools\Takeout Extracted\Takeout\Google Photos\Photos from 2024\IMG_2859.JPG.supplemental-metadata.json,C:\Users\thoma\Documents\Cyber Crimes Tools\Takeout Extracted\Takeout\Google Photos\Photos from 2024\IMG_2859.JPG,Coordinates compared only to local known reference points; target address coordinates not geocoded.
2024-04-25 16:32:17,IMG_3055.PNG,"Apr 25, 2024, 4:32:17 PM UTC","Sep 4, 2024, 9:15:35 PM UTC",,,No,,,"{""mobileUpload"": {""deviceType"": ""IOS_PHONE""}}",,,C:\Users\thoma\Documents\Cyber Crimes Tools\Takeout Extracted\Takeout\Google Photos\Photos from 2024\IMG_3055.PNG.supplemental-metadata(1).json,,Coordinates compared only to local known reference points; target address coordinates not geocoded.
2024-04-25 16:33:27,IMG_3056.PNG,"Apr 25, 2024, 4:33:27 PM UTC","Sep 4, 2024, 9:15:36 PM UTC",,,No,,,"{""mobileUpload"": {""deviceType"": ""IOS_PHONE""}}",,,C:\Users\thoma\Documents\Cyber Crimes Tools\Takeout Extracted\Takeout\Google Photos\Photos from 2024\IMG_3056.PNG.supplemental-metadata.json,C:\Users\thoma\Documents\Cyber Crimes Tools\Takeout Extracted\Takeout\Google Photos\Photos from 2024\IMG_3056.PNG,Coordinates compared only to local known reference points; target address coordinates not geocoded.
2024-04-25 16:43:04,IMG_3057.PNG,"Apr 25, 2024, 4:43:04 PM UTC","Sep 4, 2024, 9:15:37 PM UTC",,,No,,,"{""mobileUpload"": {""deviceType"": ""IOS_PHONE""}}",,,C:\Users\thoma\Documents\Cyber Crimes Tools\Takeout Extracted\Takeout\Google Photos\Photos from 2024\IMG_3057.PNG.supplemental-metadata.json,C:\Users\thoma\Documents\Cyber Crimes Tools\Takeout Extracted\Takeout\Google Photos\Photos from 2024\IMG_3057.PNG,Coordinates compared only to local known reference points; target address coordinates not geocoded.
2024-04-25 16:44:13,IMG_3058.PNG,"Apr 25, 2024, 4:44:13 PM UTC","Sep 4, 2024, 9:15:38 PM UTC",,,No,,,"{""mobileUpload"": {""deviceType"": ""IOS_PHONE""}}",,,C:\Users\thoma\Documents\Cyber Crimes Tools\Takeout Extracted\Takeout\Google Photos\Photos from 2024\IMG_3058.PNG.supplemental-metadata.json,C:\Users\thoma\Documents\Cyber Crimes Tools\Takeout Extracted\Takeout\Google Photos\Photos from 2024\IMG_3058.PNG,Coordinates compared only to local known reference points; target address coordinates not geocoded.
2024-04-25 16:45:10,IMG_3059.PNG,"Apr 25, 2024, 4:45:10 PM UTC","Sep 4, 2024, 9:15:41 PM UTC",,,No,,,"{""mobileUpload"": {""deviceType"": ""IOS_PHONE""}}",,,C:\Users\thoma\Documents\Cyber Crimes Tools\Takeout Extracted\Takeout\Google Photos\Photos from 2024\IMG_3059.PNG.supplemental-metadata.json,C:\Users\thoma\Documents\Cyber Crimes Tools\Takeout Extracted\Takeout\Google Photos\Photos from 2024\IMG_3059.PNG,Coordinates compared only to local known reference points; target address coordinates not geocoded.
2024-04-25 16:46:57,IMG_3060.PNG,"Apr 25, 2024, 4:46:57 PM UTC","Sep 4, 2024, 9:15:41 PM UTC",,,No,,,"{""mobileUpload"": {""deviceType"": ""IOS_PHONE""}}",,,C:\Users\thoma\Documents\Cyber Crimes Tools\Takeout Extracted\Takeout\Google Photos\Photos from 2024\IMG_3060.PNG.supplemental-metadata.json,C:\Users\thoma\Documents\Cyber Crimes Tools\Takeout Extracted\Takeout\Google Photos\Photos from 2024\IMG_3060.PNG,Coordinates compared only to local known reference points; target address coordinates not geocoded.
2024-04-25 16:48:05,IMG_3061.PNG,"Apr 25, 2024, 4:48:05 PM UTC","Sep 4, 2024, 9:15:41 PM UTC",,,No,,,"{""mobileUpload"": {""deviceType"": ""IOS_PHONE""}}",,,C:\Users\thoma\Documents\Cyber Crimes Tools\Takeout Extracted\Takeout\Google Photos\Photos from 2024\IMG_3061.PNG.supplemental-metadata.json,C:\Users\thoma\Documents\Cyber Crimes Tools\Takeout Extracted\Takeout\Google Photos\Photos from 2024\IMG_3061.PNG,Coordinates compared only to local known reference points; target address coordinates not geocoded.
2024-04-25 16:49:10,IMG_3062.PNG,"Apr 25, 2024, 4:49:10 PM UTC","Sep 4, 2024, 9:15:42 PM UTC",,,No,,,"{""mobileUpload"": {""deviceType"": ""IOS_PHONE""}}",,,C:\Users\thoma\Documents\Cyber Crimes Tools\Takeout Extracted\Takeout\Google Photos\Photos from 2024\IMG_3062.PNG.supplemental-metadata(1).json,,Coordinates compared only to local known reference points; target address coordinates not geocoded.
2024-04-25 16:49:54,IMG_3063.PNG,"Apr 25, 2024, 4:49:54 PM UTC","Sep 4, 2024, 9:15:42 PM UTC",,,No,,,"{""mobileUpload"": {""deviceType"": ""IOS_PHONE""}}",,,C:\Users\thoma\Documents\Cyber Crimes Tools\Takeout Extracted\Takeout\Google Photos\Photos from 2024\IMG_3063.PNG.supplemental-metadata(1).json,,Coordinates compared only to local known reference points; target address coordinates not geocoded.
2024-04-25 16:50:49,IMG_3064.PNG,"Apr 25, 2024, 4:50:49 PM UTC","Sep 4, 2024, 9:15:43 PM UTC",,,No,,,"{""mobileUpload"": {""deviceType"": ""IOS_PHONE""}}",,,C:\Users\thoma\Documents\Cyber Crimes Tools\Takeout Extracted\Takeout\Google Photos\Photos from 2024\IMG_3064.PNG.supplemental-metadata.json,C:\Users\thoma\Documents\Cyber Crimes Tools\Takeout Extracted\Takeout\Google Photos\Photos from 2024\IMG_3064.PNG,Coordinates compared only to local known reference points; target address coordinates not geocoded.
2024-04-25 16:54:32,IMG_3065.PNG,"Apr 25, 2024, 4:54:32 PM UTC","Sep 4, 2024, 9:15:43 PM UTC",,,No,,,"{""mobileUpload"": {""deviceType"": ""IOS_PHONE""}}",,,C:\Users\thoma\Documents\Cyber Crimes Tools\Takeout Extracted\Takeout\Google Photos\Photos from 2024\IMG_3065.PNG.supplemental-metadata.json,C:\Users\thoma\Documents\Cyber Crimes Tools\Takeout Extracted\Takeout\Google Photos\Photos from 2024\IMG_3065.PNG,Coordinates compared only to local known reference points; target address coordinates not geocoded.
2024-04-25 16:56:10,IMG_3066.PNG,"Apr 25, 2024, 4:56:10 PM UTC","Sep 4, 2024, 9:15:44 PM UTC",,,No,,,"{""mobileUpload"": {""deviceType"": ""IOS_PHONE""}}",,,C:\Users\thoma\Documents\Cyber Crimes Tools\Takeout Extracted\Takeout\Google Photos\Photos from 2024\IMG_3066.PNG.supplemental-metadata.json,C:\Users\thoma\Documents\Cyber Crimes Tools\Takeout Extracted\Takeout\Google Photos\Photos from 2024\IMG_3066.PNG,Coordinates compared only to local known reference points; target address coordinates not geocoded.
2024-04-25 16:56:38,IMG_3067.PNG,"Apr 25, 2024, 4:56:38 PM UTC","Sep 4, 2024, 9:15:45 PM UTC",,,No,,,"{""mobileUpload"": {""deviceType"": ""IOS_PHONE""}}",,,C:\Users\thoma\Documents\Cyber Crimes Tools\Takeout Extracted\Takeout\Google Photos\Photos from 2024\IMG_3067.PNG.supplemental-metadata.json,C:\Users\thoma\Documents\Cyber Crimes Tools\Takeout Extracted\Takeout\Google Photos\Photos from 2024\IMG_3067.PNG,Coordinates compared only to local known reference points; target address coordinates not geocoded.
2024-04-25 17:04:21,IMG_3068.PNG,"Apr 25, 2024, 5:04:21 PM UTC","Sep 4, 2024, 9:15:46 PM UTC",,,No,,,"{""mobileUpload"": {""deviceType"": ""IOS_PHONE""}}",,,C:\Users\thoma\Documents\Cyber Crimes Tools\Takeout Extracted\Takeout\Google Photos\Photos from 2024\IMG_3068.PNG.supplemental-metadata.json,C:\Users\thoma\Documents\Cyber Crimes Tools\Takeout Extracted\Takeout\Google Photos\Photos from 2024\IMG_3068.PNG,Coordinates compared only to local known reference points; target address coordinates not geocoded.
2024-04-25 17:04:58,IMG_3069.PNG,"Apr 25, 2024, 5:04:58 PM UTC","Sep 4, 2024, 9:15:46 PM UTC",,,No,,,"{""mobileUpload"": {""deviceType"": ""IOS_PHONE""}}",,,C:\Users\thoma\Documents\Cyber Crimes Tools\Takeout Extracted\Takeout\Google Photos\Photos from 2024\IMG_3069.PNG.supplemental-metadata.json,C:\Users\thoma\Documents\Cyber Crimes Tools\Takeout Extracted\Takeout\Google Photos\Photos from 2024\IMG_3069.PNG,Coordinates compared only to local known reference points; target address coordinates not geocoded.
2024-04-25 17:06:02,IMG_3070.PNG,"Apr 25, 2024, 5:06:02 PM UTC","Sep 4, 2024, 9:15:47 PM UTC",,,No,,,"{""mobileUpload"": {""deviceType"": ""IOS_PHONE""}}",,,C:\Users\thoma\Documents\Cyber Crimes Tools\Takeout Extracted\Takeout\Google Photos\Photos from 2024\IMG_3070.PNG.supplemental-metadata.json,C:\Users\thoma\Documents\Cyber Crimes Tools\Takeout Extracted\Takeout\Google Photos\Photos from 2024\IMG_3070.PNG,Coordinates compared only to local known reference points; target address coordinates not geocoded.
2024-04-25 17:06:27,IMG_3071.PNG,"Apr 25, 2024, 5:06:27 PM UTC","Sep 4, 2024, 9:15:48 PM UTC",,,No,,,"{""mobileUpload"": {""deviceType"": ""IOS_PHONE""}}",,,C:\Users\thoma\Documents\Cyber Crimes Tools\Takeout Extracted\Takeout\Google Photos\Photos from 2024\IMG_3071.PNG.supplemental-metadata(1).json,,Coordinates compared only to local known reference points; target address coordinates not geocoded.
2024-04-25 17:09:50,IMG_3072.PNG,"Apr 25, 2024, 5:09:50 PM UTC","Sep 4, 2024, 9:15:49 PM UTC",,,No,,,"{""mobileUpload"": {""deviceType"": ""IOS_PHONE""}}",,,C:\Users\thoma\Documents\Cyber Crimes Tools\Takeout Extracted\Takeout\Google Photos\Photos from 2024\IMG_3072.PNG.supplemental-metadata(1).json,,Coordinates compared only to local known reference points; target address coordinates not geocoded.
2024-04-25 17:10:25,IMG_3073.PNG,"Apr 25, 2024, 5:10:25 PM UTC","Sep 4, 2024, 9:15:49 PM UTC",,,No,,,"{""mobileUpload"": {""deviceType"": ""IOS_PHONE""}}",,,C:\Users\thoma\Documents\Cyber Crimes Tools\Takeout Extracted\Takeout\Google Photos\Photos from 2024\IMG_3073.PNG.supplemental-metadata(1).json,,Coordinates compared only to local known reference points; target address coordinates not geocoded.
2024-04-25 17:11:40,IMG_3074.PNG,"Apr 25, 2024, 5:11:40 PM UTC","Sep 4, 2024, 9:15:50 PM UTC",,,No,,,"{""mobileUpload"": {""deviceType"": ""IOS_PHONE""}}",,,C:\Users\thoma\Documents\Cyber Crimes Tools\Takeout Extracted\Takeout\Google Photos\Photos from 2024\IMG_3074.PNG.supplemental-metadata(1).json,,Coordinates compared only to local known reference points; target address coordinates not geocoded.
2024-04-25 17:12:57,IMG_3075.PNG,"Apr 25, 2024, 5:12:57 PM UTC","Sep 4, 2024, 9:15:50 PM UTC",,,No,,,"{""mobileUpload"": {""deviceType"": ""IOS_PHONE""}}",,,C:\Users\thoma\Documents\Cyber Crimes Tools\Takeout Extracted\Takeout\Google Photos\Photos from 2024\IMG_3075.PNG.supplemental-metadata.json,C:\Users\thoma\Documents\Cyber Crimes Tools\Takeout Extracted\Takeout\Google Photos\Photos from 2024\IMG_3075.PNG,Coordinates compared only to local known reference points; target address coordinates not geocoded.
2024-04-25 17:13:10,IMG_3076.PNG,"Apr 25, 2024, 5:13:10 PM UTC","Sep 4, 2024, 9:15:52 PM UTC",,,No,,,"{""mobileUpload"": {""deviceType"": ""IOS_PHONE""}}",,,C:\Users\thoma\Documents\Cyber Crimes Tools\Takeout Extracted\Takeout\Google Photos\Photos from 2024\IMG_3076.PNG.supplemental-metadata.json,C:\Users\thoma\Documents\Cyber Crimes Tools\Takeout Extracted\Takeout\Google Photos\Photos from 2024\IMG_3076.PNG,Coordinates compared only to local known reference points; target address coordinates not geocoded.
2024-04-25 17:15:21,IMG_3077.PNG,"Apr 25, 2024, 5:15:21 PM UTC","Sep 4, 2024, 9:15:52 PM UTC",,,No,,,"{""mobileUpload"": {""deviceType"": ""IOS_PHONE""}}",,,C:\Users\thoma\Documents\Cyber Crimes Tools\Takeout Extracted\Takeout\Google Photos\Photos from 2024\IMG_3077.PNG.supplemental-metadata.json,C:\Users\thoma\Documents\Cyber Crimes Tools\Takeout Extracted\Takeout\Google Photos\Photos from 2024\IMG_3077.PNG,Coordinates compared only to local known reference points; target address coordinates not geocoded.
2024-04-25 17:15:48,IMG_3078.PNG,"Apr 25, 2024, 5:15:48 PM UTC","Sep 4, 2024, 9:15:53 PM UTC",,,No,,,"{""mobileUpload"": {""deviceType"": ""IOS_PHONE""}}",,,C:\Users\thoma\Documents\Cyber Crimes Tools\Takeout Extracted\Takeout\Google Photos\Photos from 2024\IMG_3078.PNG.supplemental-metadata.json,C:\Users\thoma\Documents\Cyber Crimes Tools\Takeout Extracted\Takeout\Google Photos\Photos from 2024\IMG_3078.PNG,Coordinates compared only to local known reference points; target address coordinates not geocoded.
2024-04-25 17:16:46,IMG_3079.PNG,"Apr 25, 2024, 5:16:46 PM UTC","Sep 4, 2024, 9:15:53 PM UTC",,,No,,,"{""mobileUpload"": {""deviceType"": ""IOS_PHONE""}}",,,C:\Users\thoma\Documents\Cyber Crimes Tools\Takeout Extracted\Takeout\Google Photos\Photos from 2024\IMG_3079.PNG.supplemental-metadata.json,C:\Users\thoma\Documents\Cyber Crimes Tools\Takeout Extracted\Takeout\Google Photos\Photos from 2024\IMG_3079.PNG,Coordinates compared only to local known reference points; target address coordinates not geocoded.
2024-04-25 17:17:10,IMG_3080.PNG,"Apr 25, 2024, 5:17:10 PM UTC","Sep 4, 2024, 9:15:54 PM UTC",,,No,,,"{""mobileUpload"": {""deviceType"": ""IOS_PHONE""}}",,,C:\Users\thoma\Documents\Cyber Crimes Tools\Takeout Extracted\Takeout\Google Photos\Photos from 2024\IMG_3080.PNG.supplemental-metadata.json,C:\Users\thoma\Documents\Cyber Crimes Tools\Takeout Extracted\Takeout\Google Photos\Photos from 2024\IMG_3080.PNG,Coordinates compared only to local known reference points; target address coordinates not geocoded.
2024-04-25 17:17:31,IMG_3081.PNG,"Apr 25, 2024, 5:17:31 PM UTC","Sep 4, 2024, 9:15:56 PM UTC",,,No,,,"{""mobileUpload"": {""deviceType"": ""IOS_PHONE""}}",,,C:\Users\thoma\Documents\Cyber Crimes Tools\Takeout Extracted\Takeout\Google Photos\Photos from 2024\IMG_3081.PNG.supplemental-metadata.json,C:\Users\thoma\Documents\Cyber Crimes Tools\Takeout Extracted\Takeout\Google Photos\Photos from 2024\IMG_3081.PNG,Coordinates compared only to local known reference points; target address coordinates not geocoded.
2024-04-25 17:17:59,IMG_3082.PNG,"Apr 25, 2024, 5:17:59 PM UTC","Sep 4, 2024, 9:15:57 PM UTC",,,No,,,"{""mobileUpload"": {""deviceType"": ""IOS_PHONE""}}",,,C:\Users\thoma\Documents\Cyber Crimes Tools\Takeout Extracted\Takeout\Google Photos\Photos from 2024\IMG_3082.PNG.supplemental-metadata.json,C:\Users\thoma\Documents\Cyber Crimes Tools\Takeout Extracted\Takeout\Google Photos\Photos from 2024\IMG_3082.PNG,Coordinates compared only to local known reference points; target address coordinates not geocoded.
2024-04-25 17:18:27,IMG_3083.PNG,"Apr 25, 2024, 5:18:27 PM UTC","Sep 4, 2024, 9:15:57 PM UTC",,,No,,,"{""mobileUpload"": {""deviceType"": ""IOS_PHONE""}}",,,C:\Users\thoma\Documents\Cyber Crimes Tools\Takeout Extracted\Takeout\Google Photos\Photos from 2024\IMG_3083.PNG.supplemental-metadata.json,C:\Users\thoma\Documents\Cyber Crimes Tools\Takeout Extracted\Takeout\Google Photos\Photos from 2024\IMG_3083.PNG,Coordinates compared only to local known reference points; target address coordinates not geocoded.
2024-04-25 17:19:05,IMG_3084.PNG,"Apr 25, 2024, 5:19:05 PM UTC","Sep 4, 2024, 9:15:58 PM UTC",,,No,,,"{""mobileUpload"": {""deviceType"": ""IOS_PHONE""}}",,,C:\Users\thoma\Documents\Cyber Crimes Tools\Takeout Extracted\Takeout\Google Photos\Photos from 2024\IMG_3084.PNG.supplemental-metadata.json,C:\Users\thoma\Documents\Cyber Crimes Tools\Takeout Extracted\Takeout\Google Photos\Photos from 2024\IMG_3084.PNG,Coordinates compared only to local known reference points; target address coordinates not geocoded.
2024-04-25 17:19:24,IMG_3085.PNG,"Apr 25, 2024, 5:19:24 PM UTC","Sep 4, 2024, 9:16:00 PM UTC",,,No,,,"{""mobileUpload"": {""deviceType"": ""IOS_PHONE""}}",,,C:\Users\thoma\Documents\Cyber Crimes Tools\Takeout Extracted\Takeout\Google Photos\Photos from 2024\IMG_3085.PNG.supplemental-metadata.json,C:\Users\thoma\Documents\Cyber Crimes Tools\Takeout Extracted\Takeout\Google Photos\Photos from 2024\IMG_3085.PNG,Coordinates compared only to local known reference points; target address coordinates not geocoded.
2024-04-25 17:19:41,IMG_3086.PNG,"Apr 25, 2024, 5:19:41 PM UTC","Sep 4, 2024, 9:16:01 PM UTC",,,No,,,"{""mobileUpload"": {""deviceType"": ""IOS_PHONE""}}",,,C:\Users\thoma\Documents\Cyber Crimes Tools\Takeout Extracted\Takeout\Google Photos\Photos from 2024\IMG_3086.PNG.supplemental-metadata.json,C:\Users\thoma\Documents\Cyber Crimes Tools\Takeout Extracted\Takeout\Google Photos\Photos from 2024\IMG_3086.PNG,Coordinates compared only to local known reference points; target address coordinates not geocoded.
2024-04-25 17:20:18,IMG_3087.PNG,"Apr 25, 2024, 5:20:18 PM UTC","Sep 4, 2024, 9:16:01 PM UTC",,,No,,,"{""mobileUpload"": {""deviceType"": ""IOS_PHONE""}}",,,C:\Users\thoma\Documents\Cyber Crimes Tools\Takeout Extracted\Takeout\Google Photos\Photos from 2024\IMG_3087.PNG.supplemental-metadata.json,C:\Users\thoma\Documents\Cyber Crimes Tools\Takeout Extracted\Takeout\Google Photos\Photos from 2024\IMG_3087.PNG,Coordinates compared only to local known reference points; target address coordinates not geocoded.
2024-04-25 17:20:45,IMG_3088.PNG,"Apr 25, 2024, 5:20:45 PM UTC","Sep 4, 2024, 9:16:02 PM UTC",,,No,,,"{""mobileUpload"": {""deviceType"": ""IOS_PHONE""}}",,,C:\Users\thoma\Documents\Cyber Crimes Tools\Takeout Extracted\Takeout\Google Photos\Photos from 2024\IMG_3088.PNG.supplemental-metadata.json,C:\Users\thoma\Documents\Cyber Crimes Tools\Takeout Extracted\Takeout\Google Photos\Photos from 2024\IMG_3088.PNG,Coordinates compared only to local known reference points; target address coordinates not geocoded.
2024-04-25 17:21:07,IMG_3089.PNG,"Apr 25, 2024, 5:21:07 PM UTC","Sep 4, 2024, 9:16:03 PM UTC",,,No,,,"{""mobileUpload"": {""deviceType"": ""IOS_PHONE""}}",,,C:\Users\thoma\Documents\Cyber Crimes Tools\Takeout Extracted\Takeout\Google Photos\Photos from 2024\IMG_3089.PNG.supplemental-metadata.json,C:\Users\thoma\Documents\Cyber Crimes Tools\Takeout Extracted\Takeout\Google Photos\Photos from 2024\IMG_3089.PNG,Coordinates compared only to local known reference points; target address coordinates not geocoded.
2024-04-25 17:21:28,IMG_3090.PNG,"Apr 25, 2024, 5:21:28 PM UTC","Sep 4, 2024, 9:16:06 PM UTC",,,No,,,"{""mobileUpload"": {""deviceType"": ""IOS_PHONE""}}",,,C:\Users\thoma\Documents\Cyber Crimes Tools\Takeout Extracted\Takeout\Google Photos\Photos from 2024\IMG_3090.PNG.supplemental-metadata.json,C:\Users\thoma\Documents\Cyber Crimes Tools\Takeout Extracted\Takeout\Google Photos\Photos from 2024\IMG_3090.PNG,Coordinates compared only to local known reference points; target address coordinates not geocoded.
2024-04-25 17:21:58,IMG_3091.PNG,"Apr 25, 2024, 5:21:58 PM UTC","Sep 4, 2024, 9:16:07 PM UTC",,,No,,,"{""mobileUpload"": {""deviceType"": ""IOS_PHONE""}}",,,C:\Users\thoma\Documents\Cyber Crimes Tools\Takeout Extracted\Takeout\Google Photos\Photos from 2024\IMG_3091.PNG.supplemental-metadata.json,C:\Users\thoma\Documents\Cyber Crimes Tools\Takeout Extracted\Takeout\Google Photos\Photos from 2024\IMG_3091.PNG,Coordinates compared only to local known reference points; target address coordinates not geocoded.
2024-04-25 17:22:22,IMG_3092.PNG,"Apr 25, 2024, 5:22:22 PM UTC","Sep 4, 2024, 9:16:08 PM UTC",,,No,,,"{""mobileUpload"": {""deviceType"": ""IOS_PHONE""}}",,,C:\Users\thoma\Documents\Cyber Crimes Tools\Takeout Extracted\Takeout\Google Photos\Photos from 2024\IMG_3092.PNG.supplemental-metadata.json,C:\Users\thoma\Documents\Cyber Crimes Tools\Takeout Extracted\Takeout\Google Photos\Photos from 2024\IMG_3092.PNG,Coordinates compared only to local known reference points; target address coordinates not geocoded.
2024-04-25 17:22:38,IMG_3093.PNG,"Apr 25, 2024, 5:22:38 PM UTC","Sep 4, 2024, 9:16:09 PM UTC",,,No,,,"{""mobileUpload"": {""deviceType"": ""IOS_PHONE""}}",,,C:\Users\thoma\Documents\Cyber Crimes Tools\Takeout Extracted\Takeout\Google Photos\Photos from 2024\IMG_3093.PNG.supplemental-metadata(1).json,,Coordinates compared only to local known reference points; target address coordinates not geocoded.
2024-04-25 17:27:00,IMG_3094.PNG,"Apr 25, 2024, 5:27:00 PM UTC","Sep 4, 2024, 9:16:10 PM UTC",,,No,,,"{""mobileUpload"": {""deviceType"": ""IOS_PHONE""}}",,,C:\Users\thoma\Documents\Cyber Crimes Tools\Takeout Extracted\Takeout\Google Photos\Photos from 2024\IMG_3094.PNG.supplemental-metadata(1).json,,Coordinates compared only to local known reference points; target address coordinates not geocoded.
2024-04-25 17:28:41,IMG_3095.PNG,"Apr 25, 2024, 5:28:41 PM UTC","Sep 4, 2024, 9:16:11 PM UTC",,,No,,,"{""mobileUpload"": {""deviceType"": ""IOS_PHONE""}}",,,C:\Users\thoma\Documents\Cyber Crimes Tools\Takeout Extracted\Takeout\Google Photos\Photos from 2024\IMG_3095.PNG.supplemental-metadata.json,C:\Users\thoma\Documents\Cyber Crimes Tools\Takeout Extracted\Takeout\Google Photos\Photos from 2024\IMG_3095.PNG,Coordinates compared only to local known reference points; target address coordinates not geocoded.
2024-04-25 17:32:14,IMG_3096.PNG,"Apr 25, 2024, 5:32:14 PM UTC","Sep 4, 2024, 9:16:12 PM UTC",,,No,,,"{""mobileUpload"": {""deviceType"": ""IOS_PHONE""}}",,,C:\Users\thoma\Documents\Cyber Crimes Tools\Takeout Extracted\Takeout\Google Photos\Photos from 2024\IMG_3096.PNG.supplemental-metadata(1).json,,Coordinates compared only to local known reference points; target address coordinates not geocoded.
2024-04-25 17:33:56,IMG_3097.PNG,"Apr 25, 2024, 5:33:56 PM UTC","Sep 4, 2024, 9:16:13 PM UTC",,,No,,,"{""mobileUpload"": {""deviceType"": ""IOS_PHONE""}}",,,C:\Users\thoma\Documents\Cyber Crimes Tools\Takeout Extracted\Takeout\Google Photos\Photos from 2024\IMG_3097.PNG.supplemental-metadata(1).json,,Coordinates compared only to local known reference points; target address coordinates not geocoded.
2024-04-25 17:34:38,IMG_3098.PNG,"Apr 25, 2024, 5:34:38 PM UTC","Sep 4, 2024, 9:16:14 PM UTC",,,No,,,"{""mobileUpload"": {""deviceType"": ""IOS_PHONE""}}",,,C:\Users\thoma\Documents\Cyber Crimes Tools\Takeout Extracted\Takeout\Google Photos\Photos from 2024\IMG_3098.PNG.supplemental-metadata(1).json,,Coordinates compared only to local known reference points; target address coordinates not geocoded.
2024-04-25 17:35:15,IMG_3099.PNG,"Apr 25, 2024, 5:35:15 PM UTC","Sep 4, 2024, 9:16:15 PM UTC",,,No,,,"{""mobileUpload"": {""deviceType"": ""IOS_PHONE""}}",,,C:\Users\thoma\Documents\Cyber Crimes Tools\Takeout Extracted\Takeout\Google Photos\Photos from 2024\IMG_3099.PNG.supplemental-metadata.json,C:\Users\thoma\Documents\Cyber Crimes Tools\Takeout Extracted\Takeout\Google Photos\Photos from 2024\IMG_3099.PNG,Coordinates compared only to local known reference points; target address coordinates not geocoded.
2024-04-25 17:35:47,IMG_3100.PNG,"Apr 25, 2024, 5:35:47 PM UTC","Sep 4, 2024, 9:16:15 PM UTC",,,No,,,"{""mobileUpload"": {""deviceType"": ""IOS_PHONE""}}",,,C:\Users\thoma\Documents\Cyber Crimes Tools\Takeout Extracted\Takeout\Google Photos\Photos from 2024\IMG_3100.PNG.supplemental-metadata(1).json,,Coordinates compared only to local known reference points; target address coordinates not geocoded.
2024-04-25 17:36:59,IMG_3101.PNG,"Apr 25, 2024, 5:36:59 PM UTC","Sep 4, 2024, 9:16:17 PM UTC",,,No,,,"{""mobileUpload"": {""deviceType"": ""IOS_PHONE""}}",,,C:\Users\thoma\Documents\Cyber Crimes Tools\Takeout Extracted\Takeout\Google Photos\Photos from 2024\IMG_3101.PNG.supplemental-metadata.json,C:\Users\thoma\Documents\Cyber Crimes Tools\Takeout Extracted\Takeout\Google Photos\Photos from 2024\IMG_3101.PNG,Coordinates compared only to local known reference points; target address coordinates not geocoded.
2024-04-25 17:38:30,IMG_3102.PNG,"Apr 25, 2024, 5:38:30 PM UTC","Sep 4, 2024, 9:16:17 PM UTC",,,No,,,"{""mobileUpload"": {""deviceType"": ""IOS_PHONE""}}",,,C:\Users\thoma\Documents\Cyber Crimes Tools\Takeout Extracted\Takeout\Google Photos\Photos from 2024\IMG_3102.PNG.supplemental-metadata.json,C:\Users\thoma\Documents\Cyber Crimes Tools\Takeout Extracted\Takeout\Google Photos\Photos from 2024\IMG_3102.PNG,Coordinates compared only to local known reference points; target address coordinates not geocoded.
2024-04-25 17:42:06,IMG_3103.PNG,"Apr 25, 2024, 5:42:06 PM UTC","Sep 4, 2024, 9:16:19 PM UTC",,,No,,,"{""mobileUpload"": {""deviceType"": ""IOS_PHONE""}}",,,C:\Users\thoma\Documents\Cyber Crimes Tools\Takeout Extracted\Takeout\Google Photos\Photos from 2024\IMG_3103.PNG.supplemental-metadata.json,C:\Users\thoma\Documents\Cyber Crimes Tools\Takeout Extracted\Takeout\Google Photos\Photos from 2024\IMG_3103.PNG,Coordinates compared only to local known reference points; target address coordinates not geocoded.
2024-04-25 17:42:25,IMG_3104.PNG,"Apr 25, 2024, 5:42:25 PM UTC","Sep 4, 2024, 9:16:19 PM UTC",,,No,,,"{""mobileUpload"": {""deviceType"": ""IOS_PHONE""}}",,,C:\Users\thoma\Documents\Cyber Crimes Tools\Takeout Extracted\Takeout\Google Photos\Photos from 2024\IMG_3104.PNG.supplemental-metadata.json,C:\Users\thoma\Documents\Cyber Crimes Tools\Takeout Extracted\Takeout\Google Photos\Photos from 2024\IMG_3104.PNG,Coordinates compared only to local known reference points; target address coordinates not geocoded.
2024-04-25 17:42:44,IMG_3105.PNG,"Apr 25, 2024, 5:42:44 PM UTC","Sep 4, 2024, 9:16:20 PM UTC",,,No,,,"{""mobileUpload"": {""deviceType"": ""IOS_PHONE""}}",,,C:\Users\thoma\Documents\Cyber Crimes Tools\Takeout Extracted\Takeout\Google Photos\Photos from 2024\IMG_3105.PNG.supplemental-metadata(1).json,,Coordinates compared only to local known reference points; target address coordinates not geocoded.
2024-04-25 17:43:04,IMG_3106.PNG,"Apr 25, 2024, 5:43:04 PM UTC","Sep 4, 2024, 9:16:21 PM UTC",,,No,,,"{""mobileUpload"": {""deviceType"": ""IOS_PHONE""}}",,,C:\Users\thoma\Documents\Cyber Crimes Tools\Takeout Extracted\Takeout\Google Photos\Photos from 2024\IMG_3106.PNG.supplemental-metadata.json,C:\Users\thoma\Documents\Cyber Crimes Tools\Takeout Extracted\Takeout\Google Photos\Photos from 2024\IMG_3106.PNG,Coordinates compared only to local known reference points; target address coordinates not geocoded.
2024-04-25 17:43:40,IMG_3107.PNG,"Apr 25, 2024, 5:43:40 PM UTC","Sep 4, 2024, 9:16:22 PM UTC",,,No,,,"{""mobileUpload"": {""deviceType"": ""IOS_PHONE""}}",,,C:\Users\thoma\Documents\Cyber Crimes Tools\Takeout Extracted\Takeout\Google Photos\Photos from 2024\IMG_3107.PNG.supplemental-metadata.json,C:\Users\thoma\Documents\Cyber Crimes Tools\Takeout Extracted\Takeout\Google Photos\Photos from 2024\IMG_3107.PNG,Coordinates compared only to local known reference points; target address coordinates not geocoded.
2024-04-25 17:48:49,IMG_3108.PNG,"Apr 25, 2024, 5:48:49 PM UTC","Sep 4, 2024, 9:16:23 PM UTC",,,No,,,"{""mobileUpload"": {""deviceType"": ""IOS_PHONE""}}",,,C:\Users\thoma\Documents\Cyber Crimes Tools\Takeout Extracted\Takeout\Google Photos\Photos from 2024\IMG_3108.PNG.supplemental-metadata.json,C:\Users\thoma\Documents\Cyber Crimes Tools\Takeout Extracted\Takeout\Google Photos\Photos from 2024\IMG_3108.PNG,Coordinates compared only to local known reference points; target address coordinates not geocoded.
2024-04-25 17:49:10,IMG_3109.PNG,"Apr 25, 2024, 5:49:10 PM UTC","Sep 4, 2024, 9:16:24 PM UTC",,,No,,,"{""mobileUpload"": {""deviceType"": ""IOS_PHONE""}}",,,C:\Users\thoma\Documents\Cyber Crimes Tools\Takeout Extracted\Takeout\Google Photos\Photos from 2024\IMG_3109.PNG.supplemental-metadata.json,C:\Users\thoma\Documents\Cyber Crimes Tools\Takeout Extracted\Takeout\Google Photos\Photos from 2024\IMG_3109.PNG,Coordinates compared only to local known reference points; target address coordinates not geocoded.
2024-04-25 17:49:27,IMG_3110.PNG,"Apr 25, 2024, 5:49:27 PM UTC","Sep 4, 2024, 9:16:25 PM UTC",,,No,,,"{""mobileUpload"": {""deviceType"": ""IOS_PHONE""}}",,,C:\Users\thoma\Documents\Cyber Crimes Tools\Takeout Extracted\Takeout\Google Photos\Photos from 2024\IMG_3110.PNG.supplemental-metadata.json,C:\Users\thoma\Documents\Cyber Crimes Tools\Takeout Extracted\Takeout\Google Photos\Photos from 2024\IMG_3110.PNG,Coordinates compared only to local known reference points; target address coordinates not geocoded.
2024-04-25 17:49:43,IMG_3111.PNG,"Apr 25, 2024, 5:49:43 PM UTC","Sep 4, 2024, 9:16:26 PM UTC",,,No,,,"{""mobileUpload"": {""deviceType"": ""IOS_PHONE""}}",,,C:\Users\thoma\Documents\Cyber Crimes Tools\Takeout Extracted\Takeout\Google Photos\Photos from 2024\IMG_3111.PNG.supplemental-metadata.json,C:\Users\thoma\Documents\Cyber Crimes Tools\Takeout Extracted\Takeout\Google Photos\Photos from 2024\IMG_3111.PNG,Coordinates compared only to local known reference points; target address coordinates not geocoded.
2024-04-25 17:49:59,IMG_3112.PNG,"Apr 25, 2024, 5:49:59 PM UTC","Sep 4, 2024, 9:16:26 PM UTC",,,No,,,"{""mobileUpload"": {""deviceType"": ""IOS_PHONE""}}",,,C:\Users\thoma\Documents\Cyber Crimes Tools\Takeout Extracted\Takeout\Google Photos\Photos from 2024\IMG_3112.PNG.supplemental-metadata(1).json,,Coordinates compared only to local known reference points; target address coordinates not geocoded.
2024-04-25 17:50:24,IMG_3113.PNG,"Apr 25, 2024, 5:50:24 PM UTC","Sep 4, 2024, 9:16:27 PM UTC",,,No,,,"{""mobileUpload"": {""deviceType"": ""IOS_PHONE""}}",,,C:\Users\thoma\Documents\Cyber Crimes Tools\Takeout Extracted\Takeout\Google Photos\Photos from 2024\IMG_3113.PNG.supplemental-metadata.json,C:\Users\thoma\Documents\Cyber Crimes Tools\Takeout Extracted\Takeout\Google Photos\Photos from 2024\IMG_3113.PNG,Coordinates compared only to local known reference points; target address coordinates not geocoded.
2024-04-25 17:50:40,IMG_3114.PNG,"Apr 25, 2024, 5:50:40 PM UTC","Sep 4, 2024, 9:16:28 PM UTC",,,No,,,"{""mobileUpload"": {""deviceType"": ""IOS_PHONE""}}",,,C:\Users\thoma\Documents\Cyber Crimes Tools\Takeout Extracted\Takeout\Google Photos\Photos from 2024\IMG_3114.PNG.supplemental-metadata.json,C:\Users\thoma\Documents\Cyber Crimes Tools\Takeout Extracted\Takeout\Google Photos\Photos from 2024\IMG_3114.PNG,Coordinates compared only to local known reference points; target address coordinates not geocoded.
2024-04-25 17:51:07,IMG_3115.PNG,"Apr 25, 2024, 5:51:07 PM UTC","Sep 4, 2024, 9:16:29 PM UTC",,,No,,,"{""mobileUpload"": {""deviceType"": ""IOS_PHONE""}}",,,C:\Users\thoma\Documents\Cyber Crimes Tools\Takeout Extracted\Takeout\Google Photos\Photos from 2024\IMG_3115.PNG.supplemental-metadata.json,C:\Users\thoma\Documents\Cyber Crimes Tools\Takeout Extracted\Takeout\Google Photos\Photos from 2024\IMG_3115.PNG,Coordinates compared only to local known reference points; target address coordinates not geocoded.
2024-04-25 17:51:31,IMG_3116.PNG,"Apr 25, 2024, 5:51:31 PM UTC","Sep 4, 2024, 9:16:29 PM UTC",,,No,,,"{""mobileUpload"": {""deviceType"": ""IOS_PHONE""}}",,,C:\Users\thoma\Documents\Cyber Crimes Tools\Takeout Extracted\Takeout\Google Photos\Photos from 2024\IMG_3116.PNG.supplemental-metadata.json,C:\Users\thoma\Documents\Cyber Crimes Tools\Takeout Extracted\Takeout\Google Photos\Photos from 2024\IMG_3116.PNG,Coordinates compared only to local known reference points; target address coordinates not geocoded.
2024-04-25 17:51:47,IMG_3117.PNG,"Apr 25, 2024, 5:51:47 PM UTC","Sep 4, 2024, 9:16:31 PM UTC",,,No,,,"{""mobileUpload"": {""deviceType"": ""IOS_PHONE""}}",,,C:\Users\thoma\Documents\Cyber Crimes Tools\Takeout Extracted\Takeout\Google Photos\Photos from 2024\IMG_3117.PNG.supplemental-metadata.json,C:\Users\thoma\Documents\Cyber Crimes Tools\Takeout Extracted\Takeout\Google Photos\Photos from 2024\IMG_3117.PNG,Coordinates compared only to local known reference points; target address coordinates not geocoded.
2024-04-25 17:52:08,IMG_3118.PNG,"Apr 25, 2024, 5:52:08 PM UTC","Sep 4, 2024, 9:16:32 PM UTC",,,No,,,"{""mobileUpload"": {""deviceType"": ""IOS_PHONE""}}",,,C:\Users\thoma\Documents\Cyber Crimes Tools\Takeout Extracted\Takeout\Google Photos\Photos from 2024\IMG_3118.PNG.supplemental-metadata.json,C:\Users\thoma\Documents\Cyber Crimes Tools\Takeout Extracted\Takeout\Google Photos\Photos from 2024\IMG_3118.PNG,Coordinates compared only to local known reference points; target address coordinates not geocoded.
2024-04-25 17:52:34,IMG_3119.PNG,"Apr 25, 2024, 5:52:34 PM UTC","Sep 4, 2024, 9:34:21 PM UTC",,,No,,,"{""mobileUpload"": {""deviceType"": ""IOS_PHONE""}}",,,C:\Users\thoma\Documents\Cyber Crimes Tools\Takeout Extracted\Takeout\Google Photos\Photos from 2024\IMG_3119.PNG.supplemental-metadata.json,C:\Users\thoma\Documents\Cyber Crimes Tools\Takeout Extracted\Takeout\Google Photos\Photos from 2024\IMG_3119.PNG,Coordinates compared only to local known reference points; target address coordinates not geocoded.
2024-04-25 17:52:52,IMG_3120.PNG,"Apr 25, 2024, 5:52:52 PM UTC","Sep 5, 2024, 5:21:43 AM UTC",,,No,,,"{""mobileUpload"": {""deviceType"": ""IOS_PHONE""}}",,,C:\Users\thoma\Documents\Cyber Crimes Tools\Takeout Extracted\Takeout\Google Photos\Photos from 2024\IMG_3120.PNG.supplemental-metadata.json,C:\Users\thoma\Documents\Cyber Crimes Tools\Takeout Extracted\Takeout\Google Photos\Photos from 2024\IMG_3120.PNG,Coordinates compared only to local known reference points; target address coordinates not geocoded.
2024-04-25 17:53:22,IMG_3121.PNG,"Apr 25, 2024, 5:53:22 PM UTC","Sep 5, 2024, 5:21:31 AM UTC",,,No,,,"{""mobileUpload"": {""deviceType"": ""IOS_PHONE""}}",,,C:\Users\thoma\Documents\Cyber Crimes Tools\Takeout Extracted\Takeout\Google Photos\Photos from 2024\IMG_3121.PNG.supplemental-metadata.json,C:\Users\thoma\Documents\Cyber Crimes Tools\Takeout Extracted\Takeout\Google Photos\Photos from 2024\IMG_3121.PNG,Coordinates compared only to local known reference points; target address coordinates not geocoded.
2024-04-25 17:53:38,IMG_3122.PNG,"Apr 25, 2024, 5:53:38 PM UTC","Sep 4, 2024, 9:38:03 PM UTC",,,No,,,"{""mobileUpload"": {""deviceType"": ""IOS_PHONE""}}",,,C:\Users\thoma\Documents\Cyber Crimes Tools\Takeout Extracted\Takeout\Google Photos\Photos from 2024\IMG_3122.PNG.supplemental-metadata.json,C:\Users\thoma\Documents\Cyber Crimes Tools\Takeout Extracted\Takeout\Google Photos\Photos from 2024\IMG_3122.PNG,Coordinates compared only to local known reference points; target address coordinates not geocoded.
2024-04-25 17:53:57,IMG_3123.PNG,"Apr 25, 2024, 5:53:57 PM UTC","Sep 5, 2024, 5:21:03 AM UTC",,,No,,,"{""mobileUpload"": {""deviceType"": ""IOS_PHONE""}}",,,C:\Users\thoma\Documents\Cyber Crimes Tools\Takeout Extracted\Takeout\Google Photos\Photos from 2024\IMG_3123.PNG.supplemental-metadata.json,C:\Users\thoma\Documents\Cyber Crimes Tools\Takeout Extracted\Takeout\Google Photos\Photos from 2024\IMG_3123.PNG,Coordinates compared only to local known reference points; target address coordinates not geocoded.
2024-04-25 19:41:51,IMG_2860.JPG,"Apr 25, 2024, 7:41:51 PM UTC","Sep 4, 2024, 9:38:01 PM UTC",29.024541700000004,-80.93288609999999,Yes,Observed_PalmVista_like_cluster_from_metadata,9989.1,"{""mobileUpload"": {""deviceType"": ""IOS_PHONE""}}",,,C:\Users\thoma\Documents\Cyber Crimes Tools\Takeout Extracted\Takeout\Google Photos\Photos from 2024\IMG_2860.JPG.supplemental-metadata.json,C:\Users\thoma\Documents\Cyber Crimes Tools\Takeout Extracted\Takeout\Google Photos\Photos from 2024\IMG_2860.JPG,Coordinates compared only to local known reference points; target address coordinates not geocoded.
2024-04-25 23:43:59,IMG_2862.JPG,"Apr 25, 2024, 11:43:59 PM UTC","Sep 4, 2024, 9:38:09 PM UTC",29.063969399999998,-81.02523889999999,Yes,Observed_PalmVista_like_cluster_from_metadata,5.1,"{""mobileUpload"": {""deviceType"": ""IOS_PHONE""}}",,,C:\Users\thoma\Documents\Cyber Crimes Tools\Takeout Extracted\Takeout\Google Photos\Photos from 2024\IMG_2862.JPG.supplemental-metadata.json,C:\Users\thoma\Documents\Cyber Crimes Tools\Takeout Extracted\Takeout\Google Photos\Photos from 2024\IMG_2862.JPG,Coordinates compared only to local known reference points; target address coordinates not geocoded.
2024-04-25 23:44:05,IMG_2863.JPG,"Apr 25, 2024, 11:44:05 PM UTC","Sep 5, 2024, 5:21:24 AM UTC",29.0641167,-81.0251778,Yes,Observed_PalmVista_like_cluster_from_metadata,13.2,"{""mobileUpload"": {""deviceType"": ""IOS_PHONE""}}",,,C:\Users\thoma\Documents\Cyber Crimes Tools\Takeout Extracted\Takeout\Google Photos\Photos from 2024\IMG_2863.JPG.supplemental-metadata.json,C:\Users\thoma\Documents\Cyber Crimes Tools\Takeout Extracted\Takeout\Google Photos\Photos from 2024\IMG_2863.JPG,Coordinates compared only to local known reference points; target address coordinates not geocoded.
2024-04-25 23:44:07,IMG_2864.JPG,"Apr 25, 2024, 11:44:07 PM UTC","Sep 4, 2024, 9:38:04 PM UTC",29.064086099999997,-81.02515559999999,Yes,Observed_PalmVista_like_cluster_from_metadata,10.5,"{""mobileUpload"": {""deviceType"": ""IOS_PHONE""}}",,,C:\Users\thoma\Documents\Cyber Crimes Tools\Takeout Extracted\Takeout\Google Photos\Photos from 2024\IMG_2864.JPG.supplemental-metadata.json,C:\Users\thoma\Documents\Cyber Crimes Tools\Takeout Extracted\Takeout\Google Photos\Photos from 2024\IMG_2864.JPG,Coordinates compared only to local known reference points; target address coordinates not geocoded.
2024-04-25 23:44:08,IMG_2865.JPG,"Apr 25, 2024, 11:44:08 PM UTC","Sep 4, 2024, 9:38:03 PM UTC",29.06405,-81.0251167,Yes,Observed_PalmVista_like_cluster_from_metadata,9.8,"{""mobileUpload"": {""deviceType"": ""IOS_PHONE""}}",,,C:\Users\thoma\Documents\Cyber Crimes Tools\Takeout Extracted\Takeout\Google Photos\Photos from 2024\IMG_2865.JPG.supplemental-metadata.json,C:\Users\thoma\Documents\Cyber Crimes Tools\Takeout Extracted\Takeout\Google Photos\Photos from 2024\IMG_2865.JPG,Coordinates compared only to local known reference points; target address coordinates not geocoded.
2024-04-25 23:44:09,IMG_2866.JPG,"Apr 25, 2024, 11:44:09 PM UTC","Sep 5, 2024, 5:21:35 AM UTC",29.06405,-81.0251167,Yes,Observed_PalmVista_like_cluster_from_metadata,9.8,"{""mobileUpload"": {""deviceType"": ""IOS_PHONE""}}",,,C:\Users\thoma\Documents\Cyber Crimes Tools\Takeout Extracted\Takeout\Google Photos\Photos from 2024\IMG_2866.JPG.supplemental-metadata.json,C:\Users\thoma\Documents\Cyber Crimes Tools\Takeout Extracted\Takeout\Google Photos\Photos from 2024\IMG_2866.JPG,Coordinates compared only to local known reference points; target address coordinates not geocoded.
2024-04-25 23:44:17,IMG_2867.JPG,"Apr 25, 2024, 11:44:17 PM UTC","Sep 4, 2024, 9:38:10 PM UTC",29.06405,-81.0251167,Yes,Observed_PalmVista_like_cluster_from_metadata,9.8,"{""mobileUpload"": {""deviceType"": ""IOS_PHONE""}}",,,C:\Users\thoma\Documents\Cyber Crimes Tools\Takeout Extracted\Takeout\Google Photos\Photos from 2024\IMG_2867.JPG.supplemental-metadata.json,C:\Users\thoma\Documents\Cyber Crimes Tools\Takeout Extracted\Takeout\Google Photos\Photos from 2024\IMG_2867.JPG,Coordinates compared only to local known reference points; target address coordinates not geocoded.
2024-04-25 23:46:51,IMG_2868.JPG,"Apr 25, 2024, 11:46:51 PM UTC","Sep 5, 2024, 5:20:31 AM UTC",29.0639639,-81.0250861,Yes,Observed_PalmVista_like_cluster_from_metadata,11.8,"{""mobileUpload"": {""deviceType"": ""IOS_PHONE""}}",,,C:\Users\thoma\Documents\Cyber Crimes Tools\Takeout Extracted\Takeout\Google Photos\Photos from 2024\IMG_2868.JPG.supplemental-metadata.json,C:\Users\thoma\Documents\Cyber Crimes Tools\Takeout Extracted\Takeout\Google Photos\Photos from 2024\IMG_2868.JPG,Coordinates compared only to local known reference points; target address coordinates not geocoded.
2024-04-26 18:22:56,IMG_2869.PNG,"Apr 26, 2024, 6:22:56 PM UTC","Sep 5, 2024, 8:47:14 PM UTC",,,No,,,"{""mobileUpload"": {""deviceType"": ""IOS_PHONE""}}",,,C:\Users\thoma\Documents\Cyber Crimes Tools\Takeout Extracted\Takeout\Google Photos\Photos from 2024\IMG_2869.PNG.supplemental-metadata.json,C:\Users\thoma\Documents\Cyber Crimes Tools\Takeout Extracted\Takeout\Google Photos\Photos from 2024\IMG_2869.PNG,Coordinates compared only to local known reference points; target address coordinates not geocoded.
