Pattern,Line,SourceFile
^Date: .*(19|20|21|22|23|24|25|26) Apr 2024,"160792807:Date: Thu, 25 Apr 2024 19:28:23 +0000",C:\Users\thoma\Documents\Cyber Crimes Tools\All mail Including Spam and Trash-002.mbox
^Date: .*(19|20|21|22|23|24|25|26) Apr 2024,"160795778:Date: Thu, 25 Apr 2024 09:44:56 -0400",C:\Users\thoma\Documents\Cyber Crimes Tools\All mail Including Spam and Trash-002.mbox
^Date: .*(19|20|21|22|23|24|25|26) Apr 2024,"160818481:Date: Wed, 24 Apr 2024 14:36:29 -0400",C:\Users\thoma\Documents\Cyber Crimes Tools\All mail Including Spam and Trash-002.mbox
^Date: .*(19|20|21|22|23|24|25|26) Apr 2024,"160841073:Date: Wed, 24 Apr 2024 14:27:37 -0400",C:\Users\thoma\Documents\Cyber Crimes Tools\All mail Including Spam and Trash-002.mbox
^Date: .*(19|20|21|22|23|24|25|26) Apr 2024,"160863488:Date: Wed, 24 Apr 2024 14:25:50 -0400",C:\Users\thoma\Documents\Cyber Crimes Tools\All mail Including Spam and Trash-002.mbox
^Date: .*(19|20|21|22|23|24|25|26) Apr 2024,"160887793:Date: Wed, 24 Apr 2024 14:05:31 -0400",C:\Users\thoma\Documents\Cyber Crimes Tools\All mail Including Spam and Trash-002.mbox
^Date: .*(19|20|21|22|23|24|25|26) Apr 2024,"160910068:Date: Tue, 23 Apr 2024 15:27:28 -0400",C:\Users\thoma\Documents\Cyber Crimes Tools\All mail Including Spam and Trash-002.mbox
^Date: .*(19|20|21|22|23|24|25|26) Apr 2024,"160912569:Date: Tue, 23 Apr 2024 18:56:47 +0000",C:\Users\thoma\Documents\Cyber Crimes Tools\All mail Including Spam and Trash-002.mbox
^Date: .*(19|20|21|22|23|24|25|26) Apr 2024,"160915051:Date: Tue, 23 Apr 2024 18:37:07 +0000",C:\Users\thoma\Documents\Cyber Crimes Tools\All mail Including Spam and Trash-002.mbox
^Date: .*(19|20|21|22|23|24|25|26) Apr 2024,"160917470:Date: Tue, 23 Apr 2024 14:34:02 -0400",C:\Users\thoma\Documents\Cyber Crimes Tools\All mail Including Spam and Trash-002.mbox
^Date: .*(19|20|21|22|23|24|25|26) Apr 2024,"172136865:Date: Mon, 22 Apr 2024 14:01:45 +0000",C:\Users\thoma\Documents\Cyber Crimes Tools\All mail Including Spam and Trash-002.mbox
^Date: .*(19|20|21|22|23|24|25|26) Apr 2024,"172139171:Date: Mon, 22 Apr 2024 14:01:45 +0000",C:\Users\thoma\Documents\Cyber Crimes Tools\All mail Including Spam and Trash-002.mbox
^Date: .*(19|20|21|22|23|24|25|26) Apr 2024,"176651553:Date: Fri, 26 Apr 2024 18:08:48 -0600",C:\Users\thoma\Documents\Cyber Crimes Tools\All mail Including Spam and Trash-002.mbox
^Date: .*(19|20|21|22|23|24|25|26) Apr 2024,"176674640:Date: Fri, 26 Apr 2024 19:59:44 -0400 (EDT)",C:\Users\thoma\Documents\Cyber Crimes Tools\All mail Including Spam and Trash-002.mbox
^Date: .*(19|20|21|22|23|24|25|26) Apr 2024,"176694760:Date: Fri, 26 Apr 2024 21:32:46 -0700 (PDT)",C:\Users\thoma\Documents\Cyber Crimes Tools\All mail Including Spam and Trash-002.mbox
^Date: .*(19|20|21|22|23|24|25|26) Apr 2024,"176719598:Date: Fri, 26 Apr 2024 20:33:48 -0600",C:\Users\thoma\Documents\Cyber Crimes Tools\All mail Including Spam and Trash-002.mbox
^Date: .*(19|20|21|22|23|24|25|26) Apr 2024,"176728983:Date: Fri, 26 Apr 2024 17:39:40 +0000",C:\Users\thoma\Documents\Cyber Crimes Tools\All mail Including Spam and Trash-002.mbox
^Date: .*(19|20|21|22|23|24|25|26) Apr 2024,"176735967:Date: Fri, 26 Apr 2024 18:39:33 -0400 (EDT)",C:\Users\thoma\Documents\Cyber Crimes Tools\All mail Including Spam and Trash-002.mbox
^Date: .*(19|20|21|22|23|24|25|26) Apr 2024,"176742177:Date: Fri, 26 Apr 2024 23:00:05 +0000 (UTC)",C:\Users\thoma\Documents\Cyber Crimes Tools\All mail Including Spam and Trash-002.mbox
^Date: .*(19|20|21|22|23|24|25|26) Apr 2024,"176759483:Date: Fri, 26 Apr 2024 18:03:14 +0000 (UTC)",C:\Users\thoma\Documents\Cyber Crimes Tools\All mail Including Spam and Trash-002.mbox
^Date: .*(19|20|21|22|23|24|25|26) Apr 2024,"176761360:Date: Fri, 26 Apr 2024 23:22:46 +0000 (UTC)",C:\Users\thoma\Documents\Cyber Crimes Tools\All mail Including Spam and Trash-002.mbox
^Date: .*(19|20|21|22|23|24|25|26) Apr 2024,"176765315:Date: Fri, 26 Apr 2024 21:30:45 +0000",C:\Users\thoma\Documents\Cyber Crimes Tools\All mail Including Spam and Trash-002.mbox
^Date: .*(19|20|21|22|23|24|25|26) Apr 2024,"176773256:Date: Fri, 26 Apr 2024 21:43:54 +0000",C:\Users\thoma\Documents\Cyber Crimes Tools\All mail Including Spam and Trash-002.mbox
^Date: .*(19|20|21|22|23|24|25|26) Apr 2024,"176776836:Date: Fri, 26 Apr 2024 12:21:27 -0400 (EDT)",C:\Users\thoma\Documents\Cyber Crimes Tools\All mail Including Spam and Trash-002.mbox
^Date: .*(19|20|21|22|23|24|25|26) Apr 2024,"176781273:Date: Fri, 26 Apr 2024 17:21:53 +0000",C:\Users\thoma\Documents\Cyber Crimes Tools\All mail Including Spam and Trash-002.mbox
^Date: .*(19|20|21|22|23|24|25|26) Apr 2024,"176784029:Date: Fri, 26 Apr 2024 13:42:05 -0400",C:\Users\thoma\Documents\Cyber Crimes Tools\All mail Including Spam and Trash-002.mbox
^Date: .*(19|20|21|22|23|24|25|26) Apr 2024,"176785068:Date: Fri, 26 Apr 2024 14:56:11 +0000 (UTC)",C:\Users\thoma\Documents\Cyber Crimes Tools\All mail Including Spam and Trash-002.mbox
^Date: .*(19|20|21|22|23|24|25|26) Apr 2024,"176790948:Date: Fri, 26 Apr 2024 18:30:16 +0000",C:\Users\thoma\Documents\Cyber Crimes Tools\All mail Including Spam and Trash-002.mbox
^Date: .*(19|20|21|22|23|24|25|26) Apr 2024,"176794268:Date: Fri, 26 Apr 2024 10:34:51 -0400",C:\Users\thoma\Documents\Cyber Crimes Tools\All mail Including Spam and Trash-002.mbox
^Date: .*(19|20|21|22|23|24|25|26) Apr 2024,"176794888:Date: Fri, 26 Apr 2024 17:44:49 -0500",C:\Users\thoma\Documents\Cyber Crimes Tools\All mail Including Spam and Trash-002.mbox
^Date: .*(19|20|21|22|23|24|25|26) Apr 2024,"176797850:Date: Fri, 26 Apr 2024 06:39:24 -0700",C:\Users\thoma\Documents\Cyber Crimes Tools\All mail Including Spam and Trash-002.mbox
^Date: .*(19|20|21|22|23|24|25|26) Apr 2024,"176798103:Date: Fri, 26 Apr 2024 19:44:37 +0000",C:\Users\thoma\Documents\Cyber Crimes Tools\All mail Including Spam and Trash-002.mbox
^Date: .*(19|20|21|22|23|24|25|26) Apr 2024,"176799728:Date: Fri, 26 Apr 2024 18:28:04 -0400",C:\Users\thoma\Documents\Cyber Crimes Tools\All mail Including Spam and Trash-002.mbox
^Date: .*(19|20|21|22|23|24|25|26) Apr 2024,"176800352:Date: Fri, 26 Apr 2024 15:55:37 +0000 (UTC)",C:\Users\thoma\Documents\Cyber Crimes Tools\All mail Including Spam and Trash-002.mbox
^Date: .*(19|20|21|22|23|24|25|26) Apr 2024,"176800645:Date: Fri, 26 Apr 2024 11:28:53 -0400 (EDT)",C:\Users\thoma\Documents\Cyber Crimes Tools\All mail Including Spam and Trash-002.mbox
^Date: .*(19|20|21|22|23|24|25|26) Apr 2024,"176805812:Date: Fri, 26 Apr 2024 17:01:55 +0000",C:\Users\thoma\Documents\Cyber Crimes Tools\All mail Including Spam and Trash-002.mbox
^Date: .*(19|20|21|22|23|24|25|26) Apr 2024,"176807694:Date: Fri, 26 Apr 2024 13:13:00 +0000",C:\Users\thoma\Documents\Cyber Crimes Tools\All mail Including Spam and Trash-002.mbox
^Date: .*(19|20|21|22|23|24|25|26) Apr 2024,"176811782:Date: Fri, 26 Apr 2024 17:20:52 +0000",C:\Users\thoma\Documents\Cyber Crimes Tools\All mail Including Spam and Trash-002.mbox
^Date: .*(19|20|21|22|23|24|25|26) Apr 2024,"176816410:Date: Fri, 26 Apr 2024 17:52:16 +0000",C:\Users\thoma\Documents\Cyber Crimes Tools\All mail Including Spam and Trash-002.mbox
^Date: .*(19|20|21|22|23|24|25|26) Apr 2024,176816765:Date: 26 Apr 2024 18:12:23 -0400,C:\Users\thoma\Documents\Cyber Crimes Tools\All mail Including Spam and Trash-002.mbox
^Date: .*(19|20|21|22|23|24|25|26) Apr 2024,"176817733:Date: Fri, 26 Apr 2024 13:35:59 -0600",C:\Users\thoma\Documents\Cyber Crimes Tools\All mail Including Spam and Trash-002.mbox
^Date: .*(19|20|21|22|23|24|25|26) Apr 2024,"176820228:Date: Fri, 26 Apr 2024 15:19:08 +0000",C:\Users\thoma\Documents\Cyber Crimes Tools\All mail Including Spam and Trash-002.mbox
^Date: .*(19|20|21|22|23|24|25|26) Apr 2024,"176821065:Date: Fri, 26 Apr 2024 20:40:29 +0000 (UTC)",C:\Users\thoma\Documents\Cyber Crimes Tools\All mail Including Spam and Trash-002.mbox
^Date: .*(19|20|21|22|23|24|25|26) Apr 2024,"176821205:Date: Fri, 26 Apr 2024 22:06:22 +0000",C:\Users\thoma\Documents\Cyber Crimes Tools\All mail Including Spam and Trash-002.mbox
^Date: .*(19|20|21|22|23|24|25|26) Apr 2024,"176823913:Date: Fri, 26 Apr 2024 11:32:30 -0400 (EDT)",C:\Users\thoma\Documents\Cyber Crimes Tools\All mail Including Spam and Trash-002.mbox
^Date: .*(19|20|21|22|23|24|25|26) Apr 2024,"176827742:Date: Fri, 26 Apr 2024 14:25:07 +0000",C:\Users\thoma\Documents\Cyber Crimes Tools\All mail Including Spam and Trash-002.mbox
^Date: .*(19|20|21|22|23|24|25|26) Apr 2024,"176827900:Date: Fri, 26 Apr 2024 14:01:12 +0000 (UTC)",C:\Users\thoma\Documents\Cyber Crimes Tools\All mail Including Spam and Trash-002.mbox
^Date: .*(19|20|21|22|23|24|25|26) Apr 2024,"176834746:Date: Fri, 26 Apr 2024 19:33:55 +0000",C:\Users\thoma\Documents\Cyber Crimes Tools\All mail Including Spam and Trash-002.mbox
^Date: .*(19|20|21|22|23|24|25|26) Apr 2024,"176839050:Date: Fri, 26 Apr 2024 17:51:46 +0000",C:\Users\thoma\Documents\Cyber Crimes Tools\All mail Including Spam and Trash-002.mbox
^Date: .*(19|20|21|22|23|24|25|26) Apr 2024,"176840657:Date: Fri, 26 Apr 2024 15:52:28 +0000 (UTC)",C:\Users\thoma\Documents\Cyber Crimes Tools\All mail Including Spam and Trash-002.mbox
^Date: .*(19|20|21|22|23|24|25|26) Apr 2024,"176844554:Date: Fri, 26 Apr 2024 13:43:04 +0000",C:\Users\thoma\Documents\Cyber Crimes Tools\All mail Including Spam and Trash-002.mbox
^Date: .*(19|20|21|22|23|24|25|26) Apr 2024,"176847003:Date: Fri, 26 Apr 2024 16:48:39 +0000",C:\Users\thoma\Documents\Cyber Crimes Tools\All mail Including Spam and Trash-002.mbox
^Date: .*(19|20|21|22|23|24|25|26) Apr 2024,"176847749:Date: Fri, 26 Apr 2024 06:22:51 -0400",C:\Users\thoma\Documents\Cyber Crimes Tools\All mail Including Spam and Trash-002.mbox
^Date: .*(19|20|21|22|23|24|25|26) Apr 2024,"176852594:Date: Fri, 26 Apr 2024 13:49:23 +0000",C:\Users\thoma\Documents\Cyber Crimes Tools\All mail Including Spam and Trash-002.mbox
^Date: .*(19|20|21|22|23|24|25|26) Apr 2024,"176855389:Date: Fri, 26 Apr 2024 18:24:10 +0000",C:\Users\thoma\Documents\Cyber Crimes Tools\All mail Including Spam and Trash-002.mbox
^Date: .*(19|20|21|22|23|24|25|26) Apr 2024,"176861144:Date: Fri, 26 Apr 2024 12:50:45 -0700",C:\Users\thoma\Documents\Cyber Crimes Tools\All mail Including Spam and Trash-002.mbox
^Date: .*(19|20|21|22|23|24|25|26) Apr 2024,"176863218:Date: Fri, 26 Apr 2024 12:19:10 +0000",C:\Users\thoma\Documents\Cyber Crimes Tools\All mail Including Spam and Trash-002.mbox
^Date: .*(19|20|21|22|23|24|25|26) Apr 2024,"176865858:Date: Fri, 26 Apr 2024 23:24:15 +0000",C:\Users\thoma\Documents\Cyber Crimes Tools\All mail Including Spam and Trash-002.mbox
^Date: .*(19|20|21|22|23|24|25|26) Apr 2024,"176866390:Date: Fri, 26 Apr 2024 19:55:50 +0000 (UTC)",C:\Users\thoma\Documents\Cyber Crimes Tools\All mail Including Spam and Trash-002.mbox
^Date: .*(19|20|21|22|23|24|25|26) Apr 2024,"176867061:Date: Fri, 26 Apr 2024 19:40:46 +0000",C:\Users\thoma\Documents\Cyber Crimes Tools\All mail Including Spam and Trash-002.mbox
^Date: .*(19|20|21|22|23|24|25|26) Apr 2024,"176868192:Date: Fri, 26 Apr 2024 19:30:55 +0000",C:\Users\thoma\Documents\Cyber Crimes Tools\All mail Including Spam and Trash-002.mbox
^Date: .*(19|20|21|22|23|24|25|26) Apr 2024,"176869158:Date: Fri, 26 Apr 2024 23:04:00 +0530",C:\Users\thoma\Documents\Cyber Crimes Tools\All mail Including Spam and Trash-002.mbox
^Date: .*(19|20|21|22|23|24|25|26) Apr 2024,"176870292:Date: Fri, 26 Apr 2024 22:10:39 +0000",C:\Users\thoma\Documents\Cyber Crimes Tools\All mail Including Spam and Trash-002.mbox
^Date: .*(19|20|21|22|23|24|25|26) Apr 2024,"176875129:Date: Fri, 26 Apr 2024 11:09:44 -0400 (EDT)",C:\Users\thoma\Documents\Cyber Crimes Tools\All mail Including Spam and Trash-002.mbox
^Date: .*(19|20|21|22|23|24|25|26) Apr 2024,"176875939:Date: Fri, 26 Apr 2024 13:18:08 +0000",C:\Users\thoma\Documents\Cyber Crimes Tools\All mail Including Spam and Trash-002.mbox
^Date: .*(19|20|21|22|23|24|25|26) Apr 2024,"176877352:Date: Fri, 26 Apr 2024 23:04:00 +0000",C:\Users\thoma\Documents\Cyber Crimes Tools\All mail Including Spam and Trash-002.mbox
^Date: .*(19|20|21|22|23|24|25|26) Apr 2024,"176877675:Date: Fri, 26 Apr 2024 09:38:20 +0000 (UTC)",C:\Users\thoma\Documents\Cyber Crimes Tools\All mail Including Spam and Trash-002.mbox
^Date: .*(19|20|21|22|23|24|25|26) Apr 2024,"176878044:Date: Fri, 26 Apr 2024 23:56:34 +0000",C:\Users\thoma\Documents\Cyber Crimes Tools\All mail Including Spam and Trash-002.mbox
^Date: .*(19|20|21|22|23|24|25|26) Apr 2024,"176879954:Date: Fri, 26 Apr 2024 17:10:01 +0000",C:\Users\thoma\Documents\Cyber Crimes Tools\All mail Including Spam and Trash-002.mbox
^Date: .*(19|20|21|22|23|24|25|26) Apr 2024,"176882037:Date: Fri, 26 Apr 2024 19:05:08 +0000 (UTC)",C:\Users\thoma\Documents\Cyber Crimes Tools\All mail Including Spam and Trash-002.mbox
^Date: .*(19|20|21|22|23|24|25|26) Apr 2024,"176883070:Date: Fri, 26 Apr 2024 01:06:48 +0000",C:\Users\thoma\Documents\Cyber Crimes Tools\All mail Including Spam and Trash-002.mbox
^Date: .*(19|20|21|22|23|24|25|26) Apr 2024,"176883758:Date: Fri, 26 Apr 2024 13:39:23 -0600",C:\Users\thoma\Documents\Cyber Crimes Tools\All mail Including Spam and Trash-002.mbox
^Date: .*(19|20|21|22|23|24|25|26) Apr 2024,176888992:Date: 26 Apr 2024 03:02:21 -0400,C:\Users\thoma\Documents\Cyber Crimes Tools\All mail Including Spam and Trash-002.mbox
^Date: .*(19|20|21|22|23|24|25|26) Apr 2024,"176889351:Date: Fri, 26 Apr 2024 19:06:16 +0000 (UTC)",C:\Users\thoma\Documents\Cyber Crimes Tools\All mail Including Spam and Trash-002.mbox
^Date: .*(19|20|21|22|23|24|25|26) Apr 2024,"176891820:Date: Fri, 26 Apr 2024 20:02:02 +0000",C:\Users\thoma\Documents\Cyber Crimes Tools\All mail Including Spam and Trash-002.mbox
^Date: .*(19|20|21|22|23|24|25|26) Apr 2024,"176892710:Date: Fri, 26 Apr 2024 08:09:57 +0000",C:\Users\thoma\Documents\Cyber Crimes Tools\All mail Including Spam and Trash-002.mbox
^Date: .*(19|20|21|22|23|24|25|26) Apr 2024,"176893341:Date: Fri, 26 Apr 2024 18:58:24 +0000",C:\Users\thoma\Documents\Cyber Crimes Tools\All mail Including Spam and Trash-002.mbox
^Date: .*(19|20|21|22|23|24|25|26) Apr 2024,"176899689:Date: Fri, 26 Apr 2024 13:26:35 +0000",C:\Users\thoma\Documents\Cyber Crimes Tools\All mail Including Spam and Trash-002.mbox
^Date: .*(19|20|21|22|23|24|25|26) Apr 2024,"176900271:Date: Fri, 26 Apr 2024 17:34:21 +0000 (UTC)",C:\Users\thoma\Documents\Cyber Crimes Tools\All mail Including Spam and Trash-002.mbox
^Date: .*(19|20|21|22|23|24|25|26) Apr 2024,"176901132:Date: Fri, 26 Apr 2024 17:05:29 +0000",C:\Users\thoma\Documents\Cyber Crimes Tools\All mail Including Spam and Trash-002.mbox
^Date: .*(19|20|21|22|23|24|25|26) Apr 2024,"176903848:Date: Fri, 26 Apr 2024 11:35:37 +0000 (UTC)",C:\Users\thoma\Documents\Cyber Crimes Tools\All mail Including Spam and Trash-002.mbox
^Date: .*(19|20|21|22|23|24|25|26) Apr 2024,"176909550:Date: Thu, 25 Apr 2024 21:49:39 +0000",C:\Users\thoma\Documents\Cyber Crimes Tools\All mail Including Spam and Trash-002.mbox
^Date: .*(19|20|21|22|23|24|25|26) Apr 2024,"176911067:Date: Thu, 25 Apr 2024 22:34:51 +0000",C:\Users\thoma\Documents\Cyber Crimes Tools\All mail Including Spam and Trash-002.mbox
^Date: .*(19|20|21|22|23|24|25|26) Apr 2024,"176911280:Date: Fri, 26 Apr 2024 23:01:32 +0000",C:\Users\thoma\Documents\Cyber Crimes Tools\All mail Including Spam and Trash-002.mbox
^Date: .*(19|20|21|22|23|24|25|26) Apr 2024,"176914089:Date: Fri, 26 Apr 2024 23:43:53 +0000",C:\Users\thoma\Documents\Cyber Crimes Tools\All mail Including Spam and Trash-002.mbox
^Date: .*(19|20|21|22|23|24|25|26) Apr 2024,176915258:Date: 26 Apr 2024 09:24:06 -0400,C:\Users\thoma\Documents\Cyber Crimes Tools\All mail Including Spam and Trash-002.mbox
^Date: .*(19|20|21|22|23|24|25|26) Apr 2024,"176916219:Date: Fri, 26 Apr 2024 22:44:21 +0000",C:\Users\thoma\Documents\Cyber Crimes Tools\All mail Including Spam and Trash-002.mbox
^Date: .*(19|20|21|22|23|24|25|26) Apr 2024,"176919073:Date: Thu, 25 Apr 2024 23:10:14 +0000",C:\Users\thoma\Documents\Cyber Crimes Tools\All mail Including Spam and Trash-002.mbox
^Date: .*(19|20|21|22|23|24|25|26) Apr 2024,"176920359:Date: Fri, 26 Apr 2024 14:45:26 -0400",C:\Users\thoma\Documents\Cyber Crimes Tools\All mail Including Spam and Trash-002.mbox
^Date: .*(19|20|21|22|23|24|25|26) Apr 2024,"176922174:Date: Thu, 25 Apr 2024 14:30:01 -0700 (PDT)",C:\Users\thoma\Documents\Cyber Crimes Tools\All mail Including Spam and Trash-002.mbox
^Date: .*(19|20|21|22|23|24|25|26) Apr 2024,"176926226:Date: Fri, 26 Apr 2024 13:18:04 +0000",C:\Users\thoma\Documents\Cyber Crimes Tools\All mail Including Spam and Trash-002.mbox
^Date: .*(19|20|21|22|23|24|25|26) Apr 2024,"176927282:Date: Fri, 26 Apr 2024 00:00:18 +0000 (UTC)",C:\Users\thoma\Documents\Cyber Crimes Tools\All mail Including Spam and Trash-002.mbox
^Date: .*(19|20|21|22|23|24|25|26) Apr 2024,"176929101:Date: Fri, 26 Apr 2024 21:49:20 +0000",C:\Users\thoma\Documents\Cyber Crimes Tools\All mail Including Spam and Trash-002.mbox
^Date: .*(19|20|21|22|23|24|25|26) Apr 2024,176932979:Date: 26 Apr 2024 16:17:36 -0400,C:\Users\thoma\Documents\Cyber Crimes Tools\All mail Including Spam and Trash-002.mbox
^Date: .*(19|20|21|22|23|24|25|26) Apr 2024,"176933242:Date: Fri, 26 Apr 2024 22:03:58 +0000 (UTC)",C:\Users\thoma\Documents\Cyber Crimes Tools\All mail Including Spam and Trash-002.mbox
^Date: .*(19|20|21|22|23|24|25|26) Apr 2024,"176933962:Date: Fri, 26 Apr 2024 06:19:40 +0100 (BST)",C:\Users\thoma\Documents\Cyber Crimes Tools\All mail Including Spam and Trash-002.mbox
^Date: .*(19|20|21|22|23|24|25|26) Apr 2024,"176935975:Date: Fri, 26 Apr 2024 15:11:50 -0600",C:\Users\thoma\Documents\Cyber Crimes Tools\All mail Including Spam and Trash-002.mbox
^Date: .*(19|20|21|22|23|24|25|26) Apr 2024,"176940172:Date: Thu, 25 Apr 2024 20:01:53 +0000 (UTC)",C:\Users\thoma\Documents\Cyber Crimes Tools\All mail Including Spam and Trash-002.mbox
^Date: .*(19|20|21|22|23|24|25|26) Apr 2024,"176941649:Date: Fri, 26 Apr 2024 04:26:45 +0000",C:\Users\thoma\Documents\Cyber Crimes Tools\All mail Including Spam and Trash-002.mbox
^Date: .*(19|20|21|22|23|24|25|26) Apr 2024,"176943176:Date: Fri, 26 Apr 2024 02:44:58 +0000 (UTC)",C:\Users\thoma\Documents\Cyber Crimes Tools\All mail Including Spam and Trash-002.mbox
^Date: .*(19|20|21|22|23|24|25|26) Apr 2024,"176943920:Date: Fri, 26 Apr 2024 18:05:34 +0000 (UTC)",C:\Users\thoma\Documents\Cyber Crimes Tools\All mail Including Spam and Trash-002.mbox
^Date: .*(19|20|21|22|23|24|25|26) Apr 2024,"176944162:Date: Fri, 26 Apr 2024 18:40:57 +1000",C:\Users\thoma\Documents\Cyber Crimes Tools\All mail Including Spam and Trash-002.mbox
^Date: .*(19|20|21|22|23|24|25|26) Apr 2024,"176946621:Date: Fri, 26 Apr 2024 12:58:07 +0000 (UTC)",C:\Users\thoma\Documents\Cyber Crimes Tools\All mail Including Spam and Trash-002.mbox
^Date: .*(19|20|21|22|23|24|25|26) Apr 2024,"176946762:Date: Fri, 26 Apr 2024 06:32:54 -0600",C:\Users\thoma\Documents\Cyber Crimes Tools\All mail Including Spam and Trash-002.mbox
^Date: .*(19|20|21|22|23|24|25|26) Apr 2024,"176947654:Date: Fri, 26 Apr 2024 18:24:12 +0000",C:\Users\thoma\Documents\Cyber Crimes Tools\All mail Including Spam and Trash-002.mbox
^Date: .*(19|20|21|22|23|24|25|26) Apr 2024,"176958221:Date: Thu, 25 Apr 2024 23:25:38 +0000 (UTC)",C:\Users\thoma\Documents\Cyber Crimes Tools\All mail Including Spam and Trash-002.mbox
^Date: .*(19|20|21|22|23|24|25|26) Apr 2024,"176959423:Date: Fri, 26 Apr 2024 16:59:50 +0000",C:\Users\thoma\Documents\Cyber Crimes Tools\All mail Including Spam and Trash-002.mbox
^Date: .*(19|20|21|22|23|24|25|26) Apr 2024,"176962257:Date: Thu, 25 Apr 2024 18:28:03 -0700",C:\Users\thoma\Documents\Cyber Crimes Tools\All mail Including Spam and Trash-002.mbox
^Date: .*(19|20|21|22|23|24|25|26) Apr 2024,"176963246:Date: Fri, 26 Apr 2024 12:42:10 +0000",C:\Users\thoma\Documents\Cyber Crimes Tools\All mail Including Spam and Trash-002.mbox
^Date: .*(19|20|21|22|23|24|25|26) Apr 2024,"176964636:Date: Thu, 25 Apr 2024 22:53:36 +0000 (UTC)",C:\Users\thoma\Documents\Cyber Crimes Tools\All mail Including Spam and Trash-002.mbox
^Date: .*(19|20|21|22|23|24|25|26) Apr 2024,"176965368:Date: Thu, 25 Apr 2024 14:01:07 +0000 (UTC)",C:\Users\thoma\Documents\Cyber Crimes Tools\All mail Including Spam and Trash-002.mbox
^Date: .*(19|20|21|22|23|24|25|26) Apr 2024,"176966098:Date: Thu, 25 Apr 2024 21:47:32 +0000 (UTC)",C:\Users\thoma\Documents\Cyber Crimes Tools\All mail Including Spam and Trash-002.mbox
^Date: .*(19|20|21|22|23|24|25|26) Apr 2024,"176967965:Date: Fri, 26 Apr 2024 09:04:42 -0400 (EDT)",C:\Users\thoma\Documents\Cyber Crimes Tools\All mail Including Spam and Trash-002.mbox
^Date: .*(19|20|21|22|23|24|25|26) Apr 2024,"176970325:Date: Thu, 25 Apr 2024 10:10:57 -0700",C:\Users\thoma\Documents\Cyber Crimes Tools\All mail Including Spam and Trash-002.mbox
^Date: .*(19|20|21|22|23|24|25|26) Apr 2024,"176970580:Date: Thu, 25 Apr 2024 09:58:42 -0700",C:\Users\thoma\Documents\Cyber Crimes Tools\All mail Including Spam and Trash-002.mbox
^Date: .*(19|20|21|22|23|24|25|26) Apr 2024,"176970835:Date: Thu, 25 Apr 2024 09:28:43 -0700",C:\Users\thoma\Documents\Cyber Crimes Tools\All mail Including Spam and Trash-002.mbox
^Date: .*(19|20|21|22|23|24|25|26) Apr 2024,"176977929:Date: Thu, 25 Apr 2024 16:44:59 +0000",C:\Users\thoma\Documents\Cyber Crimes Tools\All mail Including Spam and Trash-002.mbox
^Date: .*(19|20|21|22|23|24|25|26) Apr 2024,"176981119:Date: Fri, 26 Apr 2024 11:16:30 -0400",C:\Users\thoma\Documents\Cyber Crimes Tools\All mail Including Spam and Trash-002.mbox
^Date: .*(19|20|21|22|23|24|25|26) Apr 2024,"176981336:Date: Fri, 26 Apr 2024 13:02:50 +0000 (UTC)",C:\Users\thoma\Documents\Cyber Crimes Tools\All mail Including Spam and Trash-002.mbox
^Date: .*(19|20|21|22|23|24|25|26) Apr 2024,"176982704:Date: Fri, 26 Apr 2024 02:40:31 +0000",C:\Users\thoma\Documents\Cyber Crimes Tools\All mail Including Spam and Trash-002.mbox
^Date: .*(19|20|21|22|23|24|25|26) Apr 2024,"176984186:Date: Thu, 25 Apr 2024 16:26:49 +0000 (UTC)",C:\Users\thoma\Documents\Cyber Crimes Tools\All mail Including Spam and Trash-002.mbox
^Date: .*(19|20|21|22|23|24|25|26) Apr 2024,"176984434:Date: Thu, 25 Apr 2024 15:43:44 +0000",C:\Users\thoma\Documents\Cyber Crimes Tools\All mail Including Spam and Trash-002.mbox
^Date: .*(19|20|21|22|23|24|25|26) Apr 2024,"176984643:Date: Thu, 25 Apr 2024 16:54:28 +0000 (UTC)",C:\Users\thoma\Documents\Cyber Crimes Tools\All mail Including Spam and Trash-002.mbox
^Date: .*(19|20|21|22|23|24|25|26) Apr 2024,"176986699:Date: Fri, 26 Apr 2024 05:41:51 -0600",C:\Users\thoma\Documents\Cyber Crimes Tools\All mail Including Spam and Trash-002.mbox
^Date: .*(19|20|21|22|23|24|25|26) Apr 2024,"176987698:Date: Thu, 25 Apr 2024 11:17:21 +0100 (BST)",C:\Users\thoma\Documents\Cyber Crimes Tools\All mail Including Spam and Trash-002.mbox
^Date: .*(19|20|21|22|23|24|25|26) Apr 2024,"176987828:Date: Fri, 26 Apr 2024 10:05:00 +0000 (UTC)",C:\Users\thoma\Documents\Cyber Crimes Tools\All mail Including Spam and Trash-002.mbox
^Date: .*(19|20|21|22|23|24|25|26) Apr 2024,"176989079:Date: Thu, 25 Apr 2024 22:30:40 +0000",C:\Users\thoma\Documents\Cyber Crimes Tools\All mail Including Spam and Trash-002.mbox
^Date: .*(19|20|21|22|23|24|25|26) Apr 2024,"176991233:Date: Thu, 25 Apr 2024 17:28:52 +0000",C:\Users\thoma\Documents\Cyber Crimes Tools\All mail Including Spam and Trash-002.mbox
^Date: .*(19|20|21|22|23|24|25|26) Apr 2024,"176991251:Date: Thu, 25 Apr 2024 13:28:51 -04:00",C:\Users\thoma\Documents\Cyber Crimes Tools\All mail Including Spam and Trash-002.mbox
^Date: .*(19|20|21|22|23|24|25|26) Apr 2024,"176991614:Date: Thu, 25 Apr 2024 20:22:13 +0000 (UTC)",C:\Users\thoma\Documents\Cyber Crimes Tools\All mail Including Spam and Trash-002.mbox
^Date: .*(19|20|21|22|23|24|25|26) Apr 2024,"176992628:Date: Thu, 25 Apr 2024 22:39:15 +0000",C:\Users\thoma\Documents\Cyber Crimes Tools\All mail Including Spam and Trash-002.mbox
^Date: .*(19|20|21|22|23|24|25|26) Apr 2024,"176993223:Date: Thu, 25 Apr 2024 22:34:26 +0000",C:\Users\thoma\Documents\Cyber Crimes Tools\All mail Including Spam and Trash-002.mbox
^Date: .*(19|20|21|22|23|24|25|26) Apr 2024,"176994118:Date: Thu, 25 Apr 2024 19:57:33 +0000",C:\Users\thoma\Documents\Cyber Crimes Tools\All mail Including Spam and Trash-002.mbox
^Date: .*(19|20|21|22|23|24|25|26) Apr 2024,"176996696:Date: Thu, 25 Apr 2024 17:24:15 +0000 (UTC)",C:\Users\thoma\Documents\Cyber Crimes Tools\All mail Including Spam and Trash-002.mbox
^Date: .*(19|20|21|22|23|24|25|26) Apr 2024,"177000401:Date: Thu, 25 Apr 2024 21:36:16 -0400",C:\Users\thoma\Documents\Cyber Crimes Tools\All mail Including Spam and Trash-002.mbox
^Date: .*(19|20|21|22|23|24|25|26) Apr 2024,"177000620:Date: Thu, 25 Apr 2024 19:31:49 -0400",C:\Users\thoma\Documents\Cyber Crimes Tools\All mail Including Spam and Trash-002.mbox
^Date: .*(19|20|21|22|23|24|25|26) Apr 2024,"177001341:Date: Thu, 25 Apr 2024 17:37:05 +0000 (UTC)",C:\Users\thoma\Documents\Cyber Crimes Tools\All mail Including Spam and Trash-002.mbox
^Date: .*(19|20|21|22|23|24|25|26) Apr 2024,"177002359:Date: Thu, 25 Apr 2024 17:10:53 +0000",C:\Users\thoma\Documents\Cyber Crimes Tools\All mail Including Spam and Trash-002.mbox
^Date: .*(19|20|21|22|23|24|25|26) Apr 2024,"177003122:Date: Thu, 25 Apr 2024 17:13:26 +0000",C:\Users\thoma\Documents\Cyber Crimes Tools\All mail Including Spam and Trash-002.mbox
^Date: .*(19|20|21|22|23|24|25|26) Apr 2024,"177003485:Date: Thu, 25 Apr 2024 19:18:37 +0000 (UTC)",C:\Users\thoma\Documents\Cyber Crimes Tools\All mail Including Spam and Trash-002.mbox
^Date: .*(19|20|21|22|23|24|25|26) Apr 2024,"177004225:Date: Fri, 26 Apr 2024 06:02:23 +0530",C:\Users\thoma\Documents\Cyber Crimes Tools\All mail Including Spam and Trash-002.mbox
^Date: .*(19|20|21|22|23|24|25|26) Apr 2024,177004579:Date: 26 Apr 2024 04:27:39 -0000,C:\Users\thoma\Documents\Cyber Crimes Tools\All mail Including Spam and Trash-002.mbox
^Date: .*(19|20|21|22|23|24|25|26) Apr 2024,"177006866:Date: Thu, 25 Apr 2024 10:28:35 -0700",C:\Users\thoma\Documents\Cyber Crimes Tools\All mail Including Spam and Trash-002.mbox
^Date: .*(19|20|21|22|23|24|25|26) Apr 2024,"177008559:Date: Thu, 25 Apr 2024 17:05:44 +0000",C:\Users\thoma\Documents\Cyber Crimes Tools\All mail Including Spam and Trash-002.mbox
^Date: .*(19|20|21|22|23|24|25|26) Apr 2024,"177009198:Date: Fri, 26 Apr 2024 06:35:06 -0400",C:\Users\thoma\Documents\Cyber Crimes Tools\All mail Including Spam and Trash-002.mbox
^Date: .*(19|20|21|22|23|24|25|26) Apr 2024,"177009571:Date: Fri, 26 Apr 2024 12:15:36 +0000",C:\Users\thoma\Documents\Cyber Crimes Tools\All mail Including Spam and Trash-002.mbox
^Date: .*(19|20|21|22|23|24|25|26) Apr 2024,"177011371:Date: Thu, 25 Apr 2024 19:27:50 +0000 (UTC)",C:\Users\thoma\Documents\Cyber Crimes Tools\All mail Including Spam and Trash-002.mbox
^Date: .*(19|20|21|22|23|24|25|26) Apr 2024,"177012188:Date: Thu, 25 Apr 2024 18:48:47 -0600",C:\Users\thoma\Documents\Cyber Crimes Tools\All mail Including Spam and Trash-002.mbox
^Date: .*(19|20|21|22|23|24|25|26) Apr 2024,"177013075:Date: Fri, 26 Apr 2024 06:08:46 -0600",C:\Users\thoma\Documents\Cyber Crimes Tools\All mail Including Spam and Trash-002.mbox
^Date: .*(19|20|21|22|23|24|25|26) Apr 2024,"177014135:Date: Fri, 26 Apr 2024 12:16:04 +0000 (UTC)",C:\Users\thoma\Documents\Cyber Crimes Tools\All mail Including Spam and Trash-002.mbox
^Date: .*(19|20|21|22|23|24|25|26) Apr 2024,"177015999:Date: Thu, 25 Apr 2024 10:08:44 -0600",C:\Users\thoma\Documents\Cyber Crimes Tools\All mail Including Spam and Trash-002.mbox
^Date: .*(19|20|21|22|23|24|25|26) Apr 2024,"177016860:Date: Thu, 25 Apr 2024 23:08:03 +0000 (UTC)",C:\Users\thoma\Documents\Cyber Crimes Tools\All mail Including Spam and Trash-002.mbox
^Date: .*(19|20|21|22|23|24|25|26) Apr 2024,"177017607:Date: Thu, 25 Apr 2024 22:03:13 +0000 (UTC)",C:\Users\thoma\Documents\Cyber Crimes Tools\All mail Including Spam and Trash-002.mbox
^Date: .*(19|20|21|22|23|24|25|26) Apr 2024,"177018552:Date: Thu, 25 Apr 2024 17:01:24 +0000",C:\Users\thoma\Documents\Cyber Crimes Tools\All mail Including Spam and Trash-002.mbox
^Date: .*(19|20|21|22|23|24|25|26) Apr 2024,"177019927:Date: Fri, 26 Apr 2024 11:56:35 -0400",C:\Users\thoma\Documents\Cyber Crimes Tools\All mail Including Spam and Trash-002.mbox
^Date: .*(19|20|21|22|23|24|25|26) Apr 2024,"177020639:Date: Fri, 26 Apr 2024 09:18:50 -0400",C:\Users\thoma\Documents\Cyber Crimes Tools\All mail Including Spam and Trash-002.mbox
^Date: .*(19|20|21|22|23|24|25|26) Apr 2024,"177021291:Date: Fri, 26 Apr 2024 13:39:56 +0000",C:\Users\thoma\Documents\Cyber Crimes Tools\All mail Including Spam and Trash-002.mbox
^Date: .*(19|20|21|22|23|24|25|26) Apr 2024,"177029889:Date: Thu, 25 Apr 2024 12:38:31 -0600",C:\Users\thoma\Documents\Cyber Crimes Tools\All mail Including Spam and Trash-002.mbox
^Date: .*(19|20|21|22|23|24|25|26) Apr 2024,"177031051:Date: Thu, 25 Apr 2024 21:05:24 +0000 (UTC)",C:\Users\thoma\Documents\Cyber Crimes Tools\All mail Including Spam and Trash-002.mbox
^Date: .*(19|20|21|22|23|24|25|26) Apr 2024,"177033095:Date: Fri, 26 Apr 2024 18:29:31 -0600",C:\Users\thoma\Documents\Cyber Crimes Tools\All mail Including Spam and Trash-002.mbox
^Date: .*(19|20|21|22|23|24|25|26) Apr 2024,"177034888:Date: Thu, 25 Apr 2024 17:20:00 +0000 (UTC)",C:\Users\thoma\Documents\Cyber Crimes Tools\All mail Including Spam and Trash-002.mbox
^Date: .*(19|20|21|22|23|24|25|26) Apr 2024,"177035081:Date: Thu, 25 Apr 2024 17:07:26 +0000",C:\Users\thoma\Documents\Cyber Crimes Tools\All mail Including Spam and Trash-002.mbox
^Date: .*(19|20|21|22|23|24|25|26) Apr 2024,"177035689:Date: Thu, 25 Apr 2024 19:32:40 +0000",C:\Users\thoma\Documents\Cyber Crimes Tools\All mail Including Spam and Trash-002.mbox
^Date: .*(19|20|21|22|23|24|25|26) Apr 2024,"177036310:Date: Thu, 25 Apr 2024 10:13:56 +0000 (UTC)",C:\Users\thoma\Documents\Cyber Crimes Tools\All mail Including Spam and Trash-002.mbox
^Date: .*(19|20|21|22|23|24|25|26) Apr 2024,"177038290:Date: Fri, 26 Apr 2024 12:35:28 -0600",C:\Users\thoma\Documents\Cyber Crimes Tools\All mail Including Spam and Trash-002.mbox
^Date: .*(19|20|21|22|23|24|25|26) Apr 2024,"177038770:Date: Fri, 26 Apr 2024 22:05:06 +0000",C:\Users\thoma\Documents\Cyber Crimes Tools\All mail Including Spam and Trash-002.mbox
^Date: .*(19|20|21|22|23|24|25|26) Apr 2024,"177039518:Date: Thu, 25 Apr 2024 07:11:56 +0000",C:\Users\thoma\Documents\Cyber Crimes Tools\All mail Including Spam and Trash-002.mbox
^Date: .*(19|20|21|22|23|24|25|26) Apr 2024,"177042340:Date: Fri, 26 Apr 2024 07:20:26 -0500",C:\Users\thoma\Documents\Cyber Crimes Tools\All mail Including Spam and Trash-002.mbox
^Date: .*(19|20|21|22|23|24|25|26) Apr 2024,"177043447:Date: Fri, 26 Apr 2024 22:02:33 +0000 (UTC)",C:\Users\thoma\Documents\Cyber Crimes Tools\All mail Including Spam and Trash-002.mbox
^Date: .*(19|20|21|22|23|24|25|26) Apr 2024,"177044209:Date: Fri, 26 Apr 2024 20:02:15 +0000 (UTC)",C:\Users\thoma\Documents\Cyber Crimes Tools\All mail Including Spam and Trash-002.mbox
^Date: .*(19|20|21|22|23|24|25|26) Apr 2024,"177044971:Date: Fri, 26 Apr 2024 17:03:52 +0000 (UTC)",C:\Users\thoma\Documents\Cyber Crimes Tools\All mail Including Spam and Trash-002.mbox
^Date: .*(19|20|21|22|23|24|25|26) Apr 2024,"177045712:Date: Fri, 26 Apr 2024 22:30:27 +0000",C:\Users\thoma\Documents\Cyber Crimes Tools\All mail Including Spam and Trash-002.mbox
^Date: .*(19|20|21|22|23|24|25|26) Apr 2024,"177046221:Date: Thu, 25 Apr 2024 11:38:27 +0000 (UTC)",C:\Users\thoma\Documents\Cyber Crimes Tools\All mail Including Spam and Trash-002.mbox
^Date: .*(19|20|21|22|23|24|25|26) Apr 2024,"177047073:Date: Thu, 25 Apr 2024 16:12:08 +0000 (UTC)",C:\Users\thoma\Documents\Cyber Crimes Tools\All mail Including Spam and Trash-002.mbox
^Date: .*(19|20|21|22|23|24|25|26) Apr 2024,"177047745:Date: Thu, 25 Apr 2024 18:29:27 -0600",C:\Users\thoma\Documents\Cyber Crimes Tools\All mail Including Spam and Trash-002.mbox
^Date: .*(19|20|21|22|23|24|25|26) Apr 2024,"177048778:Date: Fri, 26 Apr 2024 01:17:37 +0000",C:\Users\thoma\Documents\Cyber Crimes Tools\All mail Including Spam and Trash-002.mbox
^Date: .*(19|20|21|22|23|24|25|26) Apr 2024,177048978:Date: 26 Apr 2024 17:25:36 -0000,C:\Users\thoma\Documents\Cyber Crimes Tools\All mail Including Spam and Trash-002.mbox
^Date: .*(19|20|21|22|23|24|25|26) Apr 2024,"177052239:Date: Fri, 26 Apr 2024 11:00:32 +0000",C:\Users\thoma\Documents\Cyber Crimes Tools\All mail Including Spam and Trash-002.mbox
^Date: .*(19|20|21|22|23|24|25|26) Apr 2024,"177052661:Date: Thu, 25 Apr 2024 18:04:22 +0000",C:\Users\thoma\Documents\Cyber Crimes Tools\All mail Including Spam and Trash-002.mbox
^Date: .*(19|20|21|22|23|24|25|26) Apr 2024,"177055744:Date: Thu, 25 Apr 2024 09:28:02 -0400 (EDT)",C:\Users\thoma\Documents\Cyber Crimes Tools\All mail Including Spam and Trash-002.mbox
^Date: .*(19|20|21|22|23|24|25|26) Apr 2024,"177056491:Date: Thu, 25 Apr 2024 21:27:20 +0000 (UTC)",C:\Users\thoma\Documents\Cyber Crimes Tools\All mail Including Spam and Trash-002.mbox
^Date: .*(19|20|21|22|23|24|25|26) Apr 2024,177057237:Date: 26 Apr 2024 03:02:00 -0400,C:\Users\thoma\Documents\Cyber Crimes Tools\All mail Including Spam and Trash-002.mbox
^Date: .*(19|20|21|22|23|24|25|26) Apr 2024,"177057501:Date: Fri, 26 Apr 2024 00:21:56 +0000",C:\Users\thoma\Documents\Cyber Crimes Tools\All mail Including Spam and Trash-002.mbox
^Date: .*(19|20|21|22|23|24|25|26) Apr 2024,"177059305:Date: Thu, 25 Apr 2024 23:03:14 +0000",C:\Users\thoma\Documents\Cyber Crimes Tools\All mail Including Spam and Trash-002.mbox
^Date: .*(19|20|21|22|23|24|25|26) Apr 2024,"177061093:Date: Fri, 26 Apr 2024 12:07:03 +0000 (UTC)",C:\Users\thoma\Documents\Cyber Crimes Tools\All mail Including Spam and Trash-002.mbox
^Date: .*(19|20|21|22|23|24|25|26) Apr 2024,"177062194:Date: Fri, 26 Apr 2024 04:02:04 -0400",C:\Users\thoma\Documents\Cyber Crimes Tools\All mail Including Spam and Trash-002.mbox
^Date: .*(19|20|21|22|23|24|25|26) Apr 2024,177069323:Date: 25 Apr 2024 13:42:37 -0400,C:\Users\thoma\Documents\Cyber Crimes Tools\All mail Including Spam and Trash-002.mbox
^Date: .*(19|20|21|22|23|24|25|26) Apr 2024,"177071116:Date: Thu, 25 Apr 2024 21:54:24 +0000",C:\Users\thoma\Documents\Cyber Crimes Tools\All mail Including Spam and Trash-002.mbox
^Date: .*(19|20|21|22|23|24|25|26) Apr 2024,177073037:Date: 25 Apr 2024 17:40:05 -0400,C:\Users\thoma\Documents\Cyber Crimes Tools\All mail Including Spam and Trash-002.mbox
^Date: .*(19|20|21|22|23|24|25|26) Apr 2024,"177075424:Date: Thu, 25 Apr 2024 20:54:44 -0400 (EDT)",C:\Users\thoma\Documents\Cyber Crimes Tools\All mail Including Spam and Trash-002.mbox
^Date: .*(19|20|21|22|23|24|25|26) Apr 2024,"177075814:Date: Thu, 25 Apr 2024 17:32:22 +0000 (UTC)",C:\Users\thoma\Documents\Cyber Crimes Tools\All mail Including Spam and Trash-002.mbox
^Date: .*(19|20|21|22|23|24|25|26) Apr 2024,"177076554:Date: Wed, 24 Apr 2024 18:24:46 -0600",C:\Users\thoma\Documents\Cyber Crimes Tools\All mail Including Spam and Trash-002.mbox
^Date: .*(19|20|21|22|23|24|25|26) Apr 2024,"177077497:Date: Fri, 26 Apr 2024 05:09:52 -0400",C:\Users\thoma\Documents\Cyber Crimes Tools\All mail Including Spam and Trash-002.mbox
^Date: .*(19|20|21|22|23|24|25|26) Apr 2024,"177078908:Date: Fri, 26 Apr 2024 23:11:05 +0000 (UTC)",C:\Users\thoma\Documents\Cyber Crimes Tools\All mail Including Spam and Trash-002.mbox
^Date: .*(19|20|21|22|23|24|25|26) Apr 2024,177084802:Date: 26 Apr 2024 17:05:31 -0400,C:\Users\thoma\Documents\Cyber Crimes Tools\All mail Including Spam and Trash-002.mbox
^Date: .*(19|20|21|22|23|24|25|26) Apr 2024,"177085760:Date: Fri, 26 Apr 2024 12:02:11 +0000",C:\Users\thoma\Documents\Cyber Crimes Tools\All mail Including Spam and Trash-002.mbox
^Date: .*(19|20|21|22|23|24|25|26) Apr 2024,"177087677:Date: Thu, 25 Apr 2024 06:23:02 -0400",C:\Users\thoma\Documents\Cyber Crimes Tools\All mail Including Spam and Trash-002.mbox
^Date: .*(19|20|21|22|23|24|25|26) Apr 2024,"177088260:Date: Thu, 25 Apr 2024 22:35:01 +0000",C:\Users\thoma\Documents\Cyber Crimes Tools\All mail Including Spam and Trash-002.mbox
^Date: .*(19|20|21|22|23|24|25|26) Apr 2024,"177088771:Date: Thu, 25 Apr 2024 09:03:30 -0400",C:\Users\thoma\Documents\Cyber Crimes Tools\All mail Including Spam and Trash-002.mbox
^Date: .*(19|20|21|22|23|24|25|26) Apr 2024,"177089855:Date: Thu, 25 Apr 2024 00:15:46 +0000 (UTC)",C:\Users\thoma\Documents\Cyber Crimes Tools\All mail Including Spam and Trash-002.mbox
^Date: .*(19|20|21|22|23|24|25|26) Apr 2024,177091875:Date: 25 Apr 2024 19:31:30 -0000,C:\Users\thoma\Documents\Cyber Crimes Tools\All mail Including Spam and Trash-002.mbox
^Date: .*(19|20|21|22|23|24|25|26) Apr 2024,"177092314:Date: Wed, 24 Apr 2024 20:30:39 -0500",C:\Users\thoma\Documents\Cyber Crimes Tools\All mail Including Spam and Trash-002.mbox
^Date: .*(19|20|21|22|23|24|25|26) Apr 2024,"177094826:Date: Thu, 25 Apr 2024 14:00:53 +0000",C:\Users\thoma\Documents\Cyber Crimes Tools\All mail Including Spam and Trash-002.mbox
^Date: .*(19|20|21|22|23|24|25|26) Apr 2024,"177097628:Date: Thu, 25 Apr 2024 13:31:19 -0400",C:\Users\thoma\Documents\Cyber Crimes Tools\All mail Including Spam and Trash-002.mbox
^Date: .*(19|20|21|22|23|24|25|26) Apr 2024,"177097901:Date: Mon, 22 Apr 2024 10:12:06 -0400",C:\Users\thoma\Documents\Cyber Crimes Tools\All mail Including Spam and Trash-002.mbox
^Date: .*(19|20|21|22|23|24|25|26) Apr 2024,"177099186:Date: Fri, 26 Apr 2024 18:11:51 +0000 (UTC)",C:\Users\thoma\Documents\Cyber Crimes Tools\All mail Including Spam and Trash-002.mbox
^Date: .*(19|20|21|22|23|24|25|26) Apr 2024,"177099969:Date: Thu, 25 Apr 2024 18:41:40 +1000",C:\Users\thoma\Documents\Cyber Crimes Tools\All mail Including Spam and Trash-002.mbox
^Date: .*(19|20|21|22|23|24|25|26) Apr 2024,"177102433:Date: Thu, 25 Apr 2024 21:37:32 +0000",C:\Users\thoma\Documents\Cyber Crimes Tools\All mail Including Spam and Trash-002.mbox
^Date: .*(19|20|21|22|23|24|25|26) Apr 2024,"177102732:Date: Thu, 25 Apr 2024 10:01:41 +0000",C:\Users\thoma\Documents\Cyber Crimes Tools\All mail Including Spam and Trash-002.mbox
^Date: .*(19|20|21|22|23|24|25|26) Apr 2024,"177103600:Date: Thu, 25 Apr 2024 11:27:30 +0000",C:\Users\thoma\Documents\Cyber Crimes Tools\All mail Including Spam and Trash-002.mbox
^Date: .*(19|20|21|22|23|24|25|26) Apr 2024,"177105205:Date: Thu, 25 Apr 2024 12:44:18 +0000",C:\Users\thoma\Documents\Cyber Crimes Tools\All mail Including Spam and Trash-002.mbox
^Date: .*(19|20|21|22|23|24|25|26) Apr 2024,"177106874:Date: Fri, 26 Apr 2024 16:02:10 -0500 (CDT)",C:\Users\thoma\Documents\Cyber Crimes Tools\All mail Including Spam and Trash-002.mbox
^Date: .*(19|20|21|22|23|24|25|26) Apr 2024,"177108095:Date: Fri, 26 Apr 2024 19:30:11 +0000 (UTC)",C:\Users\thoma\Documents\Cyber Crimes Tools\All mail Including Spam and Trash-002.mbox
^Date: .*(19|20|21|22|23|24|25|26) Apr 2024,"177108781:Date: Thu, 25 Apr 2024 19:10:26 +0000",C:\Users\thoma\Documents\Cyber Crimes Tools\All mail Including Spam and Trash-002.mbox
^Date: .*(19|20|21|22|23|24|25|26) Apr 2024,"177111174:Date: Fri, 26 Apr 2024 17:41:57 +0000",C:\Users\thoma\Documents\Cyber Crimes Tools\All mail Including Spam and Trash-002.mbox
^Date: .*(19|20|21|22|23|24|25|26) Apr 2024,"177111994:Date: Fri, 26 Apr 2024 14:04:45 +0000 (UTC)",C:\Users\thoma\Documents\Cyber Crimes Tools\All mail Including Spam and Trash-002.mbox
^Date: .*(19|20|21|22|23|24|25|26) Apr 2024,"177113708:Date: Thu, 25 Apr 2024 09:19:26 -0400",C:\Users\thoma\Documents\Cyber Crimes Tools\All mail Including Spam and Trash-002.mbox
^Date: .*(19|20|21|22|23|24|25|26) Apr 2024,"177115192:Date: Thu, 25 Apr 2024 13:36:47 +0000",C:\Users\thoma\Documents\Cyber Crimes Tools\All mail Including Spam and Trash-002.mbox
^Date: .*(19|20|21|22|23|24|25|26) Apr 2024,"177115978:Date: Thu, 25 Apr 2024 02:00:18 +0000 (UTC)",C:\Users\thoma\Documents\Cyber Crimes Tools\All mail Including Spam and Trash-002.mbox
^Date: .*(19|20|21|22|23|24|25|26) Apr 2024,"177116717:Date: Thu, 25 Apr 2024 22:05:44 +0000 (UTC)",C:\Users\thoma\Documents\Cyber Crimes Tools\All mail Including Spam and Trash-002.mbox
^Date: .*(19|20|21|22|23|24|25|26) Apr 2024,"177118447:Date: Wed, 24 Apr 2024 21:49:17 -0700 (PDT)",C:\Users\thoma\Documents\Cyber Crimes Tools\All mail Including Spam and Trash-002.mbox
^Date: .*(19|20|21|22|23|24|25|26) Apr 2024,"177121292:Date: Thu, 25 Apr 2024 11:12:53 -0600",C:\Users\thoma\Documents\Cyber Crimes Tools\All mail Including Spam and Trash-002.mbox
^Date: .*(19|20|21|22|23|24|25|26) Apr 2024,"177121649:Date: Thu, 25 Apr 2024 14:09:40 +0000 (UTC)",C:\Users\thoma\Documents\Cyber Crimes Tools\All mail Including Spam and Trash-002.mbox
^Date: .*(19|20|21|22|23|24|25|26) Apr 2024,"177123534:Date: Thu, 25 Apr 2024 23:45:00 +0000",C:\Users\thoma\Documents\Cyber Crimes Tools\All mail Including Spam and Trash-002.mbox
^Date: .*(19|20|21|22|23|24|25|26) Apr 2024,"177123954:Date: Thu, 25 Apr 2024 18:58:03 +0000 (UTC)",C:\Users\thoma\Documents\Cyber Crimes Tools\All mail Including Spam and Trash-002.mbox
^Date: .*(19|20|21|22|23|24|25|26) Apr 2024,"177124689:Date: Fri, 26 Apr 2024 13:30:14 -0600",C:\Users\thoma\Documents\Cyber Crimes Tools\All mail Including Spam and Trash-002.mbox
^Date: .*(19|20|21|22|23|24|25|26) Apr 2024,"177126107:Date: Thu, 25 Apr 2024 10:00:54 +0000 (UTC)",C:\Users\thoma\Documents\Cyber Crimes Tools\All mail Including Spam and Trash-002.mbox
^Date: .*(19|20|21|22|23|24|25|26) Apr 2024,"177127217:Date: Thu, 25 Apr 2024 01:39:00 +0000",C:\Users\thoma\Documents\Cyber Crimes Tools\All mail Including Spam and Trash-002.mbox
^Date: .*(19|20|21|22|23|24|25|26) Apr 2024,"177128100:Date: Fri, 26 Apr 2024 12:09:40 -0400",C:\Users\thoma\Documents\Cyber Crimes Tools\All mail Including Spam and Trash-002.mbox
^Date: .*(19|20|21|22|23|24|25|26) Apr 2024,"177130682:Date: Thu, 25 Apr 2024 14:51:53 -0500",C:\Users\thoma\Documents\Cyber Crimes Tools\All mail Including Spam and Trash-002.mbox
^Date: .*(19|20|21|22|23|24|25|26) Apr 2024,"177133040:Date: Thu, 25 Apr 2024 14:17:11 +0000 (UTC)",C:\Users\thoma\Documents\Cyber Crimes Tools\All mail Including Spam and Trash-002.mbox
^Date: .*(19|20|21|22|23|24|25|26) Apr 2024,"177139491:Date: Wed, 24 Apr 2024 16:02:18 -0500 (CDT)",C:\Users\thoma\Documents\Cyber Crimes Tools\All mail Including Spam and Trash-002.mbox
^Date: .*(19|20|21|22|23|24|25|26) Apr 2024,"177140727:Date: Thu, 25 Apr 2024 01:45:00 +0000",C:\Users\thoma\Documents\Cyber Crimes Tools\All mail Including Spam and Trash-002.mbox
^Date: .*(19|20|21|22|23|24|25|26) Apr 2024,177142508:Date: 25 Apr 2024 13:31:06 -0000,C:\Users\thoma\Documents\Cyber Crimes Tools\All mail Including Spam and Trash-002.mbox
^Date: .*(19|20|21|22|23|24|25|26) Apr 2024,"177143252:Date: Fri, 26 Apr 2024 17:15:31 +0000",C:\Users\thoma\Documents\Cyber Crimes Tools\All mail Including Spam and Trash-002.mbox
^Date: .*(19|20|21|22|23|24|25|26) Apr 2024,"177143842:Date: Fri, 26 Apr 2024 07:03:52 +0000",C:\Users\thoma\Documents\Cyber Crimes Tools\All mail Including Spam and Trash-002.mbox
^Date: .*(19|20|21|22|23|24|25|26) Apr 2024,"177150447:Date: Thu, 25 Apr 2024 05:46:26 -0600",C:\Users\thoma\Documents\Cyber Crimes Tools\All mail Including Spam and Trash-002.mbox
^Date: .*(19|20|21|22|23|24|25|26) Apr 2024,"177151506:Date: Thu, 25 Apr 2024 10:00:44 +0000 (UTC)",C:\Users\thoma\Documents\Cyber Crimes Tools\All mail Including Spam and Trash-002.mbox
^Date: .*(19|20|21|22|23|24|25|26) Apr 2024,"177153187:Date: Thu, 25 Apr 2024 21:08:58 -0600",C:\Users\thoma\Documents\Cyber Crimes Tools\All mail Including Spam and Trash-002.mbox
^Date: .*(19|20|21|22|23|24|25|26) Apr 2024,"177154229:Date: Thu, 25 Apr 2024 18:51:54 +0000 (UTC)",C:\Users\thoma\Documents\Cyber Crimes Tools\All mail Including Spam and Trash-002.mbox
^Date: .*(19|20|21|22|23|24|25|26) Apr 2024,"177155022:Date: Thu, 25 Apr 2024 12:55:29 +0000 (UTC)",C:\Users\thoma\Documents\Cyber Crimes Tools\All mail Including Spam and Trash-002.mbox
^Date: .*(19|20|21|22|23|24|25|26) Apr 2024,"177155784:Date: Wed, 24 Apr 2024 15:26:52 +0000",C:\Users\thoma\Documents\Cyber Crimes Tools\All mail Including Spam and Trash-002.mbox
^Date: .*(19|20|21|22|23|24|25|26) Apr 2024,"177157749:Date: Thu, 25 Apr 2024 00:15:00 +0000 (UTC)",C:\Users\thoma\Documents\Cyber Crimes Tools\All mail Including Spam and Trash-002.mbox
^Date: .*(19|20|21|22|23|24|25|26) Apr 2024,"177160449:Date: Fri, 26 Apr 2024 05:02:44 -0500 (CDT)",C:\Users\thoma\Documents\Cyber Crimes Tools\All mail Including Spam and Trash-002.mbox
^Date: .*(19|20|21|22|23|24|25|26) Apr 2024,177162467:Date: 25 Apr 2024 09:32:42 -0400,C:\Users\thoma\Documents\Cyber Crimes Tools\All mail Including Spam and Trash-002.mbox
^Date: .*(19|20|21|22|23|24|25|26) Apr 2024,"177163439:Date: Thu, 25 Apr 2024 17:38:13 -0400",C:\Users\thoma\Documents\Cyber Crimes Tools\All mail Including Spam and Trash-002.mbox
^Date: .*(19|20|21|22|23|24|25|26) Apr 2024,"177165802:Date: Thu, 25 Apr 2024 00:25:46 +0000",C:\Users\thoma\Documents\Cyber Crimes Tools\All mail Including Spam and Trash-002.mbox
^Date: .*(19|20|21|22|23|24|25|26) Apr 2024,"177167661:Date: Thu, 25 Apr 2024 01:56:16 +0000",C:\Users\thoma\Documents\Cyber Crimes Tools\All mail Including Spam and Trash-002.mbox
^Date: .*(19|20|21|22|23|24|25|26) Apr 2024,"177169761:Date: Thu, 25 Apr 2024 14:16:25 +0530",C:\Users\thoma\Documents\Cyber Crimes Tools\All mail Including Spam and Trash-002.mbox
^Date: .*(19|20|21|22|23|24|25|26) Apr 2024,"177170251:Date: Thu, 25 Apr 2024 20:24:59 +0000",C:\Users\thoma\Documents\Cyber Crimes Tools\All mail Including Spam and Trash-002.mbox
^Date: .*(19|20|21|22|23|24|25|26) Apr 2024,"177170446:Date: Fri, 26 Apr 2024 07:39:37 +0000",C:\Users\thoma\Documents\Cyber Crimes Tools\All mail Including Spam and Trash-002.mbox
^Date: .*(19|20|21|22|23|24|25|26) Apr 2024,"177170759:Date: Thu, 25 Apr 2024 13:53:38 -0400",C:\Users\thoma\Documents\Cyber Crimes Tools\All mail Including Spam and Trash-002.mbox
^Date: .*(19|20|21|22|23|24|25|26) Apr 2024,"177171317:Date: Thu, 25 Apr 2024 10:38:27 -0400",C:\Users\thoma\Documents\Cyber Crimes Tools\All mail Including Spam and Trash-002.mbox
^Date: .*(19|20|21|22|23|24|25|26) Apr 2024,"177173047:Date: Thu, 25 Apr 2024 10:03:16 +0000",C:\Users\thoma\Documents\Cyber Crimes Tools\All mail Including Spam and Trash-002.mbox
^Date: .*(19|20|21|22|23|24|25|26) Apr 2024,"177174361:Date: Fri, 26 Apr 2024 17:02:34 +0000",C:\Users\thoma\Documents\Cyber Crimes Tools\All mail Including Spam and Trash-002.mbox
^Date: .*(19|20|21|22|23|24|25|26) Apr 2024,"177181509:Date: Wed, 24 Apr 2024 16:29:16 +0000",C:\Users\thoma\Documents\Cyber Crimes Tools\All mail Including Spam and Trash-002.mbox
^Date: .*(19|20|21|22|23|24|25|26) Apr 2024,"177182597:Date: Thu, 25 Apr 2024 15:02:30 +0000",C:\Users\thoma\Documents\Cyber Crimes Tools\All mail Including Spam and Trash-002.mbox
^Date: .*(19|20|21|22|23|24|25|26) Apr 2024,"177182787:Date: Thu, 25 Apr 2024 11:56:29 +0000",C:\Users\thoma\Documents\Cyber Crimes Tools\All mail Including Spam and Trash-002.mbox
^Date: .*(19|20|21|22|23|24|25|26) Apr 2024,"177185972:Date: Thu, 25 Apr 2024 13:58:18 -0400 (EDT)",C:\Users\thoma\Documents\Cyber Crimes Tools\All mail Including Spam and Trash-002.mbox
^Date: .*(19|20|21|22|23|24|25|26) Apr 2024,"177192137:Date: Wed, 24 Apr 2024 13:47:26 -0700",C:\Users\thoma\Documents\Cyber Crimes Tools\All mail Including Spam and Trash-002.mbox
^Date: .*(19|20|21|22|23|24|25|26) Apr 2024,"177192354:Date: Thu, 25 Apr 2024 05:03:05 -0500 (CDT)",C:\Users\thoma\Documents\Cyber Crimes Tools\All mail Including Spam and Trash-002.mbox
^Date: .*(19|20|21|22|23|24|25|26) Apr 2024,"177192675:Date: Thu, 25 Apr 2024 19:37:00 +0000",C:\Users\thoma\Documents\Cyber Crimes Tools\All mail Including Spam and Trash-002.mbox
^Date: .*(19|20|21|22|23|24|25|26) Apr 2024,"177195195:Date: Wed, 24 Apr 2024 16:57:34 -0400",C:\Users\thoma\Documents\Cyber Crimes Tools\All mail Including Spam and Trash-002.mbox
^Date: .*(19|20|21|22|23|24|25|26) Apr 2024,"177197785:Date: Thu, 25 Apr 2024 22:55:57 +0000 (UTC)",C:\Users\thoma\Documents\Cyber Crimes Tools\All mail Including Spam and Trash-002.mbox
^Date: .*(19|20|21|22|23|24|25|26) Apr 2024,"177198200:Date: Wed, 24 Apr 2024 21:56:39 +0000 (UTC)",C:\Users\thoma\Documents\Cyber Crimes Tools\All mail Including Spam and Trash-002.mbox
^Date: .*(19|20|21|22|23|24|25|26) Apr 2024,"177199135:Date: Thu, 25 Apr 2024 12:04:44 +0000",C:\Users\thoma\Documents\Cyber Crimes Tools\All mail Including Spam and Trash-002.mbox
^Date: .*(19|20|21|22|23|24|25|26) Apr 2024,"177200826:Date: Thu, 25 Apr 2024 09:05:16 -0400 (EDT)",C:\Users\thoma\Documents\Cyber Crimes Tools\All mail Including Spam and Trash-002.mbox
^Date: .*(19|20|21|22|23|24|25|26) Apr 2024,"177201693:Date: Fri, 26 Apr 2024 11:15:23 +0000 (UTC)",C:\Users\thoma\Documents\Cyber Crimes Tools\All mail Including Spam and Trash-002.mbox
^Date: .*(19|20|21|22|23|24|25|26) Apr 2024,"177202955:Date: Wed, 24 Apr 2024 17:06:21 +0000 (UTC)",C:\Users\thoma\Documents\Cyber Crimes Tools\All mail Including Spam and Trash-002.mbox
^Date: .*(19|20|21|22|23|24|25|26) Apr 2024,"177203694:Date: Wed, 24 Apr 2024 15:32:48 +0000",C:\Users\thoma\Documents\Cyber Crimes Tools\All mail Including Spam and Trash-002.mbox
^Date: .*(19|20|21|22|23|24|25|26) Apr 2024,"177206341:Date: Wed, 24 Apr 2024 15:10:53 +0000",C:\Users\thoma\Documents\Cyber Crimes Tools\All mail Including Spam and Trash-002.mbox
^Date: .*(19|20|21|22|23|24|25|26) Apr 2024,"177207431:Date: Wed, 24 Apr 2024 20:31:18 +0000",C:\Users\thoma\Documents\Cyber Crimes Tools\All mail Including Spam and Trash-002.mbox
^Date: .*(19|20|21|22|23|24|25|26) Apr 2024,"177208362:Date: Thu, 25 Apr 2024 10:15:19 +0000 (UTC)",C:\Users\thoma\Documents\Cyber Crimes Tools\All mail Including Spam and Trash-002.mbox
^Date: .*(19|20|21|22|23|24|25|26) Apr 2024,"177209110:Date: Thu, 25 Apr 2024 13:32:34 +0000",C:\Users\thoma\Documents\Cyber Crimes Tools\All mail Including Spam and Trash-002.mbox
^Date: .*(19|20|21|22|23|24|25|26) Apr 2024,"177211999:Date: Thu, 25 Apr 2024 11:12:04 +0000",C:\Users\thoma\Documents\Cyber Crimes Tools\All mail Including Spam and Trash-002.mbox
^Date: .*(19|20|21|22|23|24|25|26) Apr 2024,"177218168:Date: Wed, 24 Apr 2024 22:53:07 +0000",C:\Users\thoma\Documents\Cyber Crimes Tools\All mail Including Spam and Trash-002.mbox
^Date: .*(19|20|21|22|23|24|25|26) Apr 2024,177219031:Date: 24 Apr 2024 15:46:28 -0000,C:\Users\thoma\Documents\Cyber Crimes Tools\All mail Including Spam and Trash-002.mbox
^Date: .*(19|20|21|22|23|24|25|26) Apr 2024,"177219532:Date: Fri, 26 Apr 2024 02:34:31 +0000",C:\Users\thoma\Documents\Cyber Crimes Tools\All mail Including Spam and Trash-002.mbox
^Date: .*(19|20|21|22|23|24|25|26) Apr 2024,177220383:Date: 24 Apr 2024 17:37:03 -0400,C:\Users\thoma\Documents\Cyber Crimes Tools\All mail Including Spam and Trash-002.mbox
^Date: .*(19|20|21|22|23|24|25|26) Apr 2024,"177220586:Date: Thu, 25 Apr 2024 17:02:14 +0000 (UTC)",C:\Users\thoma\Documents\Cyber Crimes Tools\All mail Including Spam and Trash-002.mbox
^Date: .*(19|20|21|22|23|24|25|26) Apr 2024,"177221335:Date: Thu, 25 Apr 2024 15:01:08 +0000 (UTC)",C:\Users\thoma\Documents\Cyber Crimes Tools\All mail Including Spam and Trash-002.mbox
^Date: .*(19|20|21|22|23|24|25|26) Apr 2024,"177222081:Date: Wed, 24 Apr 2024 21:37:29 +0000",C:\Users\thoma\Documents\Cyber Crimes Tools\All mail Including Spam and Trash-002.mbox
^Date: .*(19|20|21|22|23|24|25|26) Apr 2024,"177223845:Date: Fri, 26 Apr 2024 11:54:58 +0000",C:\Users\thoma\Documents\Cyber Crimes Tools\All mail Including Spam and Trash-002.mbox
^Date: .*(19|20|21|22|23|24|25|26) Apr 2024,"177225533:Date: Fri, 26 Apr 2024 02:06:34 +0000",C:\Users\thoma\Documents\Cyber Crimes Tools\All mail Including Spam and Trash-002.mbox
^Date: .*(19|20|21|22|23|24|25|26) Apr 2024,"177226958:Date: Thu, 25 Apr 2024 15:34:57 +0000",C:\Users\thoma\Documents\Cyber Crimes Tools\All mail Including Spam and Trash-002.mbox
^Date: .*(19|20|21|22|23|24|25|26) Apr 2024,"177227758:Date: Wed, 24 Apr 2024 20:45:49 +0000 (UTC)",C:\Users\thoma\Documents\Cyber Crimes Tools\All mail Including Spam and Trash-002.mbox
^Date: .*(19|20|21|22|23|24|25|26) Apr 2024,"177230333:Date: Fri, 26 Apr 2024 17:07:14 +0000 (UTC)",C:\Users\thoma\Documents\Cyber Crimes Tools\All mail Including Spam and Trash-002.mbox
^Date: .*(19|20|21|22|23|24|25|26) Apr 2024,"177233106:Date: Thu, 25 Apr 2024 06:22:41 -0700",C:\Users\thoma\Documents\Cyber Crimes Tools\All mail Including Spam and Trash-002.mbox
^Date: .*(19|20|21|22|23|24|25|26) Apr 2024,"177234716:Date: Fri, 26 Apr 2024 19:01:02 +0000 (UTC)",C:\Users\thoma\Documents\Cyber Crimes Tools\All mail Including Spam and Trash-002.mbox
^Date: .*(19|20|21|22|23|24|25|26) Apr 2024,"177235447:Date: Thu, 25 Apr 2024 18:07:37 +0000",C:\Users\thoma\Documents\Cyber Crimes Tools\All mail Including Spam and Trash-002.mbox
^Date: .*(19|20|21|22|23|24|25|26) Apr 2024,"177236243:Date: Wed, 24 Apr 2024 13:36:11 -0600",C:\Users\thoma\Documents\Cyber Crimes Tools\All mail Including Spam and Trash-002.mbox
^Date: .*(19|20|21|22|23|24|25|26) Apr 2024,"177237287:Date: Thu, 25 Apr 2024 05:41:47 +0000",C:\Users\thoma\Documents\Cyber Crimes Tools\All mail Including Spam and Trash-002.mbox
^Date: .*(19|20|21|22|23|24|25|26) Apr 2024,"177239031:Date: Wed, 24 Apr 2024 19:55:08 +0000",C:\Users\thoma\Documents\Cyber Crimes Tools\All mail Including Spam and Trash-002.mbox
^Date: .*(19|20|21|22|23|24|25|26) Apr 2024,"177242576:Date: Wed, 24 Apr 2024 12:24:01 -0600",C:\Users\thoma\Documents\Cyber Crimes Tools\All mail Including Spam and Trash-002.mbox
^Date: .*(19|20|21|22|23|24|25|26) Apr 2024,"177243477:Date: Wed, 24 Apr 2024 08:50:25 -0700",C:\Users\thoma\Documents\Cyber Crimes Tools\All mail Including Spam and Trash-002.mbox
^Date: .*(19|20|21|22|23|24|25|26) Apr 2024,"177245954:Date: Wed, 24 Apr 2024 23:24:26 +0000 (UTC)",C:\Users\thoma\Documents\Cyber Crimes Tools\All mail Including Spam and Trash-002.mbox
^Date: .*(19|20|21|22|23|24|25|26) Apr 2024,"177248764:Date: Wed, 24 Apr 2024 14:36:40 -0700",C:\Users\thoma\Documents\Cyber Crimes Tools\All mail Including Spam and Trash-002.mbox
^Date: .*(19|20|21|22|23|24|25|26) Apr 2024,"177250507:Date: Wed, 24 Apr 2024 16:17:08 +0000 (UTC)",C:\Users\thoma\Documents\Cyber Crimes Tools\All mail Including Spam and Trash-002.mbox
^Date: .*(19|20|21|22|23|24|25|26) Apr 2024,"177251281:Date: Thu, 25 Apr 2024 08:20:09 -0700",C:\Users\thoma\Documents\Cyber Crimes Tools\All mail Including Spam and Trash-002.mbox
^Date: .*(19|20|21|22|23|24|25|26) Apr 2024,"177252341:Date: Wed, 24 Apr 2024 21:00:07 +0000",C:\Users\thoma\Documents\Cyber Crimes Tools\All mail Including Spam and Trash-002.mbox
^Date: .*(19|20|21|22|23|24|25|26) Apr 2024,177252713:Date: 25 Apr 2024 07:52:13 -0000,C:\Users\thoma\Documents\Cyber Crimes Tools\All mail Including Spam and Trash-002.mbox
^Date: .*(19|20|21|22|23|24|25|26) Apr 2024,"177254996:Date: Thu, 25 Apr 2024 17:32:14 +0000 (UTC)",C:\Users\thoma\Documents\Cyber Crimes Tools\All mail Including Spam and Trash-002.mbox
^Date: .*(19|20|21|22|23|24|25|26) Apr 2024,"177255149:Date: Thu, 25 Apr 2024 14:34:29 +0000 (UTC)",C:\Users\thoma\Documents\Cyber Crimes Tools\All mail Including Spam and Trash-002.mbox
^Date: .*(19|20|21|22|23|24|25|26) Apr 2024,"177255301:Date: Thu, 25 Apr 2024 14:33:08 +0000 (UTC)",C:\Users\thoma\Documents\Cyber Crimes Tools\All mail Including Spam and Trash-002.mbox
^Date: .*(19|20|21|22|23|24|25|26) Apr 2024,"177255439:Date: Wed, 24 Apr 2024 14:18:57 -0600",C:\Users\thoma\Documents\Cyber Crimes Tools\All mail Including Spam and Trash-002.mbox
^Date: .*(19|20|21|22|23|24|25|26) Apr 2024,"177255872:Date: Thu, 25 Apr 2024 13:42:40 +0000",C:\Users\thoma\Documents\Cyber Crimes Tools\All mail Including Spam and Trash-002.mbox
^Date: .*(19|20|21|22|23|24|25|26) Apr 2024,"177259539:Date: Wed, 24 Apr 2024 17:28:56 +0000 (UTC)",C:\Users\thoma\Documents\Cyber Crimes Tools\All mail Including Spam and Trash-002.mbox
^Date: .*(19|20|21|22|23|24|25|26) Apr 2024,"177260406:Date: Thu, 25 Apr 2024 20:53:53 +0000 (UTC)",C:\Users\thoma\Documents\Cyber Crimes Tools\All mail Including Spam and Trash-002.mbox
^Date: .*(19|20|21|22|23|24|25|26) Apr 2024,"177261271:Date: Wed, 24 Apr 2024 16:21:11 +0000",C:\Users\thoma\Documents\Cyber Crimes Tools\All mail Including Spam and Trash-002.mbox
^Date: .*(19|20|21|22|23|24|25|26) Apr 2024,"177263161:Date: Fri, 26 Apr 2024 13:52:13 -0400 (EDT)",C:\Users\thoma\Documents\Cyber Crimes Tools\All mail Including Spam and Trash-002.mbox
^Date: .*(19|20|21|22|23|24|25|26) Apr 2024,"177267839:Date: Wed, 24 Apr 2024 20:40:43 +0000 (UTC)",C:\Users\thoma\Documents\Cyber Crimes Tools\All mail Including Spam and Trash-002.mbox
^Date: .*(19|20|21|22|23|24|25|26) Apr 2024,"177267986:Date: Wed, 24 Apr 2024 21:55:59 +0000 (UTC)",C:\Users\thoma\Documents\Cyber Crimes Tools\All mail Including Spam and Trash-002.mbox
^Date: .*(19|20|21|22|23|24|25|26) Apr 2024,"177269460:Date: Fri, 26 Apr 2024 20:23:20 +0000 (UTC)",C:\Users\thoma\Documents\Cyber Crimes Tools\All mail Including Spam and Trash-002.mbox
^Date: .*(19|20|21|22|23|24|25|26) Apr 2024,"177274273:Date: Thu, 25 Apr 2024 00:16:09 +0000 (UTC)",C:\Users\thoma\Documents\Cyber Crimes Tools\All mail Including Spam and Trash-002.mbox
^Date: .*(19|20|21|22|23|24|25|26) Apr 2024,"177275004:Date: Thu, 25 Apr 2024 13:37:13 +0000 (UTC)",C:\Users\thoma\Documents\Cyber Crimes Tools\All mail Including Spam and Trash-002.mbox
^Date: .*(19|20|21|22|23|24|25|26) Apr 2024,"177276935:Date: Wed, 24 Apr 2024 11:48:42 +0000",C:\Users\thoma\Documents\Cyber Crimes Tools\All mail Including Spam and Trash-002.mbox
^Date: .*(19|20|21|22|23|24|25|26) Apr 2024,"177279014:Date: Wed, 24 Apr 2024 08:06:04 -0400 (EDT)",C:\Users\thoma\Documents\Cyber Crimes Tools\All mail Including Spam and Trash-002.mbox
^Date: .*(19|20|21|22|23|24|25|26) Apr 2024,177280458:Date: 24 Apr 2024 19:27:24 -0000,C:\Users\thoma\Documents\Cyber Crimes Tools\All mail Including Spam and Trash-002.mbox
^Date: .*(19|20|21|22|23|24|25|26) Apr 2024,"177280833:Date: Thu, 25 Apr 2024 10:33:51 +0000 (UTC)",C:\Users\thoma\Documents\Cyber Crimes Tools\All mail Including Spam and Trash-002.mbox
^Date: .*(19|20|21|22|23|24|25|26) Apr 2024,"177281571:Date: Thu, 25 Apr 2024 03:10:10 +0000 (UTC)",C:\Users\thoma\Documents\Cyber Crimes Tools\All mail Including Spam and Trash-002.mbox
^Date: .*(19|20|21|22|23|24|25|26) Apr 2024,"177282309:Date: Wed, 24 Apr 2024 12:57:44 +0000 (UTC)",C:\Users\thoma\Documents\Cyber Crimes Tools\All mail Including Spam and Trash-002.mbox
^Date: .*(19|20|21|22|23|24|25|26) Apr 2024,"177283038:Date: Thu, 25 Apr 2024 20:40:22 +0000 (UTC)",C:\Users\thoma\Documents\Cyber Crimes Tools\All mail Including Spam and Trash-002.mbox
^Date: .*(19|20|21|22|23|24|25|26) Apr 2024,"177283196:Date: Wed, 24 Apr 2024 23:06:27 +0000",C:\Users\thoma\Documents\Cyber Crimes Tools\All mail Including Spam and Trash-002.mbox
^Date: .*(19|20|21|22|23|24|25|26) Apr 2024,"177284389:Date: Wed, 24 Apr 2024 21:08:46 -0600",C:\Users\thoma\Documents\Cyber Crimes Tools\All mail Including Spam and Trash-002.mbox
^Date: .*(19|20|21|22|23|24|25|26) Apr 2024,"177285297:Date: Fri, 26 Apr 2024 15:19:09 +0000",C:\Users\thoma\Documents\Cyber Crimes Tools\All mail Including Spam and Trash-002.mbox
^Date: .*(19|20|21|22|23|24|25|26) Apr 2024,"177286062:Date: Wed, 24 Apr 2024 18:05:02 +0000",C:\Users\thoma\Documents\Cyber Crimes Tools\All mail Including Spam and Trash-002.mbox
^Date: .*(19|20|21|22|23|24|25|26) Apr 2024,"177287205:Date: Wed, 24 Apr 2024 23:23:08 +0000",C:\Users\thoma\Documents\Cyber Crimes Tools\All mail Including Spam and Trash-002.mbox
^Date: .*(19|20|21|22|23|24|25|26) Apr 2024,"177290758:Date: Wed, 24 Apr 2024 15:31:12 +0000",C:\Users\thoma\Documents\Cyber Crimes Tools\All mail Including Spam and Trash-002.mbox
^Date: .*(19|20|21|22|23|24|25|26) Apr 2024,"177291981:Date: Thu, 25 Apr 2024 17:30:36 +0000",C:\Users\thoma\Documents\Cyber Crimes Tools\All mail Including Spam and Trash-002.mbox
^Date: .*(19|20|21|22|23|24|25|26) Apr 2024,"177296028:Date: Thu, 25 Apr 2024 05:22:38 -0400",C:\Users\thoma\Documents\Cyber Crimes Tools\All mail Including Spam and Trash-002.mbox
^Date: .*(19|20|21|22|23|24|25|26) Apr 2024,"177297205:Date: Wed, 24 Apr 2024 17:18:36 -0400",C:\Users\thoma\Documents\Cyber Crimes Tools\All mail Including Spam and Trash-002.mbox
^Date: .*(19|20|21|22|23|24|25|26) Apr 2024,"177297910:Date: Thu, 25 Apr 2024 18:08:55 +0000",C:\Users\thoma\Documents\Cyber Crimes Tools\All mail Including Spam and Trash-002.mbox
^Date: .*(19|20|21|22|23|24|25|26) Apr 2024,"177298537:Date: Fri, 26 Apr 2024 00:21:20 +0000",C:\Users\thoma\Documents\Cyber Crimes Tools\All mail Including Spam and Trash-002.mbox
^Date: .*(19|20|21|22|23|24|25|26) Apr 2024,"177299531:Date: Tue, 23 Apr 2024 23:55:56 +0000 (UTC)",C:\Users\thoma\Documents\Cyber Crimes Tools\All mail Including Spam and Trash-002.mbox
^Date: .*(19|20|21|22|23|24|25|26) Apr 2024,"177300415:Date: Tue, 23 Apr 2024 20:38:59 -0600",C:\Users\thoma\Documents\Cyber Crimes Tools\All mail Including Spam and Trash-002.mbox
^Date: .*(19|20|21|22|23|24|25|26) Apr 2024,"177301240:Date: Thu, 25 Apr 2024 21:06:50 +0000",C:\Users\thoma\Documents\Cyber Crimes Tools\All mail Including Spam and Trash-002.mbox
^Date: .*(19|20|21|22|23|24|25|26) Apr 2024,"177302046:Date: Wed, 24 Apr 2024 16:10:42 +0000 (UTC)",C:\Users\thoma\Documents\Cyber Crimes Tools\All mail Including Spam and Trash-002.mbox
^Date: .*(19|20|21|22|23|24|25|26) Apr 2024,"177304612:Date: Wed, 24 Apr 2024 18:23:48 +0000 (UTC)",C:\Users\thoma\Documents\Cyber Crimes Tools\All mail Including Spam and Trash-002.mbox
^Date: .*(19|20|21|22|23|24|25|26) Apr 2024,"177306812:Date: Fri, 26 Apr 2024 13:40:04 -0400",C:\Users\thoma\Documents\Cyber Crimes Tools\All mail Including Spam and Trash-002.mbox
^Date: .*(19|20|21|22|23|24|25|26) Apr 2024,"177306947:Date: Wed, 24 Apr 2024 05:05:24 -0500 (CDT)",C:\Users\thoma\Documents\Cyber Crimes Tools\All mail Including Spam and Trash-002.mbox
^Date: .*(19|20|21|22|23|24|25|26) Apr 2024,"177307267:Date: Fri, 26 Apr 2024 16:00:01 +0000",C:\Users\thoma\Documents\Cyber Crimes Tools\All mail Including Spam and Trash-002.mbox
^Date: .*(19|20|21|22|23|24|25|26) Apr 2024,"177310257:Date: Wed, 24 Apr 2024 12:38:05 +0000",C:\Users\thoma\Documents\Cyber Crimes Tools\All mail Including Spam and Trash-002.mbox
^Date: .*(19|20|21|22|23|24|25|26) Apr 2024,"177312206:Date: Fri, 26 Apr 2024 17:20:04 +0000",C:\Users\thoma\Documents\Cyber Crimes Tools\All mail Including Spam and Trash-002.mbox
^Date: .*(19|20|21|22|23|24|25|26) Apr 2024,"177314065:Date: Fri, 26 Apr 2024 17:08:59 +0000",C:\Users\thoma\Documents\Cyber Crimes Tools\All mail Including Spam and Trash-002.mbox
^Date: .*(19|20|21|22|23|24|25|26) Apr 2024,177314796:Date: 25 Apr 2024 03:02:02 -0400,C:\Users\thoma\Documents\Cyber Crimes Tools\All mail Including Spam and Trash-002.mbox
^Date: .*(19|20|21|22|23|24|25|26) Apr 2024,"177317588:Date: Wed, 24 Apr 2024 10:59:18 -0400 (EDT)",C:\Users\thoma\Documents\Cyber Crimes Tools\All mail Including Spam and Trash-002.mbox
^Date: .*(19|20|21|22|23|24|25|26) Apr 2024,"177318358:Date: Thu, 25 Apr 2024 05:36:36 +0000",C:\Users\thoma\Documents\Cyber Crimes Tools\All mail Including Spam and Trash-002.mbox
^Date: .*(19|20|21|22|23|24|25|26) Apr 2024,"177318677:Date: Wed, 24 Apr 2024 10:02:58 +0000 (UTC)",C:\Users\thoma\Documents\Cyber Crimes Tools\All mail Including Spam and Trash-002.mbox
^Date: .*(19|20|21|22|23|24|25|26) Apr 2024,"177320326:Date: Thu, 25 Apr 2024 06:23:02 +0000",C:\Users\thoma\Documents\Cyber Crimes Tools\All mail Including Spam and Trash-002.mbox
^Date: .*(19|20|21|22|23|24|25|26) Apr 2024,"177320733:Date: Tue, 23 Apr 2024 23:48:20 +0000 (UTC)",C:\Users\thoma\Documents\Cyber Crimes Tools\All mail Including Spam and Trash-002.mbox
^Date: .*(19|20|21|22|23|24|25|26) Apr 2024,"177321369:Date: Thu, 25 Apr 2024 00:16:40 +0000 (UTC)",C:\Users\thoma\Documents\Cyber Crimes Tools\All mail Including Spam and Trash-002.mbox
^Date: .*(19|20|21|22|23|24|25|26) Apr 2024,"177324101:Date: Fri, 26 Apr 2024 04:01:24 +0000 (UTC)",C:\Users\thoma\Documents\Cyber Crimes Tools\All mail Including Spam and Trash-002.mbox
^Date: .*(19|20|21|22|23|24|25|26) Apr 2024,"177324851:Date: Thu, 25 Apr 2024 11:48:39 +0000",C:\Users\thoma\Documents\Cyber Crimes Tools\All mail Including Spam and Trash-002.mbox
^Date: .*(19|20|21|22|23|24|25|26) Apr 2024,"177326150:Date: Wed, 24 Apr 2024 00:44:19 +0000",C:\Users\thoma\Documents\Cyber Crimes Tools\All mail Including Spam and Trash-002.mbox
^Date: .*(19|20|21|22|23|24|25|26) Apr 2024,"177326828:Date: Wed, 24 Apr 2024 20:01:55 +0000",C:\Users\thoma\Documents\Cyber Crimes Tools\All mail Including Spam and Trash-002.mbox
^Date: .*(19|20|21|22|23|24|25|26) Apr 2024,"177327081:Date: Thu, 25 Apr 2024 21:58:41 +0000",C:\Users\thoma\Documents\Cyber Crimes Tools\All mail Including Spam and Trash-002.mbox
^Date: .*(19|20|21|22|23|24|25|26) Apr 2024,"177327390:Date: Thu, 25 Apr 2024 07:40:50 +0530",C:\Users\thoma\Documents\Cyber Crimes Tools\All mail Including Spam and Trash-002.mbox
^Date: .*(19|20|21|22|23|24|25|26) Apr 2024,"177327878:Date: Thu, 25 Apr 2024 12:34:55 +0000",C:\Users\thoma\Documents\Cyber Crimes Tools\All mail Including Spam and Trash-002.mbox
^Date: .*(19|20|21|22|23|24|25|26) Apr 2024,"177329263:Date: Wed, 24 Apr 2024 14:13:41 +0000",C:\Users\thoma\Documents\Cyber Crimes Tools\All mail Including Spam and Trash-002.mbox
^Date: .*(19|20|21|22|23|24|25|26) Apr 2024,"177331846:Date: Fri, 26 Apr 2024 00:31:58 +0000",C:\Users\thoma\Documents\Cyber Crimes Tools\All mail Including Spam and Trash-002.mbox
^Date: .*(19|20|21|22|23|24|25|26) Apr 2024,"177332609:Date: Wed, 24 Apr 2024 21:06:12 +0000",C:\Users\thoma\Documents\Cyber Crimes Tools\All mail Including Spam and Trash-002.mbox
^Date: .*(19|20|21|22|23|24|25|26) Apr 2024,"177333416:Date: Wed, 24 Apr 2024 00:31:19 +0000",C:\Users\thoma\Documents\Cyber Crimes Tools\All mail Including Spam and Trash-002.mbox
^Date: .*(19|20|21|22|23|24|25|26) Apr 2024,"177334246:Date: Wed, 24 Apr 2024 16:33:43 +0000 (UTC)",C:\Users\thoma\Documents\Cyber Crimes Tools\All mail Including Spam and Trash-002.mbox
^Date: .*(19|20|21|22|23|24|25|26) Apr 2024,"177335595:Date: Thu, 25 Apr 2024 10:51:20 -0600",C:\Users\thoma\Documents\Cyber Crimes Tools\All mail Including Spam and Trash-002.mbox
^Date: .*(19|20|21|22|23|24|25|26) Apr 2024,"177337538:Date: Thu, 25 Apr 2024 18:22:24 -0700",C:\Users\thoma\Documents\Cyber Crimes Tools\All mail Including Spam and Trash-002.mbox
^Date: .*(19|20|21|22|23|24|25|26) Apr 2024,"177338608:Date: Wed, 24 Apr 2024 15:00:02 +0000 (UTC)",C:\Users\thoma\Documents\Cyber Crimes Tools\All mail Including Spam and Trash-002.mbox
^Date: .*(19|20|21|22|23|24|25|26) Apr 2024,"177339340:Date: Fri, 26 Apr 2024 16:39:00 +0000",C:\Users\thoma\Documents\Cyber Crimes Tools\All mail Including Spam and Trash-002.mbox
^Date: .*(19|20|21|22|23|24|25|26) Apr 2024,"177339655:Date: Thu, 25 Apr 2024 00:13:07 +0000 (UTC)",C:\Users\thoma\Documents\Cyber Crimes Tools\All mail Including Spam and Trash-002.mbox
^Date: .*(19|20|21|22|23|24|25|26) Apr 2024,"177342146:Date: Wed, 24 Apr 2024 15:43:40 +0000 (UTC)",C:\Users\thoma\Documents\Cyber Crimes Tools\All mail Including Spam and Trash-002.mbox
^Date: .*(19|20|21|22|23|24|25|26) Apr 2024,"177342888:Date: Thu, 25 Apr 2024 13:30:43 +0000 (UTC)",C:\Users\thoma\Documents\Cyber Crimes Tools\All mail Including Spam and Trash-002.mbox
^Date: .*(19|20|21|22|23|24|25|26) Apr 2024,"177343745:Date: Wed, 24 Apr 2024 08:56:45 +0000",C:\Users\thoma\Documents\Cyber Crimes Tools\All mail Including Spam and Trash-002.mbox
^Date: .*(19|20|21|22|23|24|25|26) Apr 2024,"177345207:Date: Wed, 24 Apr 2024 20:26:59 +0000 (UTC)",C:\Users\thoma\Documents\Cyber Crimes Tools\All mail Including Spam and Trash-002.mbox
^Date: .*(19|20|21|22|23|24|25|26) Apr 2024,"177346111:Date: Wed, 24 Apr 2024 14:36:18 -0700",C:\Users\thoma\Documents\Cyber Crimes Tools\All mail Including Spam and Trash-002.mbox
^Date: .*(19|20|21|22|23|24|25|26) Apr 2024,"177356905:Date: Wed, 24 Apr 2024 09:42:14 -0600",C:\Users\thoma\Documents\Cyber Crimes Tools\All mail Including Spam and Trash-002.mbox
^Date: .*(19|20|21|22|23|24|25|26) Apr 2024,"177358580:Date: Wed, 24 Apr 2024 10:32:47 -0500",C:\Users\thoma\Documents\Cyber Crimes Tools\All mail Including Spam and Trash-002.mbox
^Date: .*(19|20|21|22|23|24|25|26) Apr 2024,"177359087:Date: Wed, 24 Apr 2024 07:17:33 -0600",C:\Users\thoma\Documents\Cyber Crimes Tools\All mail Including Spam and Trash-002.mbox
^Date: .*(19|20|21|22|23|24|25|26) Apr 2024,"177359740:Date: Wed, 24 Apr 2024 20:07:26 +0000",C:\Users\thoma\Documents\Cyber Crimes Tools\All mail Including Spam and Trash-002.mbox
^Date: .*(19|20|21|22|23|24|25|26) Apr 2024,"177360564:Date: Wed, 24 Apr 2024 10:52:26 +0000",C:\Users\thoma\Documents\Cyber Crimes Tools\All mail Including Spam and Trash-002.mbox
^Date: .*(19|20|21|22|23|24|25|26) Apr 2024,"177361387:Date: Tue, 23 Apr 2024 17:31:32 +0000",C:\Users\thoma\Documents\Cyber Crimes Tools\All mail Including Spam and Trash-002.mbox
^Date: .*(19|20|21|22|23|24|25|26) Apr 2024,"177367075:Date: Wed, 24 Apr 2024 00:14:20 +0000 (UTC)",C:\Users\thoma\Documents\Cyber Crimes Tools\All mail Including Spam and Trash-002.mbox
^Date: .*(19|20|21|22|23|24|25|26) Apr 2024,"177367667:Date: Tue, 23 Apr 2024 14:57:41 +0000",C:\Users\thoma\Documents\Cyber Crimes Tools\All mail Including Spam and Trash-002.mbox
^Date: .*(19|20|21|22|23|24|25|26) Apr 2024,"177367870:Date: Thu, 25 Apr 2024 04:03:57 +0530",C:\Users\thoma\Documents\Cyber Crimes Tools\All mail Including Spam and Trash-002.mbox
^Date: .*(19|20|21|22|23|24|25|26) Apr 2024,"177368348:Date: Wed, 24 Apr 2024 17:06:56 +0000",C:\Users\thoma\Documents\Cyber Crimes Tools\All mail Including Spam and Trash-002.mbox
^Date: .*(19|20|21|22|23|24|25|26) Apr 2024,"177369576:Date: Wed, 24 Apr 2024 22:45:24 +0000 (UTC)",C:\Users\thoma\Documents\Cyber Crimes Tools\All mail Including Spam and Trash-002.mbox
^Date: .*(19|20|21|22|23|24|25|26) Apr 2024,"177370323:Date: Wed, 24 Apr 2024 12:33:16 +0000 (UTC)",C:\Users\thoma\Documents\Cyber Crimes Tools\All mail Including Spam and Trash-002.mbox
^Date: .*(19|20|21|22|23|24|25|26) Apr 2024,177371830:Date: 24 Apr 2024 03:01:26 -0400,C:\Users\thoma\Documents\Cyber Crimes Tools\All mail Including Spam and Trash-002.mbox
^Date: .*(19|20|21|22|23|24|25|26) Apr 2024,"177372116:Date: Wed, 24 Apr 2024 14:42:04 -0700",C:\Users\thoma\Documents\Cyber Crimes Tools\All mail Including Spam and Trash-002.mbox
^Date: .*(19|20|21|22|23|24|25|26) Apr 2024,"177372293:Date: Thu, 25 Apr 2024 17:03:32 +0000 (UTC)",C:\Users\thoma\Documents\Cyber Crimes Tools\All mail Including Spam and Trash-002.mbox
^Date: .*(19|20|21|22|23|24|25|26) Apr 2024,"177373027:Date: Wed, 24 Apr 2024 15:08:58 +0000",C:\Users\thoma\Documents\Cyber Crimes Tools\All mail Including Spam and Trash-002.mbox
^Date: .*(19|20|21|22|23|24|25|26) Apr 2024,"177373754:Date: Thu, 25 Apr 2024 07:44:37 -0600",C:\Users\thoma\Documents\Cyber Crimes Tools\All mail Including Spam and Trash-002.mbox
^Date: .*(19|20|21|22|23|24|25|26) Apr 2024,"177375598:Date: Thu, 25 Apr 2024 20:11:22 +0000 (UTC)",C:\Users\thoma\Documents\Cyber Crimes Tools\All mail Including Spam and Trash-002.mbox
^Date: .*(19|20|21|22|23|24|25|26) Apr 2024,"177377191:Date: Thu, 25 Apr 2024 19:03:00 -0400",C:\Users\thoma\Documents\Cyber Crimes Tools\All mail Including Spam and Trash-002.mbox
^Date: .*(19|20|21|22|23|24|25|26) Apr 2024,"177377826:Date: Wed, 24 Apr 2024 13:15:04 +0000",C:\Users\thoma\Documents\Cyber Crimes Tools\All mail Including Spam and Trash-002.mbox
^Date: .*(19|20|21|22|23|24|25|26) Apr 2024,"177380767:Date: Tue, 23 Apr 2024 20:51:23 +0000",C:\Users\thoma\Documents\Cyber Crimes Tools\All mail Including Spam and Trash-002.mbox
^Date: .*(19|20|21|22|23|24|25|26) Apr 2024,"177381767:Date: Wed, 24 Apr 2024 13:16:33 +0000",C:\Users\thoma\Documents\Cyber Crimes Tools\All mail Including Spam and Trash-002.mbox
^Date: .*(19|20|21|22|23|24|25|26) Apr 2024,"177382297:Date: Tue, 23 Apr 2024 18:06:15 +0000",C:\Users\thoma\Documents\Cyber Crimes Tools\All mail Including Spam and Trash-002.mbox
^Date: .*(19|20|21|22|23|24|25|26) Apr 2024,"177382782:Date: Thu, 25 Apr 2024 07:55:47 -0400",C:\Users\thoma\Documents\Cyber Crimes Tools\All mail Including Spam and Trash-002.mbox
^Date: .*(19|20|21|22|23|24|25|26) Apr 2024,"177384801:Date: Wed, 24 Apr 2024 11:30:35 -0700",C:\Users\thoma\Documents\Cyber Crimes Tools\All mail Including Spam and Trash-002.mbox
^Date: .*(19|20|21|22|23|24|25|26) Apr 2024,"177385528:Date: Wed, 24 Apr 2024 14:38:56 -0600",C:\Users\thoma\Documents\Cyber Crimes Tools\All mail Including Spam and Trash-002.mbox
^Date: .*(19|20|21|22|23|24|25|26) Apr 2024,177386366:Date: 24 Apr 2024 09:24:45 -0400,C:\Users\thoma\Documents\Cyber Crimes Tools\All mail Including Spam and Trash-002.mbox
^Date: .*(19|20|21|22|23|24|25|26) Apr 2024,"177389231:Date: Wed, 24 Apr 2024 23:19:48 +0000",C:\Users\thoma\Documents\Cyber Crimes Tools\All mail Including Spam and Trash-002.mbox
^Date: .*(19|20|21|22|23|24|25|26) Apr 2024,"177389565:Date: Thu, 25 Apr 2024 09:15:05 -0600",C:\Users\thoma\Documents\Cyber Crimes Tools\All mail Including Spam and Trash-002.mbox
^Date: .*(19|20|21|22|23|24|25|26) Apr 2024,"177390127:Date: Wed, 24 Apr 2024 13:30:00 +0000 (UTC)",C:\Users\thoma\Documents\Cyber Crimes Tools\All mail Including Spam and Trash-002.mbox
^Date: .*(19|20|21|22|23|24|25|26) Apr 2024,"177390542:Date: Thu, 25 Apr 2024 16:10:52 +0000 (UTC)",C:\Users\thoma\Documents\Cyber Crimes Tools\All mail Including Spam and Trash-002.mbox
^Date: .*(19|20|21|22|23|24|25|26) Apr 2024,"177391256:Date: Thu, 25 Apr 2024 18:13:35 +0000",C:\Users\thoma\Documents\Cyber Crimes Tools\All mail Including Spam and Trash-002.mbox
^Date: .*(19|20|21|22|23|24|25|26) Apr 2024,"177391715:Date: Wed, 24 Apr 2024 08:03:04 +0000",C:\Users\thoma\Documents\Cyber Crimes Tools\All mail Including Spam and Trash-002.mbox
^Date: .*(19|20|21|22|23|24|25|26) Apr 2024,"177393499:Date: Fri, 26 Apr 2024 00:02:28 +0000",C:\Users\thoma\Documents\Cyber Crimes Tools\All mail Including Spam and Trash-002.mbox
^Date: .*(19|20|21|22|23|24|25|26) Apr 2024,"177395373:Date: Wed, 24 Apr 2024 23:23:24 +0000 (UTC)",C:\Users\thoma\Documents\Cyber Crimes Tools\All mail Including Spam and Trash-002.mbox
^Date: .*(19|20|21|22|23|24|25|26) Apr 2024,"177396013:Date: Tue, 23 Apr 2024 17:11:36 +0000",C:\Users\thoma\Documents\Cyber Crimes Tools\All mail Including Spam and Trash-002.mbox
^Date: .*(19|20|21|22|23|24|25|26) Apr 2024,"177397735:Date: Thu, 25 Apr 2024 15:05:47 +0000",C:\Users\thoma\Documents\Cyber Crimes Tools\All mail Including Spam and Trash-002.mbox
^Date: .*(19|20|21|22|23|24|25|26) Apr 2024,"177403140:Date: Wed, 24 Apr 2024 12:14:06 +0000 (UTC)",C:\Users\thoma\Documents\Cyber Crimes Tools\All mail Including Spam and Trash-002.mbox
^Date: .*(19|20|21|22|23|24|25|26) Apr 2024,"177404001:Date: Wed, 24 Apr 2024 22:09:59 +0000",C:\Users\thoma\Documents\Cyber Crimes Tools\All mail Including Spam and Trash-002.mbox
^Date: .*(19|20|21|22|23|24|25|26) Apr 2024,"177405448:Date: Thu, 25 Apr 2024 07:06:57 -0500",C:\Users\thoma\Documents\Cyber Crimes Tools\All mail Including Spam and Trash-002.mbox
^Date: .*(19|20|21|22|23|24|25|26) Apr 2024,"177405825:Date: Thu, 25 Apr 2024 10:52:43 +0000",C:\Users\thoma\Documents\Cyber Crimes Tools\All mail Including Spam and Trash-002.mbox
^Date: .*(19|20|21|22|23|24|25|26) Apr 2024,"177407606:Date: Fri, 26 Apr 2024 13:48:32 +0000",C:\Users\thoma\Documents\Cyber Crimes Tools\All mail Including Spam and Trash-002.mbox
^Date: .*(19|20|21|22|23|24|25|26) Apr 2024,"177409189:Date: Tue, 23 Apr 2024 21:21:46 -0400",C:\Users\thoma\Documents\Cyber Crimes Tools\All mail Including Spam and Trash-002.mbox
^Date: .*(19|20|21|22|23|24|25|26) Apr 2024,"177409806:Date: Wed, 24 Apr 2024 13:08:25 -0500 (CDT)",C:\Users\thoma\Documents\Cyber Crimes Tools\All mail Including Spam and Trash-002.mbox
^Date: .*(19|20|21|22|23|24|25|26) Apr 2024,"177410798:Date: Wed, 24 Apr 2024 15:07:49 +0000",C:\Users\thoma\Documents\Cyber Crimes Tools\All mail Including Spam and Trash-002.mbox
^Date: .*(19|20|21|22|23|24|25|26) Apr 2024,"177412560:Date: Tue, 23 Apr 2024 19:49:39 +0000",C:\Users\thoma\Documents\Cyber Crimes Tools\All mail Including Spam and Trash-002.mbox
^Date: .*(19|20|21|22|23|24|25|26) Apr 2024,"177413863:Date: Wed, 24 Apr 2024 00:25:51 +0000 (UTC)",C:\Users\thoma\Documents\Cyber Crimes Tools\All mail Including Spam and Trash-002.mbox
^Date: .*(19|20|21|22|23|24|25|26) Apr 2024,"177414627:Date: Thu, 25 Apr 2024 16:41:08 +0000 (UTC)",C:\Users\thoma\Documents\Cyber Crimes Tools\All mail Including Spam and Trash-002.mbox
^Date: .*(19|20|21|22|23|24|25|26) Apr 2024,"177414806:Date: Thu, 25 Apr 2024 16:18:41 +0000 (UTC)",C:\Users\thoma\Documents\Cyber Crimes Tools\All mail Including Spam and Trash-002.mbox
^Date: .*(19|20|21|22|23|24|25|26) Apr 2024,"177414988:Date: Tue, 23 Apr 2024 15:23:13 +0000",C:\Users\thoma\Documents\Cyber Crimes Tools\All mail Including Spam and Trash-002.mbox
^Date: .*(19|20|21|22|23|24|25|26) Apr 2024,"177417323:Date: Wed, 24 Apr 2024 00:14:42 +0000 (UTC)",C:\Users\thoma\Documents\Cyber Crimes Tools\All mail Including Spam and Trash-002.mbox
^Date: .*(19|20|21|22|23|24|25|26) Apr 2024,"177418599:Date: Tue, 23 Apr 2024 17:39:15 -0500",C:\Users\thoma\Documents\Cyber Crimes Tools\All mail Including Spam and Trash-002.mbox
^Date: .*(19|20|21|22|23|24|25|26) Apr 2024,"177420609:Date: Thu, 25 Apr 2024 23:49:01 +0000",C:\Users\thoma\Documents\Cyber Crimes Tools\All mail Including Spam and Trash-002.mbox
^Date: .*(19|20|21|22|23|24|25|26) Apr 2024,"177422224:Date: Wed, 24 Apr 2024 07:39:20 -0600",C:\Users\thoma\Documents\Cyber Crimes Tools\All mail Including Spam and Trash-002.mbox
^Date: .*(19|20|21|22|23|24|25|26) Apr 2024,"177423871:Date: Wed, 24 Apr 2024 16:02:08 +0000",C:\Users\thoma\Documents\Cyber Crimes Tools\All mail Including Spam and Trash-002.mbox
^Date: .*(19|20|21|22|23|24|25|26) Apr 2024,"177425259:Date: Wed, 24 Apr 2024 12:02:26 +0000",C:\Users\thoma\Documents\Cyber Crimes Tools\All mail Including Spam and Trash-002.mbox
^Date: .*(19|20|21|22|23|24|25|26) Apr 2024,"177425950:Date: Wed, 24 Apr 2024 14:07:04 -0600",C:\Users\thoma\Documents\Cyber Crimes Tools\All mail Including Spam and Trash-002.mbox
^Date: .*(19|20|21|22|23|24|25|26) Apr 2024,"177426501:Date: Wed, 24 Apr 2024 12:50:02 -0700",C:\Users\thoma\Documents\Cyber Crimes Tools\All mail Including Spam and Trash-002.mbox
^Date: .*(19|20|21|22|23|24|25|26) Apr 2024,177426763:Date: 25 Apr 2024 03:01:41 -0400,C:\Users\thoma\Documents\Cyber Crimes Tools\All mail Including Spam and Trash-002.mbox
^Date: .*(19|20|21|22|23|24|25|26) Apr 2024,"177427011:Date: Wed, 24 Apr 2024 18:04:45 +0000",C:\Users\thoma\Documents\Cyber Crimes Tools\All mail Including Spam and Trash-002.mbox
^Date: .*(19|20|21|22|23|24|25|26) Apr 2024,"177427817:Date: Thu, 25 Apr 2024 12:29:33 +0000",C:\Users\thoma\Documents\Cyber Crimes Tools\All mail Including Spam and Trash-002.mbox
^Date: .*(19|20|21|22|23|24|25|26) Apr 2024,"177429491:Date: Thu, 25 Apr 2024 01:08:32 +0000 (UTC)",C:\Users\thoma\Documents\Cyber Crimes Tools\All mail Including Spam and Trash-002.mbox
^Date: .*(19|20|21|22|23|24|25|26) Apr 2024,"177431264:Date: Thu, 25 Apr 2024 20:14:57 -0500",C:\Users\thoma\Documents\Cyber Crimes Tools\All mail Including Spam and Trash-002.mbox
^Date: .*(19|20|21|22|23|24|25|26) Apr 2024,"177431690:Date: Tue, 23 Apr 2024 15:09:11 +0000",C:\Users\thoma\Documents\Cyber Crimes Tools\All mail Including Spam and Trash-002.mbox
^Date: .*(19|20|21|22|23|24|25|26) Apr 2024,"177434775:Date: Tue, 23 Apr 2024 12:36:27 -0600",C:\Users\thoma\Documents\Cyber Crimes Tools\All mail Including Spam and Trash-002.mbox
^Date: .*(19|20|21|22|23|24|25|26) Apr 2024,"177435675:Date: Tue, 23 Apr 2024 16:44:39 -0600",C:\Users\thoma\Documents\Cyber Crimes Tools\All mail Including Spam and Trash-002.mbox
^Date: .*(19|20|21|22|23|24|25|26) Apr 2024,"177436681:Date: Thu, 25 Apr 2024 15:06:00 +0000",C:\Users\thoma\Documents\Cyber Crimes Tools\All mail Including Spam and Trash-002.mbox
^Date: .*(19|20|21|22|23|24|25|26) Apr 2024,"177437330:Date: Thu, 25 Apr 2024 14:10:56 +0000 (UTC)",C:\Users\thoma\Documents\Cyber Crimes Tools\All mail Including Spam and Trash-002.mbox
^Date: .*(19|20|21|22|23|24|25|26) Apr 2024,"177440149:Date: Thu, 25 Apr 2024 15:55:31 +0000",C:\Users\thoma\Documents\Cyber Crimes Tools\All mail Including Spam and Trash-002.mbox
^Date: .*(19|20|21|22|23|24|25|26) Apr 2024,"177440352:Date: Tue, 23 Apr 2024 20:31:35 +0000 (UTC)",C:\Users\thoma\Documents\Cyber Crimes Tools\All mail Including Spam and Trash-002.mbox
^Date: .*(19|20|21|22|23|24|25|26) Apr 2024,"177441072:Date: Thu, 25 Apr 2024 12:19:23 +0000 (UTC)",C:\Users\thoma\Documents\Cyber Crimes Tools\All mail Including Spam and Trash-002.mbox
^Date: .*(19|20|21|22|23|24|25|26) Apr 2024,"177441708:Date: Thu, 25 Apr 2024 13:02:53 +0000",C:\Users\thoma\Documents\Cyber Crimes Tools\All mail Including Spam and Trash-002.mbox
^Date: .*(19|20|21|22|23|24|25|26) Apr 2024,"177443255:Date: Wed, 24 Apr 2024 17:05:46 -0400",C:\Users\thoma\Documents\Cyber Crimes Tools\All mail Including Spam and Trash-002.mbox
^Date: .*(19|20|21|22|23|24|25|26) Apr 2024,"177444167:Date: Wed, 24 Apr 2024 19:49:51 +0000",C:\Users\thoma\Documents\Cyber Crimes Tools\All mail Including Spam and Trash-002.mbox
^Date: .*(19|20|21|22|23|24|25|26) Apr 2024,"177445054:Date: Wed, 24 Apr 2024 15:44:57 -0400",C:\Users\thoma\Documents\Cyber Crimes Tools\All mail Including Spam and Trash-002.mbox
^Date: .*(19|20|21|22|23|24|25|26) Apr 2024,"177445169:Date: Tue, 23 Apr 2024 16:50:26 -0600",C:\Users\thoma\Documents\Cyber Crimes Tools\All mail Including Spam and Trash-002.mbox
^Date: .*(19|20|21|22|23|24|25|26) Apr 2024,"177445499:Date: Tue, 23 Apr 2024 10:19:53 -0600",C:\Users\thoma\Documents\Cyber Crimes Tools\All mail Including Spam and Trash-002.mbox
^Date: .*(19|20|21|22|23|24|25|26) Apr 2024,"177448327:Date: Tue, 23 Apr 2024 22:50:19 +0000",C:\Users\thoma\Documents\Cyber Crimes Tools\All mail Including Spam and Trash-002.mbox
^Date: .*(19|20|21|22|23|24|25|26) Apr 2024,"177448625:Date: Tue, 23 Apr 2024 19:29:50 +0000",C:\Users\thoma\Documents\Cyber Crimes Tools\All mail Including Spam and Trash-002.mbox
^Date: .*(19|20|21|22|23|24|25|26) Apr 2024,"177450396:Date: Tue, 23 Apr 2024 10:58:32 -0400 (EDT)",C:\Users\thoma\Documents\Cyber Crimes Tools\All mail Including Spam and Trash-002.mbox
^Date: .*(19|20|21|22|23|24|25|26) Apr 2024,177451024:Date: 23 Apr 2024 16:27:30 -0000,C:\Users\thoma\Documents\Cyber Crimes Tools\All mail Including Spam and Trash-002.mbox
^Date: .*(19|20|21|22|23|24|25|26) Apr 2024,177451422:Date: 24 Apr 2024 10:18:07 -0400,C:\Users\thoma\Documents\Cyber Crimes Tools\All mail Including Spam and Trash-002.mbox
^Date: .*(19|20|21|22|23|24|25|26) Apr 2024,"177451783:Date: Wed, 24 Apr 2024 11:18:36 +0000",C:\Users\thoma\Documents\Cyber Crimes Tools\All mail Including Spam and Trash-002.mbox
^Date: .*(19|20|21|22|23|24|25|26) Apr 2024,"177453694:Date: Wed, 24 Apr 2024 05:46:34 -0600",C:\Users\thoma\Documents\Cyber Crimes Tools\All mail Including Spam and Trash-002.mbox
^Date: .*(19|20|21|22|23|24|25|26) Apr 2024,"177454687:Date: Thu, 25 Apr 2024 07:22:26 -0500",C:\Users\thoma\Documents\Cyber Crimes Tools\All mail Including Spam and Trash-002.mbox
^Date: .*(19|20|21|22|23|24|25|26) Apr 2024,"177456476:Date: Thu, 25 Apr 2024 10:44:48 -0600",C:\Users\thoma\Documents\Cyber Crimes Tools\All mail Including Spam and Trash-002.mbox
^Date: .*(19|20|21|22|23|24|25|26) Apr 2024,"177457629:Date: Tue, 23 Apr 2024 21:05:23 +0000",C:\Users\thoma\Documents\Cyber Crimes Tools\All mail Including Spam and Trash-002.mbox
^Date: .*(19|20|21|22|23|24|25|26) Apr 2024,"177458497:Date: Wed, 24 Apr 2024 10:14:35 +0000 (UTC)",C:\Users\thoma\Documents\Cyber Crimes Tools\All mail Including Spam and Trash-002.mbox
^Date: .*(19|20|21|22|23|24|25|26) Apr 2024,"177460438:Date: Wed, 24 Apr 2024 13:24:19 -0600",C:\Users\thoma\Documents\Cyber Crimes Tools\All mail Including Spam and Trash-002.mbox
^Date: .*(19|20|21|22|23|24|25|26) Apr 2024,"177461728:Date: Wed, 24 Apr 2024 14:03:19 +0000 (UTC)",C:\Users\thoma\Documents\Cyber Crimes Tools\All mail Including Spam and Trash-002.mbox
^Date: .*(19|20|21|22|23|24|25|26) Apr 2024,"177463120:Date: Wed, 24 Apr 2024 13:48:20 +0000 (UTC)",C:\Users\thoma\Documents\Cyber Crimes Tools\All mail Including Spam and Trash-002.mbox
^Date: .*(19|20|21|22|23|24|25|26) Apr 2024,"177464501:Date: Tue, 23 Apr 2024 14:17:00 +0000",C:\Users\thoma\Documents\Cyber Crimes Tools\All mail Including Spam and Trash-002.mbox
^Date: .*(19|20|21|22|23|24|25|26) Apr 2024,"177465493:Date: Wed, 24 Apr 2024 17:44:28 +0000",C:\Users\thoma\Documents\Cyber Crimes Tools\All mail Including Spam and Trash-002.mbox
^Date: .*(19|20|21|22|23|24|25|26) Apr 2024,"177465864:Date: Fri, 26 Apr 2024 10:24:35 +0000 (UTC)",C:\Users\thoma\Documents\Cyber Crimes Tools\All mail Including Spam and Trash-002.mbox
^Date: .*(19|20|21|22|23|24|25|26) Apr 2024,"177467571:Date: Wed, 24 Apr 2024 13:37:10 +0000 (UTC)",C:\Users\thoma\Documents\Cyber Crimes Tools\All mail Including Spam and Trash-002.mbox
^Date: .*(19|20|21|22|23|24|25|26) Apr 2024,"177469774:Date: Tue, 23 Apr 2024 12:32:48 -0400",C:\Users\thoma\Documents\Cyber Crimes Tools\All mail Including Spam and Trash-002.mbox
^Date: .*(19|20|21|22|23|24|25|26) Apr 2024,"177470361:Date: Thu, 25 Apr 2024 10:05:43 -0600",C:\Users\thoma\Documents\Cyber Crimes Tools\All mail Including Spam and Trash-002.mbox
^Date: .*(19|20|21|22|23|24|25|26) Apr 2024,"177470901:Date: Wed, 24 Apr 2024 17:29:23 +0000",C:\Users\thoma\Documents\Cyber Crimes Tools\All mail Including Spam and Trash-002.mbox
^Date: .*(19|20|21|22|23|24|25|26) Apr 2024,"177471483:Date: Thu, 25 Apr 2024 17:20:29 +0000",C:\Users\thoma\Documents\Cyber Crimes Tools\All mail Including Spam and Trash-002.mbox
^Date: .*(19|20|21|22|23|24|25|26) Apr 2024,"177472020:Date: Wed, 24 Apr 2024 08:10:27 -0500 (CDT)",C:\Users\thoma\Documents\Cyber Crimes Tools\All mail Including Spam and Trash-002.mbox
^Date: .*(19|20|21|22|23|24|25|26) Apr 2024,"177476971:Date: Wed, 24 Apr 2024 15:27:09 -0400 (EDT)",C:\Users\thoma\Documents\Cyber Crimes Tools\All mail Including Spam and Trash-002.mbox
^Date: .*(19|20|21|22|23|24|25|26) Apr 2024,"177480673:Date: Tue, 23 Apr 2024 21:03:43 -0400",C:\Users\thoma\Documents\Cyber Crimes Tools\All mail Including Spam and Trash-002.mbox
^Date: .*(19|20|21|22|23|24|25|26) Apr 2024,"177481297:Date: Tue, 23 Apr 2024 12:49:02 -0700",C:\Users\thoma\Documents\Cyber Crimes Tools\All mail Including Spam and Trash-002.mbox
^Date: .*(19|20|21|22|23|24|25|26) Apr 2024,177481562:Date: 24 Apr 2024 01:01:35 -0000,C:\Users\thoma\Documents\Cyber Crimes Tools\All mail Including Spam and Trash-002.mbox
^Date: .*(19|20|21|22|23|24|25|26) Apr 2024,"177482249:Date: Fri, 26 Apr 2024 11:48:53 +0000 (UTC)",C:\Users\thoma\Documents\Cyber Crimes Tools\All mail Including Spam and Trash-002.mbox
^Date: .*(19|20|21|22|23|24|25|26) Apr 2024,"177482688:Date: Tue, 23 Apr 2024 07:04:38 -0700 (PDT)",C:\Users\thoma\Documents\Cyber Crimes Tools\All mail Including Spam and Trash-002.mbox
^Date: .*(19|20|21|22|23|24|25|26) Apr 2024,"177483890:Date: Wed, 24 Apr 2024 02:20:13 +0000",C:\Users\thoma\Documents\Cyber Crimes Tools\All mail Including Spam and Trash-002.mbox
^Date: .*(19|20|21|22|23|24|25|26) Apr 2024,"177485445:Date: Wed, 24 Apr 2024 09:16:11 -0400 (EDT)",C:\Users\thoma\Documents\Cyber Crimes Tools\All mail Including Spam and Trash-002.mbox
^Date: .*(19|20|21|22|23|24|25|26) Apr 2024,"177489838:Date: Fri, 26 Apr 2024 00:26:54 +0000 (UTC)",C:\Users\thoma\Documents\Cyber Crimes Tools\All mail Including Spam and Trash-002.mbox
^Date: .*(19|20|21|22|23|24|25|26) Apr 2024,177492541:Date: 23 Apr 2024 15:36:09 -0400,C:\Users\thoma\Documents\Cyber Crimes Tools\All mail Including Spam and Trash-002.mbox
^Date: .*(19|20|21|22|23|24|25|26) Apr 2024,"177492738:Date: Tue, 23 Apr 2024 09:09:47 +0000 (UTC)",C:\Users\thoma\Documents\Cyber Crimes Tools\All mail Including Spam and Trash-002.mbox
^Date: .*(19|20|21|22|23|24|25|26) Apr 2024,"177493704:Date: Wed, 24 Apr 2024 11:53:44 +0000",C:\Users\thoma\Documents\Cyber Crimes Tools\All mail Including Spam and Trash-002.mbox
^Date: .*(19|20|21|22|23|24|25|26) Apr 2024,"177494353:Date: Wed, 24 Apr 2024 01:40:22 +0000",C:\Users\thoma\Documents\Cyber Crimes Tools\All mail Including Spam and Trash-002.mbox
^Date: .*(19|20|21|22|23|24|25|26) Apr 2024,"177495164:Date: Tue, 23 Apr 2024 13:32:48 -0600",C:\Users\thoma\Documents\Cyber Crimes Tools\All mail Including Spam and Trash-002.mbox
^Date: .*(19|20|21|22|23|24|25|26) Apr 2024,"177496223:Date: Tue, 23 Apr 2024 12:39:59 +0530",C:\Users\thoma\Documents\Cyber Crimes Tools\All mail Including Spam and Trash-002.mbox
^Date: .*(19|20|21|22|23|24|25|26) Apr 2024,"177496556:Date: Wed, 24 Apr 2024 17:06:44 +0000",C:\Users\thoma\Documents\Cyber Crimes Tools\All mail Including Spam and Trash-002.mbox
^Date: .*(19|20|21|22|23|24|25|26) Apr 2024,"177498469:Date: Tue, 23 Apr 2024 09:05:54 +0000",C:\Users\thoma\Documents\Cyber Crimes Tools\All mail Including Spam and Trash-002.mbox
^Date: .*(19|20|21|22|23|24|25|26) Apr 2024,"177499029:Date: Wed, 24 Apr 2024 18:37:49 +1000",C:\Users\thoma\Documents\Cyber Crimes Tools\All mail Including Spam and Trash-002.mbox
^Date: .*(19|20|21|22|23|24|25|26) Apr 2024,177501746:Date: 26 Apr 2024 17:56:46 -0400,C:\Users\thoma\Documents\Cyber Crimes Tools\All mail Including Spam and Trash-002.mbox
^Date: .*(19|20|21|22|23|24|25|26) Apr 2024,177502773:Date: 23 Apr 2024 12:12:01 -0000,C:\Users\thoma\Documents\Cyber Crimes Tools\All mail Including Spam and Trash-002.mbox
^Date: .*(19|20|21|22|23|24|25|26) Apr 2024,"177503185:Date: Thu, 25 Apr 2024 17:21:05 +0000",C:\Users\thoma\Documents\Cyber Crimes Tools\All mail Including Spam and Trash-002.mbox
^Date: .*(19|20|21|22|23|24|25|26) Apr 2024,"177503434:Date: Thu, 25 Apr 2024 17:20:58 +0000",C:\Users\thoma\Documents\Cyber Crimes Tools\All mail Including Spam and Trash-002.mbox
^Date: .*(19|20|21|22|23|24|25|26) Apr 2024,"177504244:Date: Tue, 23 Apr 2024 22:05:10 +0000",C:\Users\thoma\Documents\Cyber Crimes Tools\All mail Including Spam and Trash-002.mbox
^Date: .*(19|20|21|22|23|24|25|26) Apr 2024,"177504895:Date: Wed, 24 Apr 2024 00:07:25 +0000",C:\Users\thoma\Documents\Cyber Crimes Tools\All mail Including Spam and Trash-002.mbox
^Date: .*(19|20|21|22|23|24|25|26) Apr 2024,"177505439:Date: Tue, 23 Apr 2024 00:20:07 -0400",C:\Users\thoma\Documents\Cyber Crimes Tools\All mail Including Spam and Trash-002.mbox
^Date: .*(19|20|21|22|23|24|25|26) Apr 2024,"177506051:Date: Tue, 23 Apr 2024 16:50:13 -0600",C:\Users\thoma\Documents\Cyber Crimes Tools\All mail Including Spam and Trash-002.mbox
^Date: .*(19|20|21|22|23|24|25|26) Apr 2024,"177506773:Date: Tue, 23 Apr 2024 17:02:54 +0000",C:\Users\thoma\Documents\Cyber Crimes Tools\All mail Including Spam and Trash-002.mbox
"^Date: .*Apr (19|20|21|22|23|24|25|26), 2024","174503872:Date: Thu, Apr 25, 2024 at 6:06=E2=80=AFPM",C:\Users\thoma\Documents\Cyber Crimes Tools\All mail Including Spam and Trash-002.mbox
"^Date: .*Apr (19|20|21|22|23|24|25|26), 2024","177858183:Date: Tue, Apr 23, 2024 at 3:14 PM",C:\Users\thoma\Documents\Cyber Crimes Tools\All mail Including Spam and Trash-002.mbox
