Term,MatchCount,SourceFile
FILE_5531.pdf,0,C:\Users\thoma\Documents\Cyber Crimes Tools\All mail Including Spam and Trash-002.mbox
HELO Payment Services LLC EIN.pdf,22,C:\Users\thoma\Documents\Cyber Crimes Tools\All mail Including Spam and Trash-002.mbox
HELO Payment Services,3934,C:\Users\thoma\Documents\Cyber Crimes Tools\All mail Including Spam and Trash-002.mbox
CP 575,0,C:\Users\thoma\Documents\Cyber Crimes Tools\All mail Including Spam and Trash-002.mbox
147C,9756,C:\Users\thoma\Documents\Cyber Crimes Tools\All mail Including Spam and Trash-002.mbox
EIN,968886,C:\Users\thoma\Documents\Cyber Crimes Tools\All mail Including Spam and Trash-002.mbox
Navy Federal,17726,C:\Users\thoma\Documents\Cyber Crimes Tools\All mail Including Spam and Trash-002.mbox
Virtue Capital,43,C:\Users\thoma\Documents\Cyber Crimes Tools\All mail Including Spam and Trash-002.mbox
DocuSign,7367,C:\Users\thoma\Documents\Cyber Crimes Tools\All mail Including Spam and Trash-002.mbox
LCF Group,18,C:\Users\thoma\Documents\Cyber Crimes Tools\All mail Including Spam and Trash-002.mbox
bank statement,1170,C:\Users\thoma\Documents\Cyber Crimes Tools\All mail Including Spam and Trash-002.mbox
Jonathan Braese,624,C:\Users\thoma\Documents\Cyber Crimes Tools\All mail Including Spam and Trash-002.mbox
Venmo,92405,C:\Users\thoma\Documents\Cyber Crimes Tools\All mail Including Spam and Trash-002.mbox
drive.google.com,2916,C:\Users\thoma\Documents\Cyber Crimes Tools\All mail Including Spam and Trash-002.mbox
docs.google.com,7265,C:\Users\thoma\Documents\Cyber Crimes Tools\All mail Including Spam and Trash-002.mbox
keeganhurd@gmail.com,2895123,C:\Users\thoma\Documents\Cyber Crimes Tools\All mail Including Spam and Trash-002.mbox
