SourceZip,SourceZipFilename,EntryPath,ExtractedPath,MatchedTerms,April19_26_2024Mention,Snippet
C:\Users\thoma\Documents\Cyber Crimes Tools\Takeout Zips\takeout-20260602T071913Z-7-028.zip,takeout-20260602T071913Z-7-028.zip,Takeout/Google Photos/Photos from 2013/Elijah_s first steps (8) Summer 2010.MOV.suppl.json,C:\Users\thoma\Documents\Cyber Crimes Tools\Takeout Extracted\Takeout\Google Photos\Photos from 2013\Elijah_s first steps (8) Summer 2010.MOV.suppl.json,IRS; Elijah,No,"Elijah_s first steps (8) Summer 2010.MOV.suppl.json Takeout/Google Photos/Photos from 2013/Elijah_s first steps (8) Summer 2010.MOV.suppl.json { ""title"": ""Elijah's first steps (8) Summer 2010.MOV"", ""description"": """", ""imageViews"": ""11"", ""creationTime"": { ""timestamp"": ""1377503237"", ""formatted"": ""Aug 26, 2013, 7:47:17 AM UTC"" }, ""photoTakenTime"": { ""timestamp"": ""1362105630"", ""formatted"": ""Mar 1, 2013, 2:40:30 AM UTC"" }, ""geoData"": { ""latitude"": 0.0, ""longitude"": 0.0, ""altitude"": 0.0, ""latitudeSpa..."
C:\Users\thoma\Documents\Cyber Crimes Tools\Takeout Zips\takeout-20260602T071913Z-7-028.zip,takeout-20260602T071913Z-7-028.zip,"Takeout/Google Photos/Keegan, Robin/20210514_082914.mp4.supplemental-metadata.json","C:\Users\thoma\Documents\Cyber Crimes Tools\Takeout Extracted\Takeout\Google Photos\Keegan, Robin\20210514_082914.mp4.supplemental-metadata.json",Robin,No,"20210514_082914.mp4.supplemental-metadata.json Takeout/Google Photos/Keegan, Robin/20210514_082914.mp4.supplemental-metadata.json { ""title"": ""20210514_082914.mp4"", ""description"": """", ""imageViews"": ""24"", ""creationTime"": { ""timestamp"": ""1621169228"", ""formatted"": ""May 16, 2021, 12:47:08 PM UTC"" }, ""photoTakenTime"": { ""timestamp"": ""1620995626"", ""formatted"": ""May 14, 2021, 12:33:46 PM UTC"" }, ""geoData"": { ""latitude"": 29.279999999999998, ""longitude"": -81.0807, ""altitude"": 0.0, ""latitudeSpan"": 0.0, ""l..."
C:\Users\thoma\Documents\Cyber Crimes Tools\Takeout Zips\takeout-20260602T071913Z-7-029.zip,takeout-20260602T071913Z-7-029.zip,Takeout/Google Photos/Photos from 2013/Nicolle Micah Elijah BW 10x8.jpg.supplemental-.json,C:\Users\thoma\Documents\Cyber Crimes Tools\Takeout Extracted\Takeout\Google Photos\Photos from 2013\Nicolle Micah Elijah BW 10x8.jpg.supplemental-.json,Elijah,No,"Nicolle Micah Elijah BW 10x8.jpg.supplemental-.json Takeout/Google Photos/Photos from 2013/Nicolle Micah Elijah BW 10x8.jpg.supplemental-.json { ""title"": ""Nicolle Micah Elijah BW 10x8.jpg"", ""description"": """", ""imageViews"": ""48"", ""creationTime"": { ""timestamp"": ""1390546332"", ""formatted"": ""Jan 24, 2014, 6:52:12 AM UTC"" }, ""photoTakenTime"": { ""timestamp"": ""1362307545"", ""formatted"": ""Mar 3, 2013, 10:45:45 AM UTC"" }, ""geoData"": { ""latitude"": 0.0, ""longitude"": 0.0, ""altitude"": 0.0, ""latitudeSpan"": 0.0..."
C:\Users\thoma\Documents\Cyber Crimes Tools\Takeout Zips\takeout-20260602T071913Z-7-029.zip,takeout-20260602T071913Z-7-029.zip,Takeout/Google Photos/Photos from 2025/IMG_3941.JPG.supplemental-metadata.json,C:\Users\thoma\Documents\Cyber Crimes Tools\Takeout Extracted\Takeout\Google Photos\Photos from 2025\IMG_3941.JPG.supplemental-metadata.json,Mom,No,"IMG_3941.JPG.supplemental-metadata.json Takeout/Google Photos/Photos from 2025/IMG_3941.JPG.supplemental-metadata.json { ""title"": ""IMG_3941.JPG"", ""description"": """", ""imageViews"": ""0"", ""creationTime"": { ""timestamp"": ""1769542123"", ""formatted"": ""Jan 27, 2026, 7:28:43 PM UTC"" }, ""photoTakenTime"": { ""timestamp"": ""1754860670"", ""formatted"": ""Aug 10, 2025, 9:17:50 PM UTC"" }, ""geoData"": { ""latitude"": 29.1109361, ""longitude"": -81.0360333, ""altitude"": 9.936244962628733, ""latitudeSpan"": 0.0, ""longitudeSpan..."
C:\Users\thoma\Documents\Cyber Crimes Tools\Takeout Zips\takeout-20260602T071913Z-7-032.zip,takeout-20260602T071913Z-7-032.zip,"Takeout/Google Photos/Keegan, Robin/IMG_20170201_162634.jpg.supplemental-metadata.json","C:\Users\thoma\Documents\Cyber Crimes Tools\Takeout Extracted\Takeout\Google Photos\Keegan, Robin\IMG_20170201_162634.jpg.supplemental-metadata.json",Robin,No,"IMG_20170201_162634.jpg.supplemental-metadata.json Takeout/Google Photos/Keegan, Robin/IMG_20170201_162634.jpg.supplemental-metadata.json { ""title"": ""IMG_20170201_162634.jpg"", ""description"": """", ""imageViews"": ""10"", ""creationTime"": { ""timestamp"": ""1608659401"", ""formatted"": ""Dec 22, 2020, 5:50:01 PM UTC"" }, ""photoTakenTime"": { ""timestamp"": ""1485984396"", ""formatted"": ""Feb 1, 2017, 9:26:36 PM UTC"" }, ""geoData"": { ""latitude"": 29.099399999999996, ""longitude"": -80.9864056, ""altitude"": -30.0, ""latitude..."
C:\Users\thoma\Documents\Cyber Crimes Tools\Takeout Zips\takeout-20260602T071913Z-7-032.zip,takeout-20260602T071913Z-7-032.zip,"Takeout/Google Photos/Keegan, Robin/IMG_20151213_191726.jpg.supplemental-metadata.json","C:\Users\thoma\Documents\Cyber Crimes Tools\Takeout Extracted\Takeout\Google Photos\Keegan, Robin\IMG_20151213_191726.jpg.supplemental-metadata.json",Robin,No,"IMG_20151213_191726.jpg.supplemental-metadata.json Takeout/Google Photos/Keegan, Robin/IMG_20151213_191726.jpg.supplemental-metadata.json { ""title"": ""IMG_20151213_191726.jpg"", ""description"": """", ""imageViews"": ""17"", ""creationTime"": { ""timestamp"": ""1608659401"", ""formatted"": ""Dec 22, 2020, 5:50:01 PM UTC"" }, ""photoTakenTime"": { ""timestamp"": ""1450052245"", ""formatted"": ""Dec 14, 2015, 12:17:25 AM UTC"" }, ""geoData"": { ""latitude"": 29.099752799999997, ""longitude"": -80.9865889, ""altitude"": -31.0, ""latitu..."
C:\Users\thoma\Documents\Cyber Crimes Tools\Takeout Zips\takeout-20260602T071913Z-7-032.zip,takeout-20260602T071913Z-7-032.zip,"Takeout/Google Photos/Keegan, Robin/1129171048.jpg.supplemental-metadata.json","C:\Users\thoma\Documents\Cyber Crimes Tools\Takeout Extracted\Takeout\Google Photos\Keegan, Robin\1129171048.jpg.supplemental-metadata.json",Robin,No,"1129171048.jpg.supplemental-metadata.json Takeout/Google Photos/Keegan, Robin/1129171048.jpg.supplemental-metadata.json { ""title"": ""1129171048.jpg"", ""description"": """", ""imageViews"": ""14"", ""creationTime"": { ""timestamp"": ""1608659401"", ""formatted"": ""Dec 22, 2020, 5:50:01 PM UTC"" }, ""photoTakenTime"": { ""timestamp"": ""1511970517"", ""formatted"": ""Nov 29, 2017, 3:48:37 PM UTC"" }, ""geoData"": { ""latitude"": 29.0805347, ""longitude"": -81.0252158, ""altitude"": 0.0, ""latitudeSpan"": 0.0, ""longitudeSpan"": 0.0 },..."
C:\Users\thoma\Documents\Cyber Crimes Tools\Takeout Zips\takeout-20260602T071913Z-7-032.zip,takeout-20260602T071913Z-7-032.zip,"Takeout/Google Photos/Keegan, Robin/IMG_20151128_092508.jpg.supplemental-metadata.json","C:\Users\thoma\Documents\Cyber Crimes Tools\Takeout Extracted\Takeout\Google Photos\Keegan, Robin\IMG_20151128_092508.jpg.supplemental-metadata.json",Robin,No,"IMG_20151128_092508.jpg.supplemental-metadata.json Takeout/Google Photos/Keegan, Robin/IMG_20151128_092508.jpg.supplemental-metadata.json { ""title"": ""IMG_20151128_092508.jpg"", ""description"": """", ""imageViews"": ""11"", ""creationTime"": { ""timestamp"": ""1608659401"", ""formatted"": ""Dec 22, 2020, 5:50:01 PM UTC"" }, ""photoTakenTime"": { ""timestamp"": ""1448720709"", ""formatted"": ""Nov 28, 2015, 2:25:09 PM UTC"" }, ""geoData"": { ""latitude"": 29.099963899999995, ""longitude"": -80.98765829999999, ""altitude"": 0.0, ""la..."
C:\Users\thoma\Documents\Cyber Crimes Tools\Takeout Zips\takeout-20260602T071913Z-7-032.zip,takeout-20260602T071913Z-7-032.zip,"Takeout/Google Photos/Keegan, Robin/20210514_115038.mp4.supplemental-metadata.json","C:\Users\thoma\Documents\Cyber Crimes Tools\Takeout Extracted\Takeout\Google Photos\Keegan, Robin\20210514_115038.mp4.supplemental-metadata.json",Robin,No,"20210514_115038.mp4.supplemental-metadata.json Takeout/Google Photos/Keegan, Robin/20210514_115038.mp4.supplemental-metadata.json { ""title"": ""20210514_115038.mp4"", ""description"": """", ""imageViews"": ""22"", ""creationTime"": { ""timestamp"": ""1621169228"", ""formatted"": ""May 16, 2021, 12:47:08 PM UTC"" }, ""photoTakenTime"": { ""timestamp"": ""1621007639"", ""formatted"": ""May 14, 2021, 3:53:59 PM UTC"" }, ""geoData"": { ""latitude"": 29.279799999999994, ""longitude"": -81.0805, ""altitude"": 0.0, ""latitudeSpan"": 0.0, ""lo..."
C:\Users\thoma\Documents\Cyber Crimes Tools\Takeout Zips\takeout-20260602T071913Z-7-032.zip,takeout-20260602T071913Z-7-032.zip,"Takeout/Google Photos/Keegan, Robin/IMG_20150623_155532.jpg.supplemental-metadata.json","C:\Users\thoma\Documents\Cyber Crimes Tools\Takeout Extracted\Takeout\Google Photos\Keegan, Robin\IMG_20150623_155532.jpg.supplemental-metadata.json",Robin,No,"IMG_20150623_155532.jpg.supplemental-metadata.json Takeout/Google Photos/Keegan, Robin/IMG_20150623_155532.jpg.supplemental-metadata.json { ""title"": ""IMG_20150623_155532.jpg"", ""description"": """", ""imageViews"": ""10"", ""creationTime"": { ""timestamp"": ""1608659401"", ""formatted"": ""Dec 22, 2020, 5:50:01 PM UTC"" }, ""photoTakenTime"": { ""timestamp"": ""1435089333"", ""formatted"": ""Jun 23, 2015, 7:55:33 PM UTC"" }, ""geoData"": { ""latitude"": 29.224895200000002, ""longitude"": -81.0071134, ""altitude"": -0.0, ""latitude..."
C:\Users\thoma\Documents\Cyber Crimes Tools\Takeout Zips\takeout-20260602T071913Z-7-032.zip,takeout-20260602T071913Z-7-032.zip,"Takeout/Google Photos/Keegan, Robin/metadata.json","C:\Users\thoma\Documents\Cyber Crimes Tools\Takeout Extracted\Takeout\Google Photos\Keegan, Robin\metadata.json",EIN; Robin; Mom,No,"metadata.json Takeout/Google Photos/Keegan, Robin/metadata.json { ""title"": """", ""sharedAlbumComments"": [{ ""creationTime"": { ""timestamp"": ""1682024394"", ""formatted"": ""Apr 20, 2023, 8:59:54 PM UTC"" }, ""contentOwnerName"": ""Robin Hurd"", ""liked"": true }, { ""text"": ""o videos"", ""creationTime"": { ""timestamp"": ""1682024392"", ""formatted"": ""Apr 20, 2023, 8:59:52 PM UTC"" }, ""contentOwnerName"": ""Robin Hurd"" }, { ""text"": ""Dad!I!won't!to!char!a!vat eos!with!pyou!"", ""creationTime"": { ""timestamp"": ""1682024389"", ""f..."
C:\Users\thoma\Documents\Cyber Crimes Tools\Takeout Zips\takeout-20260602T071913Z-7-032.zip,takeout-20260602T071913Z-7-032.zip,"Takeout/Google Photos/Keegan, Robin/IMG_20160630_194558.jpg.supplemental-metadata.json","C:\Users\thoma\Documents\Cyber Crimes Tools\Takeout Extracted\Takeout\Google Photos\Keegan, Robin\IMG_20160630_194558.jpg.supplemental-metadata.json",Robin,No,"IMG_20160630_194558.jpg.supplemental-metadata.json Takeout/Google Photos/Keegan, Robin/IMG_20160630_194558.jpg.supplemental-metadata.json { ""title"": ""IMG_20160630_194558.jpg"", ""description"": """", ""imageViews"": ""16"", ""creationTime"": { ""timestamp"": ""1608659401"", ""formatted"": ""Dec 22, 2020, 5:50:01 PM UTC"" }, ""photoTakenTime"": { ""timestamp"": ""1467330359"", ""formatted"": ""Jun 30, 2016, 11:45:59 PM UTC"" }, ""geoData"": { ""latitude"": 29.0997, ""longitude"": -80.9866333, ""altitude"": -79.0, ""latitudeSpan"": 0...."
C:\Users\thoma\Documents\Cyber Crimes Tools\Takeout Zips\takeout-20260602T071913Z-7-032.zip,takeout-20260602T071913Z-7-032.zip,Takeout/Google Photos/Photos from 2014/ElijahEzraLoadingStickRedJeep.MOV.supplemental.json,C:\Users\thoma\Documents\Cyber Crimes Tools\Takeout Extracted\Takeout\Google Photos\Photos from 2014\ElijahEzraLoadingStickRedJeep.MOV.supplemental.json,Elijah,No,"ElijahEzraLoadingStickRedJeep.MOV.supplemental.json Takeout/Google Photos/Photos from 2014/ElijahEzraLoadingStickRedJeep.MOV.supplemental.json { ""title"": ""ElijahEzraLoadingStickRedJeep.MOV"", ""description"": """", ""imageViews"": ""1"", ""creationTime"": { ""timestamp"": ""1470368131"", ""formatted"": ""Aug 5, 2016, 3:35:31 AM UTC"" }, ""photoTakenTime"": { ""timestamp"": ""1416746382"", ""formatted"": ""Nov 23, 2014, 12:39:42 PM UTC"" }, ""geoData"": { ""latitude"": 0.0, ""longitude"": 0.0, ""altitude"": 0.0, ""latitudeSpan"": 0.0..."
C:\Users\thoma\Documents\Cyber Crimes Tools\Takeout Zips\takeout-20260602T071913Z-7-032.zip,takeout-20260602T071913Z-7-032.zip,Takeout/Google Photos/Photos from 2014/ElijahEzraLoadingStickRedJeep.MOV.supplemental(1).json,C:\Users\thoma\Documents\Cyber Crimes Tools\Takeout Extracted\Takeout\Google Photos\Photos from 2014\ElijahEzraLoadingStickRedJeep.MOV.supplemental(1).json,Elijah,No,"ElijahEzraLoadingStickRedJeep.MOV.supplemental(1).json Takeout/Google Photos/Photos from 2014/ElijahEzraLoadingStickRedJeep.MOV.supplemental(1).json { ""title"": ""ElijahEzraLoadingStickRedJeep.MOV"", ""description"": """", ""imageViews"": ""3"", ""creationTime"": { ""timestamp"": ""1470371943"", ""formatted"": ""Aug 5, 2016, 4:39:03 AM UTC"" }, ""photoTakenTime"": { ""timestamp"": ""1416746382"", ""formatted"": ""Nov 23, 2014, 12:39:42 PM UTC"" }, ""geoData"": { ""latitude"": 0.0, ""longitude"": 0.0, ""altitude"": 0.0, ""latitudeSpan..."
C:\Users\thoma\Documents\Cyber Crimes Tools\Takeout Zips\takeout-20260602T071913Z-7-032.zip,takeout-20260602T071913Z-7-032.zip,Takeout/Google Photos/Keegan and Robin_s Wedding Teaser/metadata.json,C:\Users\thoma\Documents\Cyber Crimes Tools\Takeout Extracted\Takeout\Google Photos\Keegan and Robin_s Wedding Teaser\metadata.json,Robin,No,"metadata.json Takeout/Google Photos/Keegan and Robin_s Wedding Teaser/metadata.json { ""title"": ""Keegan and Robin's Wedding Teaser"", ""description"": ""June 23rd, 2008 @ 6am!"", ""access"": ""public"", ""date"": { ""timestamp"": ""1216882800"", ""formatted"": ""Jul 24, 2008, 7:00:00 AM UTC"" } }"
C:\Users\thoma\Documents\Cyber Crimes Tools\Takeout Zips\takeout-20260602T071913Z-7-036.zip,takeout-20260602T071913Z-7-036.zip,Takeout/Google Photos/Robin_s Phone Photos/1212171927a.jpg,C:\Users\thoma\Documents\Cyber Crimes Tools\Takeout Extracted\Takeout\Google Photos\Robin_s Phone Photos\1212171927a.jpg,Robin,No,1212171927a.jpg Takeout/Google Photos/Robin_s Phone Photos/1212171927a.jpg
C:\Users\thoma\Documents\Cyber Crimes Tools\Takeout Zips\takeout-20260602T071913Z-7-037.zip,takeout-20260602T071913Z-7-037.zip,Takeout/Google Photos/Photos from 2013/20130521_091049.jpg.supplemental-metadata.json,C:\Users\thoma\Documents\Cyber Crimes Tools\Takeout Extracted\Takeout\Google Photos\Photos from 2013\20130521_091049.jpg.supplemental-metadata.json,EIN,No,"20130521_091049.jpg.supplemental-metadata.json Takeout/Google Photos/Photos from 2013/20130521_091049.jpg.supplemental-metadata.json { ""title"": ""20130521_091049.jpg"", ""description"": """", ""imageViews"": ""102"", ""creationTime"": { ""timestamp"": ""1386270135"", ""formatted"": ""Dec 5, 2013, 7:02:15 PM UTC"" }, ""photoTakenTime"": { ""timestamp"": ""1369141848"", ""formatted"": ""May 21, 2013, 1:10:48 PM UTC"" }, ""geoData"": { ""latitude"": 0.0, ""longitude"": 0.0, ""altitude"": 0.0, ""latitudeSpan"": 0.0, ""longitudeSpan"": 0.0..."
C:\Users\thoma\Documents\Cyber Crimes Tools\Takeout Zips\takeout-20260602T071913Z-7-037.zip,takeout-20260602T071913Z-7-037.zip,Takeout/Google Photos/Photos from 2013/Nicolle Micah Elijah BW 10x8-edited.jpg,C:\Users\thoma\Documents\Cyber Crimes Tools\Takeout Extracted\Takeout\Google Photos\Photos from 2013\Nicolle Micah Elijah BW 10x8-edited.jpg,Elijah,No,Nicolle Micah Elijah BW 10x8-edited.jpg Takeout/Google Photos/Photos from 2013/Nicolle Micah Elijah BW 10x8-edited.jpg
C:\Users\thoma\Documents\Cyber Crimes Tools\Takeout Zips\takeout-20260602T071913Z-7-038.zip,takeout-20260602T071913Z-7-038.zip,Takeout/Google Photos/Photos from 2013/Nicolle Micah Elijah BW 10x8.jpg,C:\Users\thoma\Documents\Cyber Crimes Tools\Takeout Extracted\Takeout\Google Photos\Photos from 2013\Nicolle Micah Elijah BW 10x8.jpg,Elijah,No,Nicolle Micah Elijah BW 10x8.jpg Takeout/Google Photos/Photos from 2013/Nicolle Micah Elijah BW 10x8.jpg
C:\Users\thoma\Documents\Cyber Crimes Tools\Takeout Zips\takeout-20260602T071913Z-7-038.zip,takeout-20260602T071913Z-7-038.zip,Takeout/Google Photos/Photos from 2013/Keegan Elijah Square 11p25.jpg,C:\Users\thoma\Documents\Cyber Crimes Tools\Takeout Extracted\Takeout\Google Photos\Photos from 2013\Keegan Elijah Square 11p25.jpg,Elijah,No,Keegan Elijah Square 11p25.jpg Takeout/Google Photos/Photos from 2013/Keegan Elijah Square 11p25.jpg
C:\Users\thoma\Documents\Cyber Crimes Tools\Takeout Zips\takeout-20260602T071913Z-7-038.zip,takeout-20260602T071913Z-7-038.zip,Takeout/Google Photos/Photos from 2013/Keegan Elijah Square 11p25.jpg.supplemental-me.json,C:\Users\thoma\Documents\Cyber Crimes Tools\Takeout Extracted\Takeout\Google Photos\Photos from 2013\Keegan Elijah Square 11p25.jpg.supplemental-me.json,Elijah,No,"Keegan Elijah Square 11p25.jpg.supplemental-me.json Takeout/Google Photos/Photos from 2013/Keegan Elijah Square 11p25.jpg.supplemental-me.json { ""title"": ""Keegan Elijah Square 11p25.jpg"", ""description"": """", ""imageViews"": ""56"", ""creationTime"": { ""timestamp"": ""1390546338"", ""formatted"": ""Jan 24, 2014, 6:52:18 AM UTC"" }, ""photoTakenTime"": { ""timestamp"": ""1362307532"", ""formatted"": ""Mar 3, 2013, 10:45:32 AM UTC"" }, ""geoData"": { ""latitude"": 0.0, ""longitude"": 0.0, ""altitude"": 0.0, ""latitudeSpan"": 0.0,..."
C:\Users\thoma\Documents\Cyber Crimes Tools\Takeout Zips\takeout-20260602T071913Z-7-038.zip,takeout-20260602T071913Z-7-038.zip,Takeout/Google Photos/Photos from 2026/IMG_4415.JPG.supplemental-metadata.json,C:\Users\thoma\Documents\Cyber Crimes Tools\Takeout Extracted\Takeout\Google Photos\Photos from 2026\IMG_4415.JPG.supplemental-metadata.json,Mom,No,"IMG_4415.JPG.supplemental-metadata.json Takeout/Google Photos/Photos from 2026/IMG_4415.JPG.supplemental-metadata.json { ""title"": ""IMG_4415.JPG"", ""description"": """", ""imageViews"": ""0"", ""creationTime"": { ""timestamp"": ""1778996609"", ""formatted"": ""May 17, 2026, 5:43:29 AM UTC"" }, ""photoTakenTime"": { ""timestamp"": ""1767539101"", ""formatted"": ""Jan 4, 2026, 3:05:01 PM UTC"" }, ""geoData"": { ""latitude"": 29.101808300000002, ""longitude"": -80.99639719999999, ""altitude"": 4.421159744317367, ""latitudeSpan"": 0.0,..."
C:\Users\thoma\Documents\Cyber Crimes Tools\Takeout Zips\takeout-20260602T071913Z-7-039.zip,takeout-20260602T071913Z-7-039.zip,Takeout/Google Photos/Photos from 2013/Elijah_s 2nd B-Day at the Zoo- (17).MOV.supple.json,C:\Users\thoma\Documents\Cyber Crimes Tools\Takeout Extracted\Takeout\Google Photos\Photos from 2013\Elijah_s 2nd B-Day at the Zoo- (17).MOV.supple.json,Elijah,No,"Elijah_s 2nd B-Day at the Zoo- (17).MOV.supple.json Takeout/Google Photos/Photos from 2013/Elijah_s 2nd B-Day at the Zoo- (17).MOV.supple.json { ""title"": ""Elijah's 2nd B-Day at the Zoo- (17).MOV"", ""description"": """", ""imageViews"": ""7"", ""creationTime"": { ""timestamp"": ""1377501201"", ""formatted"": ""Aug 26, 2013, 7:13:21 AM UTC"" }, ""photoTakenTime"": { ""timestamp"": ""1362157779"", ""formatted"": ""Mar 1, 2013, 5:09:39 PM UTC"" }, ""geoData"": { ""latitude"": 0.0, ""longitude"": 0.0, ""altitude"": 0.0, ""latitudeSpan""..."
C:\Users\thoma\Documents\Cyber Crimes Tools\Takeout Zips\takeout-20260602T071913Z-7-039.zip,takeout-20260602T071913Z-7-039.zip,Takeout/Google Photos/Photos from 2013/Elijah and Michah playing-Nov 2010.MOV.supplem.json,C:\Users\thoma\Documents\Cyber Crimes Tools\Takeout Extracted\Takeout\Google Photos\Photos from 2013\Elijah and Michah playing-Nov 2010.MOV.supplem.json,Elijah,No,"Elijah and Michah playing-Nov 2010.MOV.supplem.json Takeout/Google Photos/Photos from 2013/Elijah and Michah playing-Nov 2010.MOV.supplem.json { ""title"": ""Elijah and Michah playing-Nov 2010.MOV"", ""description"": """", ""imageViews"": ""22"", ""creationTime"": { ""timestamp"": ""1377499100"", ""formatted"": ""Aug 26, 2013, 6:38:20 AM UTC"" }, ""photoTakenTime"": { ""timestamp"": ""1362150993"", ""formatted"": ""Mar 1, 2013, 3:16:33 PM UTC"" }, ""geoData"": { ""latitude"": 0.0, ""longitude"": 0.0, ""altitude"": 0.0, ""latitudeSpan""..."
C:\Users\thoma\Documents\Cyber Crimes Tools\Takeout Zips\takeout-20260602T071913Z-7-039.zip,takeout-20260602T071913Z-7-039.zip,Takeout/Google Photos/Photos from 2013/Elijah_s 2nd B-Day at the Zoo- (4).MOV.supplem.json,C:\Users\thoma\Documents\Cyber Crimes Tools\Takeout Extracted\Takeout\Google Photos\Photos from 2013\Elijah_s 2nd B-Day at the Zoo- (4).MOV.supplem.json,Elijah,No,"Elijah_s 2nd B-Day at the Zoo- (4).MOV.supplem.json Takeout/Google Photos/Photos from 2013/Elijah_s 2nd B-Day at the Zoo- (4).MOV.supplem.json { ""title"": ""Elijah's 2nd B-Day at the Zoo- (4).MOV"", ""description"": """", ""imageViews"": ""17"", ""creationTime"": { ""timestamp"": ""1377497558"", ""formatted"": ""Aug 26, 2013, 6:12:38 AM UTC"" }, ""photoTakenTime"": { ""timestamp"": ""1362158849"", ""formatted"": ""Mar 1, 2013, 5:27:29 PM UTC"" }, ""geoData"": { ""latitude"": 0.0, ""longitude"": 0.0, ""altitude"": 0.0, ""latitudeSpan""..."
C:\Users\thoma\Documents\Cyber Crimes Tools\Takeout Zips\takeout-20260602T071913Z-7-040.zip,takeout-20260602T071913Z-7-040.zip,Takeout/Google Photos/Photos from 2013/Elijah and Michah playing-Nov 2010.MOV,C:\Users\thoma\Documents\Cyber Crimes Tools\Takeout Extracted\Takeout\Google Photos\Photos from 2013\Elijah and Michah playing-Nov 2010.MOV,Elijah,No,Elijah and Michah playing-Nov 2010.MOV Takeout/Google Photos/Photos from 2013/Elijah and Michah playing-Nov 2010.MOV
C:\Users\thoma\Documents\Cyber Crimes Tools\Takeout Zips\takeout-20260602T071913Z-7-040.zip,takeout-20260602T071913Z-7-040.zip,Takeout/Google Photos/Photos from 2013/Elijah_s 2nd B-Day at the Zoo- (17).MOV,C:\Users\thoma\Documents\Cyber Crimes Tools\Takeout Extracted\Takeout\Google Photos\Photos from 2013\Elijah_s 2nd B-Day at the Zoo- (17).MOV,Elijah,No,Elijah_s 2nd B-Day at the Zoo- (17).MOV Takeout/Google Photos/Photos from 2013/Elijah_s 2nd B-Day at the Zoo- (17).MOV
C:\Users\thoma\Documents\Cyber Crimes Tools\Takeout Zips\takeout-20260602T071913Z-7-040.zip,takeout-20260602T071913Z-7-040.zip,Takeout/Google Photos/Photos from 2013/Elijah_s 2nd B-Day at the Zoo- (4).MOV,C:\Users\thoma\Documents\Cyber Crimes Tools\Takeout Extracted\Takeout\Google Photos\Photos from 2013\Elijah_s 2nd B-Day at the Zoo- (4).MOV,Elijah,No,Elijah_s 2nd B-Day at the Zoo- (4).MOV Takeout/Google Photos/Photos from 2013/Elijah_s 2nd B-Day at the Zoo- (4).MOV
C:\Users\thoma\Documents\Cyber Crimes Tools\Takeout Zips\takeout-20260602T071913Z-7-040.zip,takeout-20260602T071913Z-7-040.zip,Takeout/Google Photos/Photos from 2013/Keegan Elijah Square 11p25-edited.jpg,C:\Users\thoma\Documents\Cyber Crimes Tools\Takeout Extracted\Takeout\Google Photos\Photos from 2013\Keegan Elijah Square 11p25-edited.jpg,Elijah,No,Keegan Elijah Square 11p25-edited.jpg Takeout/Google Photos/Photos from 2013/Keegan Elijah Square 11p25-edited.jpg
C:\Users\thoma\Documents\Cyber Crimes Tools\Takeout Zips\takeout-20260602T071913Z-7-040.zip,takeout-20260602T071913Z-7-040.zip,Takeout/Google Photos/Photos from 2013/Elijah_s first steps (8) Summer 2010.MOV,C:\Users\thoma\Documents\Cyber Crimes Tools\Takeout Extracted\Takeout\Google Photos\Photos from 2013\Elijah_s first steps (8) Summer 2010.MOV,IRS; Elijah,No,Elijah_s first steps (8) Summer 2010.MOV Takeout/Google Photos/Photos from 2013/Elijah_s first steps (8) Summer 2010.MOV
C:\Users\thoma\Documents\Cyber Crimes Tools\Takeout Zips\takeout-20260602T071913Z-7-040.zip,takeout-20260602T071913Z-7-040.zip,Takeout/Google Photos/Photos from 2026/IMG_20260331_103435.jpg.supplemental-metadata.json,C:\Users\thoma\Documents\Cyber Crimes Tools\Takeout Extracted\Takeout\Google Photos\Photos from 2026\IMG_20260331_103435.jpg.supplemental-metadata.json,Mom,No,"IMG_20260331_103435.jpg.supplemental-metadata.json Takeout/Google Photos/Photos from 2026/IMG_20260331_103435.jpg.supplemental-metadata.json { ""title"": ""IMG_20260331_103435.jpg"", ""description"": """", ""imageViews"": ""0"", ""creationTime"": { ""timestamp"": ""1774967692"", ""formatted"": ""Mar 31, 2026, 2:34:52 PM UTC"" }, ""photoTakenTime"": { ""timestamp"": ""1774967674"", ""formatted"": ""Mar 31, 2026, 2:34:34 PM UTC"" }, ""geoData"": { ""latitude"": 0.0, ""longitude"": 0.0, ""altitude"": 0.0, ""latitudeSpan"": 0.0, ""longitude..."
C:\Users\thoma\Documents\Cyber Crimes Tools\Takeout Zips\takeout-20260602T071913Z-7-040.zip,takeout-20260602T071913Z-7-040.zip,Takeout/Google Photos/Photos from 2026/IMG_4552.JPG.supplemental-metadata.json,C:\Users\thoma\Documents\Cyber Crimes Tools\Takeout Extracted\Takeout\Google Photos\Photos from 2026\IMG_4552.JPG.supplemental-metadata.json,IRS,No,"IMG_4552.JPG.supplemental-metadata.json Takeout/Google Photos/Photos from 2026/IMG_4552.JPG.supplemental-metadata.json { ""title"": ""IMG_4552.JPG"", ""description"": """", ""imageViews"": ""0"", ""creationTime"": { ""timestamp"": ""1778996509"", ""formatted"": ""May 17, 2026, 5:41:49 AM UTC"" }, ""photoTakenTime"": { ""timestamp"": ""1774105898"", ""formatted"": ""Mar 21, 2026, 3:11:38 PM UTC"" }, ""geoData"": { ""latitude"": 29.101775, ""longitude"": -80.9963528, ""altitude"": -4.177707676130389, ""latitudeSpan"": 0.0, ""longitudeSpan..."
C:\Users\thoma\Documents\Cyber Crimes Tools\Takeout Zips\takeout-20260602T071913Z-7-040.zip,takeout-20260602T071913Z-7-040.zip,Takeout/Google Photos/Photos from 2016/IMG_20161020_152321.jpg.supplemental-metadata.json,C:\Users\thoma\Documents\Cyber Crimes Tools\Takeout Extracted\Takeout\Google Photos\Photos from 2016\IMG_20161020_152321.jpg.supplemental-metadata.json,IRS,No,"IMG_20161020_152321.jpg.supplemental-metadata.json Takeout/Google Photos/Photos from 2016/IMG_20161020_152321.jpg.supplemental-metadata.json { ""title"": ""IMG_20161020_152321.jpg"", ""description"": """", ""imageViews"": ""7"", ""creationTime"": { ""timestamp"": ""1476991579"", ""formatted"": ""Oct 20, 2016, 7:26:19 PM UTC"" }, ""photoTakenTime"": { ""timestamp"": ""1476991402"", ""formatted"": ""Oct 20, 2016, 7:23:22 PM UTC"" }, ""geoData"": { ""latitude"": 29.099886100000003, ""longitude"": -80.9864472, ""altitude"": -25.0, ""latit..."
C:\Users\thoma\Documents\Cyber Crimes Tools\Takeout Zips\takeout-20260602T071913Z-7-040.zip,takeout-20260602T071913Z-7-040.zip,Takeout/Google Photos/Photos from 2014/Daytona Beach Boardwalk and Bandshell.jpg.supp.json,C:\Users\thoma\Documents\Cyber Crimes Tools\Takeout Extracted\Takeout\Google Photos\Photos from 2014\Daytona Beach Boardwalk and Bandshell.jpg.supp.json,EIN,No,"Daytona Beach Boardwalk and Bandshell.jpg.supp.json Takeout/Google Photos/Photos from 2014/Daytona Beach Boardwalk and Bandshell.jpg.supp.json { ""title"": ""Daytona Beach Boardwalk and Bandshell.jpg"", ""description"": ""Daytona Beach, Florida"", ""imageViews"": ""1"", ""creationTime"": { ""timestamp"": ""1496427786"", ""formatted"": ""Jun 2, 2017, 6:23:06 PM UTC"" }, ""photoTakenTime"": { ""timestamp"": ""1409084107"", ""formatted"": ""Aug 26, 2014, 8:15:07 PM UTC"" }, ""geoData"": { ""latitude"": 0.0, ""longitude"": 0.0, ""altitu..."
C:\Users\thoma\Documents\Cyber Crimes Tools\Takeout Zips\takeout-20260602T071913Z-7-040.zip,takeout-20260602T071913Z-7-040.zip,Takeout/Google Photos/Photos from 2014/IMG_20140721_120708.jpg.supplemental-metadata.json,C:\Users\thoma\Documents\Cyber Crimes Tools\Takeout Extracted\Takeout\Google Photos\Photos from 2014\IMG_20140721_120708.jpg.supplemental-metadata.json,IRS,No,"IMG_20140721_120708.jpg.supplemental-metadata.json Takeout/Google Photos/Photos from 2014/IMG_20140721_120708.jpg.supplemental-metadata.json { ""title"": ""IMG_20140721_120708.jpg"", ""description"": """", ""imageViews"": ""53"", ""creationTime"": { ""timestamp"": ""1405958852"", ""formatted"": ""Jul 21, 2014, 4:07:32 PM UTC"" }, ""photoTakenTime"": { ""timestamp"": ""1405958829"", ""formatted"": ""Jul 21, 2014, 4:07:09 PM UTC"" }, ""geoData"": { ""latitude"": 0.0, ""longitude"": 0.0, ""altitude"": 0.0, ""latitudeSpan"": 0.0, ""longitud..."
C:\Users\thoma\Documents\Cyber Crimes Tools\Takeout Zips\takeout-20260602T071913Z-7-040.zip,takeout-20260602T071913Z-7-040.zip,Takeout/Google Photos/Photos from 2014/IMG_20140414_163734.jpg.supplemental-metadata.json,C:\Users\thoma\Documents\Cyber Crimes Tools\Takeout Extracted\Takeout\Google Photos\Photos from 2014\IMG_20140414_163734.jpg.supplemental-metadata.json,Mom,No,"IMG_20140414_163734.jpg.supplemental-metadata.json Takeout/Google Photos/Photos from 2014/IMG_20140414_163734.jpg.supplemental-metadata.json { ""title"": ""IMG_20140414_163734.jpg"", ""description"": """", ""imageViews"": ""81"", ""creationTime"": { ""timestamp"": ""1397515804"", ""formatted"": ""Apr 14, 2014, 10:50:04 PM UTC"" }, ""photoTakenTime"": { ""timestamp"": ""1397507855"", ""formatted"": ""Apr 14, 2014, 8:37:35 PM UTC"" }, ""geoData"": { ""latitude"": 0.0, ""longitude"": 0.0, ""altitude"": 0.0, ""latitudeSpan"": 0.0, ""longitu..."
C:\Users\thoma\Documents\Cyber Crimes Tools\Takeout Zips\takeout-20260602T071913Z-7-043.zip,takeout-20260602T071913Z-7-043.zip,"Takeout/Google Photos/Keegan, Robin/1129171048.jpg","C:\Users\thoma\Documents\Cyber Crimes Tools\Takeout Extracted\Takeout\Google Photos\Keegan, Robin\1129171048.jpg",Robin,No,"1129171048.jpg Takeout/Google Photos/Keegan, Robin/1129171048.jpg"
C:\Users\thoma\Documents\Cyber Crimes Tools\Takeout Zips\takeout-20260602T071913Z-7-043.zip,takeout-20260602T071913Z-7-043.zip,"Takeout/Google Photos/Keegan, Robin/IMG_20160630_194558.jpg","C:\Users\thoma\Documents\Cyber Crimes Tools\Takeout Extracted\Takeout\Google Photos\Keegan, Robin\IMG_20160630_194558.jpg",Robin,No,"IMG_20160630_194558.jpg Takeout/Google Photos/Keegan, Robin/IMG_20160630_194558.jpg"
C:\Users\thoma\Documents\Cyber Crimes Tools\Takeout Zips\takeout-20260602T071913Z-7-043.zip,takeout-20260602T071913Z-7-043.zip,"Takeout/Google Photos/Keegan, Robin/IMG_20170201_162634.jpg","C:\Users\thoma\Documents\Cyber Crimes Tools\Takeout Extracted\Takeout\Google Photos\Keegan, Robin\IMG_20170201_162634.jpg",Robin,No,"IMG_20170201_162634.jpg Takeout/Google Photos/Keegan, Robin/IMG_20170201_162634.jpg"
C:\Users\thoma\Documents\Cyber Crimes Tools\Takeout Zips\takeout-20260602T071913Z-7-044.zip,takeout-20260602T071913Z-7-044.zip,"Takeout/Google Photos/Keegan, Robin/20210514_082914.mp4","C:\Users\thoma\Documents\Cyber Crimes Tools\Takeout Extracted\Takeout\Google Photos\Keegan, Robin\20210514_082914.mp4",Robin,No,"20210514_082914.mp4 Takeout/Google Photos/Keegan, Robin/20210514_082914.mp4"
C:\Users\thoma\Documents\Cyber Crimes Tools\Takeout Zips\takeout-20260602T071913Z-7-044.zip,takeout-20260602T071913Z-7-044.zip,"Takeout/Google Photos/Keegan, Robin/IMG_20151213_191726.jpg","C:\Users\thoma\Documents\Cyber Crimes Tools\Takeout Extracted\Takeout\Google Photos\Keegan, Robin\IMG_20151213_191726.jpg",Robin,No,"IMG_20151213_191726.jpg Takeout/Google Photos/Keegan, Robin/IMG_20151213_191726.jpg"
C:\Users\thoma\Documents\Cyber Crimes Tools\Takeout Zips\takeout-20260602T071913Z-7-044.zip,takeout-20260602T071913Z-7-044.zip,"Takeout/Google Photos/Keegan, Robin/IMG_20151128_092508.jpg","C:\Users\thoma\Documents\Cyber Crimes Tools\Takeout Extracted\Takeout\Google Photos\Keegan, Robin\IMG_20151128_092508.jpg",Robin,No,"IMG_20151128_092508.jpg Takeout/Google Photos/Keegan, Robin/IMG_20151128_092508.jpg"
C:\Users\thoma\Documents\Cyber Crimes Tools\Takeout Zips\takeout-20260602T071913Z-7-044.zip,takeout-20260602T071913Z-7-044.zip,"Takeout/Google Photos/Keegan, Robin/IMG_20150623_155532.jpg","C:\Users\thoma\Documents\Cyber Crimes Tools\Takeout Extracted\Takeout\Google Photos\Keegan, Robin\IMG_20150623_155532.jpg",Robin,No,"IMG_20150623_155532.jpg Takeout/Google Photos/Keegan, Robin/IMG_20150623_155532.jpg"
C:\Users\thoma\Documents\Cyber Crimes Tools\Takeout Zips\takeout-20260602T071913Z-7-044.zip,takeout-20260602T071913Z-7-044.zip,Takeout/Google Photos/Photos from 2014/ElijahEzraLoadingStickRedJeep.MOV,C:\Users\thoma\Documents\Cyber Crimes Tools\Takeout Extracted\Takeout\Google Photos\Photos from 2014\ElijahEzraLoadingStickRedJeep.MOV,Elijah,No,ElijahEzraLoadingStickRedJeep.MOV Takeout/Google Photos/Photos from 2014/ElijahEzraLoadingStickRedJeep.MOV
C:\Users\thoma\Documents\Cyber Crimes Tools\Takeout Zips\takeout-20260602T071913Z-7-045.zip,takeout-20260602T071913Z-7-045.zip,Takeout/Google Photos/Photos from 2014/ElijahEzraLoadingStickRedJeep(1).MOV,C:\Users\thoma\Documents\Cyber Crimes Tools\Takeout Extracted\Takeout\Google Photos\Photos from 2014\ElijahEzraLoadingStickRedJeep(1).MOV,Elijah,No,ElijahEzraLoadingStickRedJeep(1).MOV Takeout/Google Photos/Photos from 2014/ElijahEzraLoadingStickRedJeep(1).MOV
C:\Users\thoma\Documents\Cyber Crimes Tools\Takeout Zips\takeout-20260602T071913Z-7-045.zip,takeout-20260602T071913Z-7-045.zip,Takeout/Google Photos/Photos from 2013/mom and daughter on beach.jpg.supplemental-met.json,C:\Users\thoma\Documents\Cyber Crimes Tools\Takeout Extracted\Takeout\Google Photos\Photos from 2013\mom and daughter on beach.jpg.supplemental-met.json,Mom,No,"mom and daughter on beach.jpg.supplemental-met.json Takeout/Google Photos/Photos from 2013/mom and daughter on beach.jpg.supplemental-met.json { ""title"": ""mom and daughter on beach.jpg"", ""description"": ""FCTN"", ""imageViews"": ""3"", ""creationTime"": { ""timestamp"": ""1496427922"", ""formatted"": ""Jun 2, 2017, 6:25:22 PM UTC"" }, ""photoTakenTime"": { ""timestamp"": ""1360177107"", ""formatted"": ""Feb 6, 2013, 6:58:27 PM UTC"" }, ""geoData"": { ""latitude"": 0.0, ""longitude"": 0.0, ""altitude"": 0.0, ""latitudeSpan"": 0.0,..."
C:\Users\thoma\Documents\Cyber Crimes Tools\Takeout Zips\takeout-20260602T071913Z-7-046.zip,takeout-20260602T071913Z-7-046.zip,Takeout/Google Photos/Photos from 2015/VID_20150527_085141.mp4.supplemental-metadata.json,C:\Users\thoma\Documents\Cyber Crimes Tools\Takeout Extracted\Takeout\Google Photos\Photos from 2015\VID_20150527_085141.mp4.supplemental-metadata.json,EIN,No,"VID_20150527_085141.mp4.supplemental-metadata.json Takeout/Google Photos/Photos from 2015/VID_20150527_085141.mp4.supplemental-metadata.json { ""title"": ""VID_20150527_085141.mp4"", ""description"": """", ""imageViews"": ""5"", ""creationTime"": { ""timestamp"": ""1432734231"", ""formatted"": ""May 27, 2015, 1:43:51 PM UTC"" }, ""photoTakenTime"": { ""timestamp"": ""1432731101"", ""formatted"": ""May 27, 2015, 12:51:41 PM UTC"" }, ""geoData"": { ""latitude"": 0.0, ""longitude"": 0.0, ""altitude"": 0.0, ""latitudeSpan"": 0.0, ""longitud..."
C:\Users\thoma\Documents\Cyber Crimes Tools\Takeout Zips\takeout-20260602T071913Z-7-046.zip,takeout-20260602T071913Z-7-046.zip,Takeout/Google Photos/Photos from 2015/mp4_2-5-discounts-coupon-codes-1.flv.supplemen.json,C:\Users\thoma\Documents\Cyber Crimes Tools\Takeout Extracted\Takeout\Google Photos\Photos from 2015\mp4_2-5-discounts-coupon-codes-1.flv.supplemen.json,IRS,No,"mp4_2-5-discounts-coupon-codes-1.flv.supplemen.json Takeout/Google Photos/Photos from 2015/mp4_2-5-discounts-coupon-codes-1.flv.supplemen.json { ""title"": ""mp4_2-5-discounts-coupon-codes-1.flv"", ""description"": """", ""imageViews"": ""1"", ""creationTime"": { ""timestamp"": ""1431654504"", ""formatted"": ""May 15, 2015, 1:48:24 AM UTC"" }, ""photoTakenTime"": { ""timestamp"": ""1431654503"", ""formatted"": ""May 15, 2015, 1:48:23 AM UTC"" }, ""geoData"": { ""latitude"": 0.0, ""longitude"": 0.0, ""altitude"": 0.0, ""latitudeSpan"":..."
C:\Users\thoma\Documents\Cyber Crimes Tools\Takeout Zips\takeout-20260602T071913Z-7-046.zip,takeout-20260602T071913Z-7-046.zip,Takeout/Google Photos/Photos from 2010/backyard sukkah_2010 (13).JPG.supplemental-met.json,C:\Users\thoma\Documents\Cyber Crimes Tools\Takeout Extracted\Takeout\Google Photos\Photos from 2010\backyard sukkah_2010 (13).JPG.supplemental-met.json,EIN,No,"backyard sukkah_2010 (13).JPG.supplemental-met.json Takeout/Google Photos/Photos from 2010/backyard sukkah_2010 (13).JPG.supplemental-met.json { ""title"": ""backyard sukkah_2010 (13).JPG"", ""description"": """", ""imageViews"": ""2"", ""creationTime"": { ""timestamp"": ""1377502515"", ""formatted"": ""Aug 26, 2013, 7:35:15 AM UTC"" }, ""photoTakenTime"": { ""timestamp"": ""1285277386"", ""formatted"": ""Sep 23, 2010, 9:29:46 PM UTC"" }, ""geoData"": { ""latitude"": 0.0, ""longitude"": 0.0, ""altitude"": 0.0, ""latitudeSpan"": 0.0, ""l..."
C:\Users\thoma\Documents\Cyber Crimes Tools\Takeout Zips\takeout-20260602T071913Z-7-047.zip,takeout-20260602T071913Z-7-047.zip,"Takeout/Google Photos/Keegan, Robin/20210514_115038.mp4","C:\Users\thoma\Documents\Cyber Crimes Tools\Takeout Extracted\Takeout\Google Photos\Keegan, Robin\20210514_115038.mp4",Robin,No,"20210514_115038.mp4 Takeout/Google Photos/Keegan, Robin/20210514_115038.mp4"
C:\Users\thoma\Documents\Cyber Crimes Tools\Takeout Zips\takeout-20260602T071913Z-7-047.zip,takeout-20260602T071913Z-7-047.zip,Takeout/Google Photos/Photos from 2014/Jackie Robinson Ballpark.jpg,C:\Users\thoma\Documents\Cyber Crimes Tools\Takeout Extracted\Takeout\Google Photos\Photos from 2014\Jackie Robinson Ballpark.jpg,Robin,No,Jackie Robinson Ballpark.jpg Takeout/Google Photos/Photos from 2014/Jackie Robinson Ballpark.jpg
C:\Users\thoma\Documents\Cyber Crimes Tools\Takeout Zips\takeout-20260602T071913Z-7-048.zip,takeout-20260602T071913Z-7-048.zip,Takeout/Google Photos/Photos from 2013/Elijah videos Micah.MOV.supplemental-metadata.json,C:\Users\thoma\Documents\Cyber Crimes Tools\Takeout Extracted\Takeout\Google Photos\Photos from 2013\Elijah videos Micah.MOV.supplemental-metadata.json,Elijah,No,"Elijah videos Micah.MOV.supplemental-metadata.json Takeout/Google Photos/Photos from 2013/Elijah videos Micah.MOV.supplemental-metadata.json { ""title"": ""Elijah videos Micah.MOV"", ""description"": """", ""imageViews"": ""24"", ""creationTime"": { ""timestamp"": ""1362050816"", ""formatted"": ""Feb 28, 2013, 11:26:56 AM UTC"" }, ""photoTakenTime"": { ""timestamp"": ""1362050814"", ""formatted"": ""Feb 28, 2013, 11:26:54 AM UTC"" }, ""geoData"": { ""latitude"": 0.0, ""longitude"": 0.0, ""altitude"": 0.0, ""latitudeSpan"": 0.0, ""longit..."
C:\Users\thoma\Documents\Cyber Crimes Tools\Takeout Zips\takeout-20260602T071913Z-7-048.zip,takeout-20260602T071913Z-7-048.zip,Takeout/Google Photos/Photos from 2013/Elijah and Michah playing-Nov 2010.MOV.supplem(1).json,C:\Users\thoma\Documents\Cyber Crimes Tools\Takeout Extracted\Takeout\Google Photos\Photos from 2013\Elijah and Michah playing-Nov 2010.MOV.supplem(1).json,Elijah,No,"Elijah and Michah playing-Nov 2010.MOV.supplem(1).json Takeout/Google Photos/Photos from 2013/Elijah and Michah playing-Nov 2010.MOV.supplem(1).json { ""title"": ""Elijah and Michah playing-Nov 2010.MOV"", ""description"": """", ""imageViews"": ""24"", ""creationTime"": { ""timestamp"": ""1362050120"", ""formatted"": ""Feb 28, 2013, 11:15:20 AM UTC"" }, ""photoTakenTime"": { ""timestamp"": ""1362050119"", ""formatted"": ""Feb 28, 2013, 11:15:19 AM UTC"" }, ""geoData"": { ""latitude"": 0.0, ""longitude"": 0.0, ""altitude"": 0.0, ""lati..."
C:\Users\thoma\Documents\Cyber Crimes Tools\Takeout Zips\takeout-20260602T071913Z-7-048.zip,takeout-20260602T071913Z-7-048.zip,Takeout/Google Photos/Photos from 2013/ElijahLostAndFound.MOV.supplemental-metadata.json,C:\Users\thoma\Documents\Cyber Crimes Tools\Takeout Extracted\Takeout\Google Photos\Photos from 2013\ElijahLostAndFound.MOV.supplemental-metadata.json,Elijah,No,"ElijahLostAndFound.MOV.supplemental-metadata.json Takeout/Google Photos/Photos from 2013/ElijahLostAndFound.MOV.supplemental-metadata.json { ""title"": ""ElijahLostAndFound.MOV"", ""description"": """", ""imageViews"": ""25"", ""creationTime"": { ""timestamp"": ""1362057248"", ""formatted"": ""Feb 28, 2013, 1:14:08 PM UTC"" }, ""photoTakenTime"": { ""timestamp"": ""1362057247"", ""formatted"": ""Feb 28, 2013, 1:14:07 PM UTC"" }, ""geoData"": { ""latitude"": 0.0, ""longitude"": 0.0, ""altitude"": 0.0, ""latitudeSpan"": 0.0, ""longitudeSp..."
C:\Users\thoma\Documents\Cyber Crimes Tools\Takeout Zips\takeout-20260602T071913Z-7-048.zip,takeout-20260602T071913Z-7-048.zip,Takeout/Google Photos/Photos from 2013/Elijah and Micah argue-Feb 2011.MOV.supplement.json,C:\Users\thoma\Documents\Cyber Crimes Tools\Takeout Extracted\Takeout\Google Photos\Photos from 2013\Elijah and Micah argue-Feb 2011.MOV.supplement.json,Elijah,No,"Elijah and Micah argue-Feb 2011.MOV.supplement.json Takeout/Google Photos/Photos from 2013/Elijah and Micah argue-Feb 2011.MOV.supplement.json { ""title"": ""Elijah and Micah argue-Feb 2011.MOV"", ""description"": """", ""imageViews"": ""24"", ""creationTime"": { ""timestamp"": ""1362049520"", ""formatted"": ""Feb 28, 2013, 11:05:20 AM UTC"" }, ""photoTakenTime"": { ""timestamp"": ""1362049517"", ""formatted"": ""Feb 28, 2013, 11:05:17 AM UTC"" }, ""geoData"": { ""latitude"": 0.0, ""longitude"": 0.0, ""altitude"": 0.0, ""latitudeSpan""..."
C:\Users\thoma\Documents\Cyber Crimes Tools\Takeout Zips\takeout-20260602T071913Z-7-048.zip,takeout-20260602T071913Z-7-048.zip,Takeout/Google Photos/Photos from 2013/Dad catches Elijah singing instead of sleeping.json,C:\Users\thoma\Documents\Cyber Crimes Tools\Takeout Extracted\Takeout\Google Photos\Photos from 2013\Dad catches Elijah singing instead of sleeping.json,Elijah,No,"Dad catches Elijah singing instead of sleeping.json Takeout/Google Photos/Photos from 2013/Dad catches Elijah singing instead of sleeping.json { ""title"": ""Dad catches Elijah singing instead of sleeping-Jan 2011.MOV"", ""description"": """", ""imageViews"": ""24"", ""creationTime"": { ""timestamp"": ""1362048719"", ""formatted"": ""Feb 28, 2013, 10:51:59 AM UTC"" }, ""photoTakenTime"": { ""timestamp"": ""1362048719"", ""formatted"": ""Feb 28, 2013, 10:51:59 AM UTC"" }, ""geoData"": { ""latitude"": 0.0, ""longitude"": 0.0, ""altitu..."
C:\Users\thoma\Documents\Cyber Crimes Tools\Takeout Zips\takeout-20260602T071913Z-7-048.zip,takeout-20260602T071913Z-7-048.zip,Takeout/Google Photos/Photos from 2013/Elijah Flashing Camera.MOV.supplemental-metada.json,C:\Users\thoma\Documents\Cyber Crimes Tools\Takeout Extracted\Takeout\Google Photos\Photos from 2013\Elijah Flashing Camera.MOV.supplemental-metada.json,Elijah,No,"Elijah Flashing Camera.MOV.supplemental-metada.json Takeout/Google Photos/Photos from 2013/Elijah Flashing Camera.MOV.supplemental-metada.json { ""title"": ""Elijah Flashing Camera.MOV"", ""description"": """", ""imageViews"": ""25"", ""creationTime"": { ""timestamp"": ""1362050426"", ""formatted"": ""Feb 28, 2013, 11:20:26 AM UTC"" }, ""photoTakenTime"": { ""timestamp"": ""1362050426"", ""formatted"": ""Feb 28, 2013, 11:20:26 AM UTC"" }, ""geoData"": { ""latitude"": 0.0, ""longitude"": 0.0, ""altitude"": 0.0, ""latitudeSpan"": 0.0, ""l..."
C:\Users\thoma\Documents\Cyber Crimes Tools\Takeout Zips\takeout-20260602T071913Z-7-048.zip,takeout-20260602T071913Z-7-048.zip,Takeout/Google Photos/Photos from 2013/Elijah and Micah play David and Golieth Sep 20.json,C:\Users\thoma\Documents\Cyber Crimes Tools\Takeout Extracted\Takeout\Google Photos\Photos from 2013\Elijah and Micah play David and Golieth Sep 20.json,Elijah,No,"Elijah and Micah play David and Golieth Sep 20.json Takeout/Google Photos/Photos from 2013/Elijah and Micah play David and Golieth Sep 20.json { ""title"": ""Elijah and Micah play David and Golieth Sep 2011.MOV"", ""description"": """", ""imageViews"": ""24"", ""creationTime"": { ""timestamp"": ""1362049735"", ""formatted"": ""Feb 28, 2013, 11:08:55 AM UTC"" }, ""photoTakenTime"": { ""timestamp"": ""1362049734"", ""formatted"": ""Feb 28, 2013, 11:08:54 AM UTC"" }, ""geoData"": { ""latitude"": 0.0, ""longitude"": 0.0, ""altitude"": 0...."
C:\Users\thoma\Documents\Cyber Crimes Tools\Takeout Zips\takeout-20260602T071913Z-7-048.zip,takeout-20260602T071913Z-7-048.zip,Takeout/Google Photos/Photos from 2010/Elijah at 17 months (19).JPG,C:\Users\thoma\Documents\Cyber Crimes Tools\Takeout Extracted\Takeout\Google Photos\Photos from 2010\Elijah at 17 months (19).JPG,Elijah,No,Elijah at 17 months (19).JPG Takeout/Google Photos/Photos from 2010/Elijah at 17 months (19).JPG
C:\Users\thoma\Documents\Cyber Crimes Tools\Takeout Zips\takeout-20260602T071913Z-7-048.zip,takeout-20260602T071913Z-7-048.zip,Takeout/Google Photos/Photos from 2010/Elijah at 17 months (31).JPG,C:\Users\thoma\Documents\Cyber Crimes Tools\Takeout Extracted\Takeout\Google Photos\Photos from 2010\Elijah at 17 months (31).JPG,Elijah,No,Elijah at 17 months (31).JPG Takeout/Google Photos/Photos from 2010/Elijah at 17 months (31).JPG
C:\Users\thoma\Documents\Cyber Crimes Tools\Takeout Zips\takeout-20260602T071913Z-7-048.zip,takeout-20260602T071913Z-7-048.zip,Takeout/Google Photos/Photos from 2010/Elijah at 17 months (16).JPG.supplemental-meta.json,C:\Users\thoma\Documents\Cyber Crimes Tools\Takeout Extracted\Takeout\Google Photos\Photos from 2010\Elijah at 17 months (16).JPG.supplemental-meta.json,Elijah,No,"Elijah at 17 months (16).JPG.supplemental-meta.json Takeout/Google Photos/Photos from 2010/Elijah at 17 months (16).JPG.supplemental-meta.json { ""title"": ""Elijah at 17 months (16).JPG"", ""description"": """", ""imageViews"": ""0"", ""creationTime"": { ""timestamp"": ""1362000815"", ""formatted"": ""Feb 27, 2013, 9:33:35 PM UTC"" }, ""photoTakenTime"": { ""timestamp"": ""1284890468"", ""formatted"": ""Sep 19, 2010, 10:01:08 AM UTC"" }, ""geoData"": { ""latitude"": 0.0, ""longitude"": 0.0, ""altitude"": 0.0, ""latitudeSpan"": 0.0, ""l..."
C:\Users\thoma\Documents\Cyber Crimes Tools\Takeout Zips\takeout-20260602T071913Z-7-048.zip,takeout-20260602T071913Z-7-048.zip,Takeout/Google Photos/Photos from 2010/Elijah at 17 months (14).JPG.supplemental-meta.json,C:\Users\thoma\Documents\Cyber Crimes Tools\Takeout Extracted\Takeout\Google Photos\Photos from 2010\Elijah at 17 months (14).JPG.supplemental-meta.json,Elijah,No,"Elijah at 17 months (14).JPG.supplemental-meta.json Takeout/Google Photos/Photos from 2010/Elijah at 17 months (14).JPG.supplemental-meta.json { ""title"": ""Elijah at 17 months (14).JPG"", ""description"": """", ""imageViews"": ""0"", ""creationTime"": { ""timestamp"": ""1362000801"", ""formatted"": ""Feb 27, 2013, 9:33:21 PM UTC"" }, ""photoTakenTime"": { ""timestamp"": ""1284890464"", ""formatted"": ""Sep 19, 2010, 10:01:04 AM UTC"" }, ""geoData"": { ""latitude"": 0.0, ""longitude"": 0.0, ""altitude"": 0.0, ""latitudeSpan"": 0.0, ""l..."
C:\Users\thoma\Documents\Cyber Crimes Tools\Takeout Zips\takeout-20260602T071913Z-7-048.zip,takeout-20260602T071913Z-7-048.zip,Takeout/Google Photos/Photos from 2010/Elijah at 17 months (28).JPG.supplemental-meta.json,C:\Users\thoma\Documents\Cyber Crimes Tools\Takeout Extracted\Takeout\Google Photos\Photos from 2010\Elijah at 17 months (28).JPG.supplemental-meta.json,Elijah,No,"Elijah at 17 months (28).JPG.supplemental-meta.json Takeout/Google Photos/Photos from 2010/Elijah at 17 months (28).JPG.supplemental-meta.json { ""title"": ""Elijah at 17 months (28).JPG"", ""description"": """", ""imageViews"": ""0"", ""creationTime"": { ""timestamp"": ""1362000915"", ""formatted"": ""Feb 27, 2013, 9:35:15 PM UTC"" }, ""photoTakenTime"": { ""timestamp"": ""1284913103"", ""formatted"": ""Sep 19, 2010, 4:18:23 PM UTC"" }, ""geoData"": { ""latitude"": 0.0, ""longitude"": 0.0, ""altitude"": 0.0, ""latitudeSpan"": 0.0, ""lo..."
C:\Users\thoma\Documents\Cyber Crimes Tools\Takeout Zips\takeout-20260602T071913Z-7-048.zip,takeout-20260602T071913Z-7-048.zip,Takeout/Google Photos/Photos from 2010/Elijah at 17 months (12).JPG.supplemental-meta.json,C:\Users\thoma\Documents\Cyber Crimes Tools\Takeout Extracted\Takeout\Google Photos\Photos from 2010\Elijah at 17 months (12).JPG.supplemental-meta.json,Elijah,No,"Elijah at 17 months (12).JPG.supplemental-meta.json Takeout/Google Photos/Photos from 2010/Elijah at 17 months (12).JPG.supplemental-meta.json { ""title"": ""Elijah at 17 months (12).JPG"", ""description"": """", ""imageViews"": ""0"", ""creationTime"": { ""timestamp"": ""1362000761"", ""formatted"": ""Feb 27, 2013, 9:32:41 PM UTC"" }, ""photoTakenTime"": { ""timestamp"": ""1284890437"", ""formatted"": ""Sep 19, 2010, 10:00:37 AM UTC"" }, ""geoData"": { ""latitude"": 0.0, ""longitude"": 0.0, ""altitude"": 0.0, ""latitudeSpan"": 0.0, ""l..."
C:\Users\thoma\Documents\Cyber Crimes Tools\Takeout Zips\takeout-20260602T071913Z-7-048.zip,takeout-20260602T071913Z-7-048.zip,Takeout/Google Photos/Photos from 2010/Elijah at 17 months (26).JPG.supplemental-meta.json,C:\Users\thoma\Documents\Cyber Crimes Tools\Takeout Extracted\Takeout\Google Photos\Photos from 2010\Elijah at 17 months (26).JPG.supplemental-meta.json,Elijah,No,"Elijah at 17 months (26).JPG.supplemental-meta.json Takeout/Google Photos/Photos from 2010/Elijah at 17 months (26).JPG.supplemental-meta.json { ""title"": ""Elijah at 17 months (26).JPG"", ""description"": """", ""imageViews"": ""0"", ""creationTime"": { ""timestamp"": ""1362000908"", ""formatted"": ""Feb 27, 2013, 9:35:08 PM UTC"" }, ""photoTakenTime"": { ""timestamp"": ""1284913097"", ""formatted"": ""Sep 19, 2010, 4:18:17 PM UTC"" }, ""geoData"": { ""latitude"": 0.0, ""longitude"": 0.0, ""altitude"": 0.0, ""latitudeSpan"": 0.0, ""lo..."
C:\Users\thoma\Documents\Cyber Crimes Tools\Takeout Zips\takeout-20260602T071913Z-7-048.zip,takeout-20260602T071913Z-7-048.zip,Takeout/Google Photos/Photos from 2010/Elijah at 17 months (11).JPG.supplemental-meta.json,C:\Users\thoma\Documents\Cyber Crimes Tools\Takeout Extracted\Takeout\Google Photos\Photos from 2010\Elijah at 17 months (11).JPG.supplemental-meta.json,Elijah,No,"Elijah at 17 months (11).JPG.supplemental-meta.json Takeout/Google Photos/Photos from 2010/Elijah at 17 months (11).JPG.supplemental-meta.json { ""title"": ""Elijah at 17 months (11).JPG"", ""description"": """", ""imageViews"": ""0"", ""creationTime"": { ""timestamp"": ""1362000758"", ""formatted"": ""Feb 27, 2013, 9:32:38 PM UTC"" }, ""photoTakenTime"": { ""timestamp"": ""1284890435"", ""formatted"": ""Sep 19, 2010, 10:00:35 AM UTC"" }, ""geoData"": { ""latitude"": 0.0, ""longitude"": 0.0, ""altitude"": 0.0, ""latitudeSpan"": 0.0, ""l..."
C:\Users\thoma\Documents\Cyber Crimes Tools\Takeout Zips\takeout-20260602T071913Z-7-048.zip,takeout-20260602T071913Z-7-048.zip,Takeout/Google Photos/Photos from 2010/Elijah at 17 months (13).JPG.supplemental-meta.json,C:\Users\thoma\Documents\Cyber Crimes Tools\Takeout Extracted\Takeout\Google Photos\Photos from 2010\Elijah at 17 months (13).JPG.supplemental-meta.json,Elijah,No,"Elijah at 17 months (13).JPG.supplemental-meta.json Takeout/Google Photos/Photos from 2010/Elijah at 17 months (13).JPG.supplemental-meta.json { ""title"": ""Elijah at 17 months (13).JPG"", ""description"": """", ""imageViews"": ""0"", ""creationTime"": { ""timestamp"": ""1362000795"", ""formatted"": ""Feb 27, 2013, 9:33:15 PM UTC"" }, ""photoTakenTime"": { ""timestamp"": ""1284890456"", ""formatted"": ""Sep 19, 2010, 10:00:56 AM UTC"" }, ""geoData"": { ""latitude"": 0.0, ""longitude"": 0.0, ""altitude"": 0.0, ""latitudeSpan"": 0.0, ""l..."
C:\Users\thoma\Documents\Cyber Crimes Tools\Takeout Zips\takeout-20260602T071913Z-7-048.zip,takeout-20260602T071913Z-7-048.zip,Takeout/Google Photos/Photos from 2010/Elijah at 17 months (30).JPG.supplemental-meta.json,C:\Users\thoma\Documents\Cyber Crimes Tools\Takeout Extracted\Takeout\Google Photos\Photos from 2010\Elijah at 17 months (30).JPG.supplemental-meta.json,Elijah,No,"Elijah at 17 months (30).JPG.supplemental-meta.json Takeout/Google Photos/Photos from 2010/Elijah at 17 months (30).JPG.supplemental-meta.json { ""title"": ""Elijah at 17 months (30).JPG"", ""description"": """", ""imageViews"": ""0"", ""creationTime"": { ""timestamp"": ""1362000947"", ""formatted"": ""Feb 27, 2013, 9:35:47 PM UTC"" }, ""photoTakenTime"": { ""timestamp"": ""1284913123"", ""formatted"": ""Sep 19, 2010, 4:18:43 PM UTC"" }, ""geoData"": { ""latitude"": 0.0, ""longitude"": 0.0, ""altitude"": 0.0, ""latitudeSpan"": 0.0, ""lo..."
C:\Users\thoma\Documents\Cyber Crimes Tools\Takeout Zips\takeout-20260602T071913Z-7-048.zip,takeout-20260602T071913Z-7-048.zip,Takeout/Google Photos/Photos from 2010/Elijah at 17 months (15).JPG.supplemental-meta.json,C:\Users\thoma\Documents\Cyber Crimes Tools\Takeout Extracted\Takeout\Google Photos\Photos from 2010\Elijah at 17 months (15).JPG.supplemental-meta.json,Elijah,No,"Elijah at 17 months (15).JPG.supplemental-meta.json Takeout/Google Photos/Photos from 2010/Elijah at 17 months (15).JPG.supplemental-meta.json { ""title"": ""Elijah at 17 months (15).JPG"", ""description"": """", ""imageViews"": ""0"", ""creationTime"": { ""timestamp"": ""1362000809"", ""formatted"": ""Feb 27, 2013, 9:33:29 PM UTC"" }, ""photoTakenTime"": { ""timestamp"": ""1284890466"", ""formatted"": ""Sep 19, 2010, 10:01:06 AM UTC"" }, ""geoData"": { ""latitude"": 0.0, ""longitude"": 0.0, ""altitude"": 0.0, ""latitudeSpan"": 0.0, ""l..."
C:\Users\thoma\Documents\Cyber Crimes Tools\Takeout Zips\takeout-20260602T071913Z-7-048.zip,takeout-20260602T071913Z-7-048.zip,Takeout/Google Photos/Photos from 2010/Elijah at 17 months (10).JPG.supplemental-meta.json,C:\Users\thoma\Documents\Cyber Crimes Tools\Takeout Extracted\Takeout\Google Photos\Photos from 2010\Elijah at 17 months (10).JPG.supplemental-meta.json,Elijah,No,"Elijah at 17 months (10).JPG.supplemental-meta.json Takeout/Google Photos/Photos from 2010/Elijah at 17 months (10).JPG.supplemental-meta.json { ""title"": ""Elijah at 17 months (10).JPG"", ""description"": """", ""imageViews"": ""0"", ""creationTime"": { ""timestamp"": ""1362000748"", ""formatted"": ""Feb 27, 2013, 9:32:28 PM UTC"" }, ""photoTakenTime"": { ""timestamp"": ""1284890426"", ""formatted"": ""Sep 19, 2010, 10:00:26 AM UTC"" }, ""geoData"": { ""latitude"": 0.0, ""longitude"": 0.0, ""altitude"": 0.0, ""latitudeSpan"": 0.0, ""l..."
C:\Users\thoma\Documents\Cyber Crimes Tools\Takeout Zips\takeout-20260602T071913Z-7-048.zip,takeout-20260602T071913Z-7-048.zip,Takeout/Google Photos/Photos from 2010/Elijah at 17 months (6).JPG.supplemental-metad.json,C:\Users\thoma\Documents\Cyber Crimes Tools\Takeout Extracted\Takeout\Google Photos\Photos from 2010\Elijah at 17 months (6).JPG.supplemental-metad.json,Elijah,No,"Elijah at 17 months (6).JPG.supplemental-metad.json Takeout/Google Photos/Photos from 2010/Elijah at 17 months (6).JPG.supplemental-metad.json { ""title"": ""Elijah at 17 months (6).JPG"", ""description"": """", ""imageViews"": ""2"", ""creationTime"": { ""timestamp"": ""1362001038"", ""formatted"": ""Feb 27, 2013, 9:37:18 PM UTC"" }, ""photoTakenTime"": { ""timestamp"": ""1284890416"", ""formatted"": ""Sep 19, 2010, 10:00:16 AM UTC"" }, ""geoData"": { ""latitude"": 0.0, ""longitude"": 0.0, ""altitude"": 0.0, ""latitudeSpan"": 0.0, ""lo..."
C:\Users\thoma\Documents\Cyber Crimes Tools\Takeout Zips\takeout-20260602T071913Z-7-048.zip,takeout-20260602T071913Z-7-048.zip,Takeout/Google Photos/Photos from 2010/Elijah at 17 months (4).JPG.supplemental-metad.json,C:\Users\thoma\Documents\Cyber Crimes Tools\Takeout Extracted\Takeout\Google Photos\Photos from 2010\Elijah at 17 months (4).JPG.supplemental-metad.json,Elijah,No,"Elijah at 17 months (4).JPG.supplemental-metad.json Takeout/Google Photos/Photos from 2010/Elijah at 17 months (4).JPG.supplemental-metad.json { ""title"": ""Elijah at 17 months (4).JPG"", ""description"": """", ""imageViews"": ""0"", ""creationTime"": { ""timestamp"": ""1362001014"", ""formatted"": ""Feb 27, 2013, 9:36:54 PM UTC"" }, ""photoTakenTime"": { ""timestamp"": ""1284734820"", ""formatted"": ""Sep 17, 2010, 2:47:00 PM UTC"" }, ""geoData"": { ""latitude"": 0.0, ""longitude"": 0.0, ""altitude"": 0.0, ""latitudeSpan"": 0.0, ""lon..."
C:\Users\thoma\Documents\Cyber Crimes Tools\Takeout Zips\takeout-20260602T071913Z-7-048.zip,takeout-20260602T071913Z-7-048.zip,Takeout/Google Photos/Photos from 2010/Elijah at 17 months (7).JPG.supplemental-metad.json,C:\Users\thoma\Documents\Cyber Crimes Tools\Takeout Extracted\Takeout\Google Photos\Photos from 2010\Elijah at 17 months (7).JPG.supplemental-metad.json,Elijah,No,"Elijah at 17 months (7).JPG.supplemental-metad.json Takeout/Google Photos/Photos from 2010/Elijah at 17 months (7).JPG.supplemental-metad.json { ""title"": ""Elijah at 17 months (7).JPG"", ""description"": """", ""imageViews"": ""0"", ""creationTime"": { ""timestamp"": ""1362001043"", ""formatted"": ""Feb 27, 2013, 9:37:23 PM UTC"" }, ""photoTakenTime"": { ""timestamp"": ""1284890419"", ""formatted"": ""Sep 19, 2010, 10:00:19 AM UTC"" }, ""geoData"": { ""latitude"": 0.0, ""longitude"": 0.0, ""altitude"": 0.0, ""latitudeSpan"": 0.0, ""lo..."
C:\Users\thoma\Documents\Cyber Crimes Tools\Takeout Zips\takeout-20260602T071913Z-7-048.zip,takeout-20260602T071913Z-7-048.zip,Takeout/Google Photos/Photos from 2010/Elijah at 17 months (5).JPG.supplemental-metad.json,C:\Users\thoma\Documents\Cyber Crimes Tools\Takeout Extracted\Takeout\Google Photos\Photos from 2010\Elijah at 17 months (5).JPG.supplemental-metad.json,Elijah,No,"Elijah at 17 months (5).JPG.supplemental-metad.json Takeout/Google Photos/Photos from 2010/Elijah at 17 months (5).JPG.supplemental-metad.json { ""title"": ""Elijah at 17 months (5).JPG"", ""description"": """", ""imageViews"": ""0"", ""creationTime"": { ""timestamp"": ""1362001031"", ""formatted"": ""Feb 27, 2013, 9:37:11 PM UTC"" }, ""photoTakenTime"": { ""timestamp"": ""1284890408"", ""formatted"": ""Sep 19, 2010, 10:00:08 AM UTC"" }, ""geoData"": { ""latitude"": 0.0, ""longitude"": 0.0, ""altitude"": 0.0, ""latitudeSpan"": 0.0, ""lo..."
C:\Users\thoma\Documents\Cyber Crimes Tools\Takeout Zips\takeout-20260602T071913Z-7-048.zip,takeout-20260602T071913Z-7-048.zip,Takeout/Google Photos/Photos from 2010/Elijah at 17 months (8).JPG.supplemental-metad.json,C:\Users\thoma\Documents\Cyber Crimes Tools\Takeout Extracted\Takeout\Google Photos\Photos from 2010\Elijah at 17 months (8).JPG.supplemental-metad.json,Elijah,No,"Elijah at 17 months (8).JPG.supplemental-metad.json Takeout/Google Photos/Photos from 2010/Elijah at 17 months (8).JPG.supplemental-metad.json { ""title"": ""Elijah at 17 months (8).JPG"", ""description"": """", ""imageViews"": ""0"", ""creationTime"": { ""timestamp"": ""1362001046"", ""formatted"": ""Feb 27, 2013, 9:37:26 PM UTC"" }, ""photoTakenTime"": { ""timestamp"": ""1284890421"", ""formatted"": ""Sep 19, 2010, 10:00:21 AM UTC"" }, ""geoData"": { ""latitude"": 0.0, ""longitude"": 0.0, ""altitude"": 0.0, ""latitudeSpan"": 0.0, ""lo..."
C:\Users\thoma\Documents\Cyber Crimes Tools\Takeout Zips\takeout-20260602T071913Z-7-048.zip,takeout-20260602T071913Z-7-048.zip,Takeout/Google Photos/Photos from 2010/Elijah at 17 months (3).JPG.supplemental-metad.json,C:\Users\thoma\Documents\Cyber Crimes Tools\Takeout Extracted\Takeout\Google Photos\Photos from 2010\Elijah at 17 months (3).JPG.supplemental-metad.json,Elijah,No,"Elijah at 17 months (3).JPG.supplemental-metad.json Takeout/Google Photos/Photos from 2010/Elijah at 17 months (3).JPG.supplemental-metad.json { ""title"": ""Elijah at 17 months (3).JPG"", ""description"": """", ""imageViews"": ""0"", ""creationTime"": { ""timestamp"": ""1362000934"", ""formatted"": ""Feb 27, 2013, 9:35:34 PM UTC"" }, ""photoTakenTime"": { ""timestamp"": ""1284734817"", ""formatted"": ""Sep 17, 2010, 2:46:57 PM UTC"" }, ""geoData"": { ""latitude"": 0.0, ""longitude"": 0.0, ""altitude"": 0.0, ""latitudeSpan"": 0.0, ""lon..."
C:\Users\thoma\Documents\Cyber Crimes Tools\Takeout Zips\takeout-20260602T071913Z-7-048.zip,takeout-20260602T071913Z-7-048.zip,Takeout/Google Photos/Photos from 2010/Elijah at 17 months (2).JPG.supplemental-metad.json,C:\Users\thoma\Documents\Cyber Crimes Tools\Takeout Extracted\Takeout\Google Photos\Photos from 2010\Elijah at 17 months (2).JPG.supplemental-metad.json,Elijah,No,"Elijah at 17 months (2).JPG.supplemental-metad.json Takeout/Google Photos/Photos from 2010/Elijah at 17 months (2).JPG.supplemental-metad.json { ""title"": ""Elijah at 17 months (2).JPG"", ""description"": """", ""imageViews"": ""0"", ""creationTime"": { ""timestamp"": ""1362000842"", ""formatted"": ""Feb 27, 2013, 9:34:02 PM UTC"" }, ""photoTakenTime"": { ""timestamp"": ""1284734813"", ""formatted"": ""Sep 17, 2010, 2:46:53 PM UTC"" }, ""geoData"": { ""latitude"": 0.0, ""longitude"": 0.0, ""altitude"": 0.0, ""latitudeSpan"": 0.0, ""lon..."
C:\Users\thoma\Documents\Cyber Crimes Tools\Takeout Zips\takeout-20260602T071913Z-7-048.zip,takeout-20260602T071913Z-7-048.zip,Takeout/Google Photos/Photos from 2010/Elijah at 17 months (29).JPG.supplemental-meta.json,C:\Users\thoma\Documents\Cyber Crimes Tools\Takeout Extracted\Takeout\Google Photos\Photos from 2010\Elijah at 17 months (29).JPG.supplemental-meta.json,Elijah,No,"Elijah at 17 months (29).JPG.supplemental-meta.json Takeout/Google Photos/Photos from 2010/Elijah at 17 months (29).JPG.supplemental-meta.json { ""title"": ""Elijah at 17 months (29).JPG"", ""description"": """", ""imageViews"": ""0"", ""creationTime"": { ""timestamp"": ""1362000922"", ""formatted"": ""Feb 27, 2013, 9:35:22 PM UTC"" }, ""photoTakenTime"": { ""timestamp"": ""1284913108"", ""formatted"": ""Sep 19, 2010, 4:18:28 PM UTC"" }, ""geoData"": { ""latitude"": 0.0, ""longitude"": 0.0, ""altitude"": 0.0, ""latitudeSpan"": 0.0, ""lo..."
C:\Users\thoma\Documents\Cyber Crimes Tools\Takeout Zips\takeout-20260602T071913Z-7-048.zip,takeout-20260602T071913Z-7-048.zip,Takeout/Google Photos/Photos from 2010/Elijah at 17 months (17).JPG.supplemental-meta.json,C:\Users\thoma\Documents\Cyber Crimes Tools\Takeout Extracted\Takeout\Google Photos\Photos from 2010\Elijah at 17 months (17).JPG.supplemental-meta.json,Elijah,No,"Elijah at 17 months (17).JPG.supplemental-meta.json Takeout/Google Photos/Photos from 2010/Elijah at 17 months (17).JPG.supplemental-meta.json { ""title"": ""Elijah at 17 months (17).JPG"", ""description"": """", ""imageViews"": ""0"", ""creationTime"": { ""timestamp"": ""1362000821"", ""formatted"": ""Feb 27, 2013, 9:33:41 PM UTC"" }, ""photoTakenTime"": { ""timestamp"": ""1284913060"", ""formatted"": ""Sep 19, 2010, 4:17:40 PM UTC"" }, ""geoData"": { ""latitude"": 0.0, ""longitude"": 0.0, ""altitude"": 0.0, ""latitudeSpan"": 0.0, ""lo..."
