Timestamp,Source File,Google Service,Event Type,Description,Device,IP,Additional Metadata
2024-04-19 18:00:12,C:\Users\thoma\Documents\Cyber Crimes Tools\Takeout Extracted\Takeout\Google Business Profile\account-109822854878924139108\location-4513462355681358635\localPost-1292530519349166278\data.json,Google Account; Google Business Profile,Dated record,"Line 9: ""updateTime"": ""2024-04-19T18:00:12.746053Z"",",,,{}
2024-04-19 18:00:12,C:\Users\thoma\Documents\Cyber Crimes Tools\Takeout Extracted\Takeout\Google Business Profile\account-109822854878924139108\location-4513462355681358635\localPost-1292530519349166278\data.json,Google Account; Google Business Profile,Dated record,"Line 10: ""createTime"": ""2024-04-19T18:00:12.746053Z"",",,,{}
2024-04-19 18:14:36,C:\Users\thoma\Documents\Cyber Crimes Tools\Takeout Extracted\Takeout\Google Business Profile\account-109822854878924139108\location-4513462355681358635\localPost-4645040979849330846\data.json,Google Account; Google Business Profile,Dated record,"Line 14: ""expirationTime"": ""2024-04-19T18:14:36.140275Z"",",,,{}
2024-04-19 18:15:25,C:\Users\thoma\Documents\Cyber Crimes Tools\Takeout Extracted\Takeout\Google Business Profile\account-109822854878924139108\location-4513462355681358635\localPost-3932744015570375417\data.json,Google Account; Google Business Profile,Dated record,"Line 13: ""expirationTime"": ""2024-04-19T18:15:25.883406Z"",",,,{}
2024-04-20 13:39:06,C:\Users\thoma\Documents\Cyber Crimes Tools\Takeout Extracted\Takeout\Google Business Profile\account-109822854878924139108\location-4513462355681358635\localPost-2241019928343832577\data.json,Google Account; Google Business Profile,Dated record,"Line 10: ""expirationTime"": ""2024-04-20T13:39:06.809131Z"",",,,{}
2024-04-22 20:48:12,C:\Users\thoma\Documents\Cyber Crimes Tools\Takeout Extracted\Takeout\Google Business Profile\account-109822854878924139108\location-4513462355681358635\localPost-8192038167320063481\data.json,Google Account; Google Business Profile,Dated record,"Line 9: ""updateTime"": ""2024-04-22T20:48:12.848403Z"",",,,{}
2024-04-22 20:48:12,C:\Users\thoma\Documents\Cyber Crimes Tools\Takeout Extracted\Takeout\Google Business Profile\account-109822854878924139108\location-4513462355681358635\localPost-8192038167320063481\data.json,Google Account; Google Business Profile,Dated record,"Line 10: ""createTime"": ""2024-04-22T20:48:12.848403Z"",",,,{}
2024-04-23 11:39:43,C:\Users\thoma\Documents\Cyber Crimes Tools\Takeout Extracted\Takeout\Google Business Profile\account-109822854878924139108\location-4513462355681358635\reviews-ABHRLXVciUqGn18cYjr3twVzR-9MjF5GDUbVuf.json,Google Account; Google Business Profile,Dated record,"Line 224: ""createTime"": ""2024-04-23T11:39:43.129751Z"",",,,{}
2024-04-23 11:39:43,C:\Users\thoma\Documents\Cyber Crimes Tools\Takeout Extracted\Takeout\Google Business Profile\account-109822854878924139108\location-4513462355681358635\reviews-ABHRLXVciUqGn18cYjr3twVzR-9MjF5GDUbVuf.json,Google Account; Google Business Profile,Dated record,"Line 225: ""updateTime"": ""2024-04-23T11:39:43.129751Z"",",,,{}
2024-04-23 13:57:03,C:\Users\thoma\Documents\Cyber Crimes Tools\Takeout Extracted\Takeout\Google Business Profile\account-109822854878924139108\location-3993888674377840527\reviews-ABHRLXVO-4wTk2hu45aFCCo2PWr5XwSBqE-I5m.json,Google Account; Google Business Profile,Dated record,"Line 8: ""createTime"": ""2024-04-23T13:57:03.383816Z"",",,,{}
2024-04-23 13:57:03,C:\Users\thoma\Documents\Cyber Crimes Tools\Takeout Extracted\Takeout\Google Business Profile\account-109822854878924139108\location-3993888674377840527\reviews-ABHRLXVO-4wTk2hu45aFCCo2PWr5XwSBqE-I5m.json,Google Account; Google Business Profile,Dated record,"Line 9: ""updateTime"": ""2024-04-23T13:57:03.383816Z"",",,,{}
2024-04-23 21:12:59,C:\Users\thoma\Documents\Cyber Crimes Tools\Takeout Extracted\Takeout\Google Business Profile\account-109822854878924139108\location-4513462355681358635\reviews-ABHRLXVciUqGn18cYjr3twVzR-9MjF5GDUbVuf.json,Google Account; Google Business Profile,Dated record,"Line 228: ""updateTime"": ""2024-04-23T21:12:59.556672Z""",,,{}
2024-04-23 21:13:37,C:\Users\thoma\Documents\Cyber Crimes Tools\Takeout Extracted\Takeout\Google Business Profile\account-109822854878924139108\location-4513462355681358635\localPost-3249107685513816098\data.json,Google Account; Google Business Profile,Dated record,"Line 9: ""updateTime"": ""2024-04-23T21:13:37.157273Z"",",,,{}
2024-04-23 21:13:37,C:\Users\thoma\Documents\Cyber Crimes Tools\Takeout Extracted\Takeout\Google Business Profile\account-109822854878924139108\location-4513462355681358635\localPost-3249107685513816098\data.json,Google Account; Google Business Profile,Dated record,"Line 10: ""createTime"": ""2024-04-23T21:13:37.157273Z"",",,,{}
2024-04-23 21:15:55,C:\Users\thoma\Documents\Cyber Crimes Tools\Takeout Extracted\Takeout\Google Business Profile\account-109822854878924139108\location-4513462355681358635\localPost-5890135045885771456\data.json,Google Account; Google Business Profile,Dated record,"Line 13: ""expirationTime"": ""2024-04-23T21:15:55.614519Z"",",,,{}
2024-04-23 21:19:57,C:\Users\thoma\Documents\Cyber Crimes Tools\Takeout Extracted\Takeout\Google Business Profile\account-109822854878924139108\location-4513462355681358635\localPost-7871765936417199075\data.json,Google Account; Google Business Profile,Dated record,"Line 9: ""updateTime"": ""2024-04-23T21:19:57.197781Z"",",,,{}
2024-04-23 21:19:57,C:\Users\thoma\Documents\Cyber Crimes Tools\Takeout Extracted\Takeout\Google Business Profile\account-109822854878924139108\location-4513462355681358635\localPost-7871765936417199075\data.json,Google Account; Google Business Profile,Dated record,"Line 10: ""createTime"": ""2024-04-23T21:19:57.197781Z"",",,,{}
2024-04-24 16:08:05,C:\Users\thoma\Documents\Cyber Crimes Tools\Takeout Extracted\Takeout\Google Business Profile\account-109822854878924139108\location-4513462355681358635\localPost-4600960242750126068\data.json,Google Account; Google Business Profile,Dated record,"Line 10: ""createTime"": ""2024-04-24T16:08:05.398476Z"",",,,{}
2024-04-24 18:11:06,C:\Users\thoma\Documents\Cyber Crimes Tools\Takeout Extracted\Takeout\Google Business Profile\account-109822854878924139108\location-4513462355681358635\localPost-6683017781992861107\data.json,Google Account; Google Business Profile,Dated record,"Line 13: ""expirationTime"": ""2024-04-24T18:11:06.482861Z"",",,,{}
2024-04-25 15:13:10,C:\Users\thoma\Documents\Cyber Crimes Tools\Takeout Extracted\Takeout\Google Business Profile\account-109822854878924139108\location-4513462355681358635\localPost-207423620139057303\data.json,Google Account; Google Business Profile,Dated record,"Line 10: ""expirationTime"": ""2024-04-25T15:13:10.359898Z"",",,,{}
2024-04-25 17:13:23,C:\Users\thoma\Documents\Cyber Crimes Tools\Takeout Extracted\Takeout\Google Business Profile\account-109822854878924139108\location-4513462355681358635\localPost-1249691615607436783\data.json,Google Account; Google Business Profile,Dated record,"Line 10: ""updateTime"": ""2024-04-25T17:13:23.787400Z"",",,,{}
2024-04-25 17:13:23,C:\Users\thoma\Documents\Cyber Crimes Tools\Takeout Extracted\Takeout\Google Business Profile\account-109822854878924139108\location-4513462355681358635\localPost-1249691615607436783\data.json,Google Account; Google Business Profile,Dated record,"Line 11: ""createTime"": ""2024-04-25T17:13:23.787400Z"",",,,{}
2024-04-26 15:06:58,C:\Users\thoma\Documents\Cyber Crimes Tools\Takeout Extracted\Takeout\Google Business Profile\account-109822854878924139108\location-4513462355681358635\localPost-4600960242750126068\data.json,Google Account; Google Business Profile,Dated record,"Line 9: ""updateTime"": ""2024-04-26T15:06:58.189466Z"",",,,{}
2024-04-26 15:08:04,C:\Users\thoma\Documents\Cyber Crimes Tools\Takeout Extracted\Takeout\Google Business Profile\account-109822854878924139108\location-4513462355681358635\localPost-8816426607840567306\data.json,Google Account; Google Business Profile,Dated record,"Line 9: ""updateTime"": ""2024-04-26T15:08:04.649656Z"",",,,{}
2024-04-26 15:08:04,C:\Users\thoma\Documents\Cyber Crimes Tools\Takeout Extracted\Takeout\Google Business Profile\account-109822854878924139108\location-4513462355681358635\localPost-8816426607840567306\data.json,Google Account; Google Business Profile,Dated record,"Line 10: ""createTime"": ""2024-04-26T15:08:04.649656Z"",",,,{}
2024-04-26 15:09:36,C:\Users\thoma\Documents\Cyber Crimes Tools\Takeout Extracted\Takeout\Google Business Profile\account-109822854878924139108\location-4513462355681358635\localPost-3172057915549246425\data.json,Google Account; Google Business Profile,Dated record,"Line 9: ""updateTime"": ""2024-04-26T15:09:36.414570Z"",",,,{}
2024-04-26 15:09:36,C:\Users\thoma\Documents\Cyber Crimes Tools\Takeout Extracted\Takeout\Google Business Profile\account-109822854878924139108\location-4513462355681358635\localPost-3172057915549246425\data.json,Google Account; Google Business Profile,Dated record,"Line 10: ""createTime"": ""2024-04-26T15:09:36.414570Z"",",,,{}
2024-04-26 19:40:33,C:\Users\thoma\Documents\Cyber Crimes Tools\Takeout Extracted\Takeout\Google Business Profile\account-109822854878924139108\location-4513462355681358635\reviews-ABHRLXVciUqGn18cYjr3twVzR-9MjF5GDUbVuf.json,Google Account; Google Business Profile,Dated record,"Line 212: ""createTime"": ""2024-04-26T19:40:33.897204Z"",",,,{}
2024-04-26 19:40:33,C:\Users\thoma\Documents\Cyber Crimes Tools\Takeout Extracted\Takeout\Google Business Profile\account-109822854878924139108\location-4513462355681358635\reviews-ABHRLXVciUqGn18cYjr3twVzR-9MjF5GDUbVuf.json,Google Account; Google Business Profile,Dated record,"Line 213: ""updateTime"": ""2024-04-26T19:40:33.897204Z"",",,,{}
