CanonicalEventId,TimestampedScreenshotPath,TimestampedScreenshotFileName,HtmlMediaPath,HtmlMediaFileName,PhotosFolderPath,MessageAttachmentsPhotosPath,SHA256,SizeBytes,Dimensions,SameHashMatch,SameTimestampMatch,SameContentPossible,Notes
CE-001,C:\Users\thoma\Documents\Cyber Crimes\Hurd Evidence 2024-05-08\Hurd Evidence 2024-05-08\Message Attachments\Photos\Screenshot 2024-04-19 at 11.10.03ΓÇ»AM.jpeg,Screenshot 2024-04-19 at 11.10.03ΓÇ»AM.jpeg,C:\Users\thoma\Documents\Cyber Crimes\Hurd Evidence 2024-05-08\Hurd Evidence 2024-05-08\Messages\HTML\media\Screenshot 2024-04-19 at 11.10.03ΓÇ»AM.jpeg,Screenshot 2024-04-19 at 11.10.03ΓÇ»AM.jpeg,,C:\Users\thoma\Documents\Cyber Crimes\Hurd Evidence 2024-05-08\Hurd Evidence 2024-05-08\Message Attachments\Photos\Screenshot 2024-04-19 at 11.10.03ΓÇ»AM.jpeg,68F266EFC1CA43C620ACDAE4BE96844D6705F237AC0F23BED916E15ED0B98102,369909,1170 x 2532,Yes,Unknown,Yes - same SHA256,Do not assume either timestamped screenshot filename or HTML/media filename was the native iPhone attachment filename without sms.db confirmation.
CE-002,C:\Users\thoma\Documents\Cyber Crimes\Hurd Evidence 2024-05-08\Hurd Evidence 2024-05-08\Message Attachments\Photos\Screenshot 2024-04-19 at 11.14.53ΓÇ»AM.jpeg,Screenshot 2024-04-19 at 11.14.53ΓÇ»AM.jpeg,C:\Users\thoma\Documents\Cyber Crimes\Hurd Evidence 2024-05-08\Hurd Evidence 2024-05-08\Messages\HTML\media\Screenshot 2024-04-19 at 11.14.53ΓÇ»AM.jpeg,Screenshot 2024-04-19 at 11.14.53ΓÇ»AM.jpeg,,C:\Users\thoma\Documents\Cyber Crimes\Hurd Evidence 2024-05-08\Hurd Evidence 2024-05-08\Message Attachments\Photos\Screenshot 2024-04-19 at 11.14.53ΓÇ»AM.jpeg,42037285CD32F5EEB7E12EFB5C4F19A414BCE25E90EC6E2448DE5B00A312A7E6,536954,1170 x 2532,Yes,Unknown,Yes - same SHA256,Do not assume either timestamped screenshot filename or HTML/media filename was the native iPhone attachment filename without sms.db confirmation.
CE-003,C:\Users\thoma\Documents\Cyber Crimes\Hurd Evidence 2024-05-08\Hurd Evidence 2024-05-08\Message Attachments\Photos\Screenshot 2024-04-19 at 11.21.18ΓÇ»AM.jpeg,Screenshot 2024-04-19 at 11.21.18ΓÇ»AM.jpeg,C:\Users\thoma\Documents\Cyber Crimes\Hurd Evidence 2024-05-08\Hurd Evidence 2024-05-08\Messages\HTML\media\Screenshot 2024-04-19 at 11.21.18ΓÇ»AM.jpeg,Screenshot 2024-04-19 at 11.21.18ΓÇ»AM.jpeg,,C:\Users\thoma\Documents\Cyber Crimes\Hurd Evidence 2024-05-08\Hurd Evidence 2024-05-08\Message Attachments\Photos\Screenshot 2024-04-19 at 11.21.18ΓÇ»AM.jpeg,78DC921AB95969AE5825991D6295A4D68C9DA5DEC1BC2C67A7C8AEBE64F0A729,272510,1170 x 2532,Yes,Unknown,Yes - same SHA256,Do not assume either timestamped screenshot filename or HTML/media filename was the native iPhone attachment filename without sms.db confirmation.
CE-004,C:\Users\thoma\Documents\Cyber Crimes\Hurd Evidence 2024-05-08\Hurd Evidence 2024-05-08\Message Attachments\Photos\Screenshot 2024-04-19 at 7.22.24ΓÇ»PM.jpeg,Screenshot 2024-04-19 at 7.22.24ΓÇ»PM.jpeg,C:\Users\thoma\Documents\Cyber Crimes\Hurd Evidence 2024-05-08\Hurd Evidence 2024-05-08\Messages\HTML\media\Screenshot 2024-04-19 at 7.22.24ΓÇ»PM.jpeg,Screenshot 2024-04-19 at 7.22.24ΓÇ»PM.jpeg,,C:\Users\thoma\Documents\Cyber Crimes\Hurd Evidence 2024-05-08\Hurd Evidence 2024-05-08\Message Attachments\Photos\Screenshot 2024-04-19 at 7.22.24ΓÇ»PM.jpeg,E1BFF9B67CE70AF043F83505AED85BBDE5BF27DA1A1D1B6B4FF8213FAFD29322,164095,1170 x 2532,Yes,Unknown,Yes - same SHA256,Do not assume either timestamped screenshot filename or HTML/media filename was the native iPhone attachment filename without sms.db confirmation.
CE-005,C:\Users\thoma\Documents\Cyber Crimes\Hurd Evidence 2024-05-08\Hurd Evidence 2024-05-08\Message Attachments\Photos\Screenshot 2024-04-25 at 12.23.36ΓÇ»PM.jpeg,Screenshot 2024-04-25 at 12.23.36ΓÇ»PM.jpeg,C:\Users\thoma\Documents\Cyber Crimes\Hurd Evidence 2024-05-08\Hurd Evidence 2024-05-08\Messages\HTML\media\Screenshot 2024-04-25 at 12.23.36ΓÇ»PM.jpeg,Screenshot 2024-04-25 at 12.23.36ΓÇ»PM.jpeg,,C:\Users\thoma\Documents\Cyber Crimes\Hurd Evidence 2024-05-08\Hurd Evidence 2024-05-08\Message Attachments\Photos\Screenshot 2024-04-25 at 12.23.36ΓÇ»PM.jpeg,87ACA0D3E894949ECDC718C82E88052BE73EC351024D8DF789E0D4B977FBD299,254679,1170 x 2532,Yes,Unknown,Yes - same SHA256,Do not assume either timestamped screenshot filename or HTML/media filename was the native iPhone attachment filename without sms.db confirmation.
CE-006,C:\Users\thoma\Documents\Cyber Crimes\Hurd Evidence 2024-05-08\Hurd Evidence 2024-05-08\Message Attachments\Photos\Screenshot 2024-04-25 at 12.26.18ΓÇ»PM.jpeg,Screenshot 2024-04-25 at 12.26.18ΓÇ»PM.jpeg,C:\Users\thoma\Documents\Cyber Crimes\Hurd Evidence 2024-05-08\Hurd Evidence 2024-05-08\Messages\HTML\media\Screenshot 2024-04-25 at 12.26.18ΓÇ»PM.jpeg,Screenshot 2024-04-25 at 12.26.18ΓÇ»PM.jpeg,,C:\Users\thoma\Documents\Cyber Crimes\Hurd Evidence 2024-05-08\Hurd Evidence 2024-05-08\Message Attachments\Photos\Screenshot 2024-04-25 at 12.26.18ΓÇ»PM.jpeg,BFF7F9C4F04ACF193D74AC50B0C7BB2F2744E42507825CBEDA17D945465A294F,210955,1170 x 2532,Yes,Unknown,Yes - same SHA256,Do not assume either timestamped screenshot filename or HTML/media filename was the native iPhone attachment filename without sms.db confirmation.
CE-007,C:\Users\thoma\Documents\Cyber Crimes\Hurd Evidence 2024-05-08\Hurd Evidence 2024-05-08\Message Attachments\Photos\Screenshot 2024-04-25 at 12.28.23ΓÇ»PM.jpeg,Screenshot 2024-04-25 at 12.28.23ΓÇ»PM.jpeg,C:\Users\thoma\Documents\Cyber Crimes\Hurd Evidence 2024-05-08\Hurd Evidence 2024-05-08\Messages\HTML\media\Screenshot 2024-04-25 at 12.28.23ΓÇ»PM.jpeg,Screenshot 2024-04-25 at 12.28.23ΓÇ»PM.jpeg,,C:\Users\thoma\Documents\Cyber Crimes\Hurd Evidence 2024-05-08\Hurd Evidence 2024-05-08\Message Attachments\Photos\Screenshot 2024-04-25 at 12.28.23ΓÇ»PM.jpeg,8A3C1943AB7C479A86A55D1F1F2817683753464109DBAFD75530E0C0F0D86A7E,358193,1170 x 2532,Yes,Unknown,Yes - same SHA256,Do not assume either timestamped screenshot filename or HTML/media filename was the native iPhone attachment filename without sms.db confirmation.
CE-008,C:\Users\thoma\Documents\Cyber Crimes\Hurd Evidence 2024-05-08\Hurd Evidence 2024-05-08\Message Attachments\Photos\Screenshot 2024-04-25 at 12.29.02ΓÇ»PM.jpeg,Screenshot 2024-04-25 at 12.29.02ΓÇ»PM.jpeg,C:\Users\thoma\Documents\Cyber Crimes\Hurd Evidence 2024-05-08\Hurd Evidence 2024-05-08\Messages\HTML\media\Screenshot 2024-04-25 at 12.29.02ΓÇ»PM.jpeg,Screenshot 2024-04-25 at 12.29.02ΓÇ»PM.jpeg,,C:\Users\thoma\Documents\Cyber Crimes\Hurd Evidence 2024-05-08\Hurd Evidence 2024-05-08\Message Attachments\Photos\Screenshot 2024-04-25 at 12.29.02ΓÇ»PM.jpeg,396770C72B2966AEF888BB0ED0D759129E9E1B980E6AFFEB31226FB0DEEE2470,254626,1170 x 2532,Yes,Unknown,Yes - same SHA256,Do not assume either timestamped screenshot filename or HTML/media filename was the native iPhone attachment filename without sms.db confirmation.
CE-009,C:\Users\thoma\Documents\Cyber Crimes\Hurd Evidence 2024-05-08\Hurd Evidence 2024-05-08\Message Attachments\Photos\Screenshot 2024-04-25 at 12.32.17ΓÇ»PM.jpeg,Screenshot 2024-04-25 at 12.32.17ΓÇ»PM.jpeg,C:\Users\thoma\Documents\Cyber Crimes\Hurd Evidence 2024-05-08\Hurd Evidence 2024-05-08\Messages\HTML\media\Screenshot 2024-04-25 at 12.32.17ΓÇ»PM.jpeg,Screenshot 2024-04-25 at 12.32.17ΓÇ»PM.jpeg,,C:\Users\thoma\Documents\Cyber Crimes\Hurd Evidence 2024-05-08\Hurd Evidence 2024-05-08\Message Attachments\Photos\Screenshot 2024-04-25 at 12.32.17ΓÇ»PM.jpeg,148C2FB4689B1D15679D7BFBC11B57D203715B49EA9AF91D88B080E9547DBB10,371150,1170 x 2532,Yes,Unknown,Yes - same SHA256,Do not assume either timestamped screenshot filename or HTML/media filename was the native iPhone attachment filename without sms.db confirmation.
CE-010,C:\Users\thoma\Documents\Cyber Crimes\Hurd Evidence 2024-05-08\Hurd Evidence 2024-05-08\Message Attachments\Photos\Screenshot 2024-04-25 at 12.33.27ΓÇ»PM.jpeg,Screenshot 2024-04-25 at 12.33.27ΓÇ»PM.jpeg,C:\Users\thoma\Documents\Cyber Crimes\Hurd Evidence 2024-05-08\Hurd Evidence 2024-05-08\Messages\HTML\media\Screenshot 2024-04-25 at 12.33.27ΓÇ»PM.jpeg,Screenshot 2024-04-25 at 12.33.27ΓÇ»PM.jpeg,,C:\Users\thoma\Documents\Cyber Crimes\Hurd Evidence 2024-05-08\Hurd Evidence 2024-05-08\Message Attachments\Photos\Screenshot 2024-04-25 at 12.33.27ΓÇ»PM.jpeg,843172AFDB5765C9BBDA337C1546020DE4F29A2CBD61045A98475FA481737F0F,320125,1170 x 2532,Yes,Unknown,Yes - same SHA256,Do not assume either timestamped screenshot filename or HTML/media filename was the native iPhone attachment filename without sms.db confirmation.
CE-011,C:\Users\thoma\Documents\Cyber Crimes\Hurd Evidence 2024-05-08\Hurd Evidence 2024-05-08\Message Attachments\Photos\Screenshot 2024-04-25 at 12.43.03ΓÇ»PM.jpeg,Screenshot 2024-04-25 at 12.43.03ΓÇ»PM.jpeg,C:\Users\thoma\Documents\Cyber Crimes\Hurd Evidence 2024-05-08\Hurd Evidence 2024-05-08\Messages\HTML\media\Screenshot 2024-04-25 at 12.43.03ΓÇ»PM.jpeg,Screenshot 2024-04-25 at 12.43.03ΓÇ»PM.jpeg,,C:\Users\thoma\Documents\Cyber Crimes\Hurd Evidence 2024-05-08\Hurd Evidence 2024-05-08\Message Attachments\Photos\Screenshot 2024-04-25 at 12.43.03ΓÇ»PM.jpeg,057A0756A89DCD96D224EB14A76B4319D4BF1D9BE0E47B1FAD48EF36C0C07C53,184198,1170 x 2532,Yes,Unknown,Yes - same SHA256,Do not assume either timestamped screenshot filename or HTML/media filename was the native iPhone attachment filename without sms.db confirmation.
CE-012,C:\Users\thoma\Documents\Cyber Crimes\Hurd Evidence 2024-05-08\Hurd Evidence 2024-05-08\Messages\HTML\media\Screenshot 2024-04-25 at 12.44.13ΓÇ»PM.jpeg,Screenshot 2024-04-25 at 12.44.13ΓÇ»PM.jpeg,C:\Users\thoma\Documents\Cyber Crimes\Hurd Evidence 2024-05-08\Hurd Evidence 2024-05-08\Messages\HTML\media\Screenshot 2024-04-25 at 12.44.13ΓÇ»PM.jpeg,Screenshot 2024-04-25 at 12.44.13ΓÇ»PM.jpeg,,,E65E6D7F7B4D7CDA7C86121E3EEFF04E52373815D65857742FE5767F99D13A13,214724,1170 x 2532,Yes,Unknown,Yes - same SHA256,Do not assume either timestamped screenshot filename or HTML/media filename was the native iPhone attachment filename without sms.db confirmation.
CE-013,C:\Users\thoma\Documents\Cyber Crimes\Hurd Evidence 2024-05-08\Hurd Evidence 2024-05-08\Message Attachments\Photos\Screenshot 2024-04-25 at 12.45.10ΓÇ»PM.jpeg,Screenshot 2024-04-25 at 12.45.10ΓÇ»PM.jpeg,C:\Users\thoma\Documents\Cyber Crimes\Hurd Evidence 2024-05-08\Hurd Evidence 2024-05-08\Messages\HTML\media\Screenshot 2024-04-25 at 12.45.10ΓÇ»PM.jpeg,Screenshot 2024-04-25 at 12.45.10ΓÇ»PM.jpeg,,C:\Users\thoma\Documents\Cyber Crimes\Hurd Evidence 2024-05-08\Hurd Evidence 2024-05-08\Message Attachments\Photos\Screenshot 2024-04-25 at 12.45.10ΓÇ»PM.jpeg,2B7F34BDAAA23F44457CB0F40D361BBC447E010217CBD8579F46815DE47A7E17,277624,1170 x 2532,Yes,Unknown,Yes - same SHA256,Do not assume either timestamped screenshot filename or HTML/media filename was the native iPhone attachment filename without sms.db confirmation.
CE-014,C:\Users\thoma\Documents\Cyber Crimes\Hurd Evidence 2024-05-08\Hurd Evidence 2024-05-08\Message Attachments\Photos\Screenshot 2024-04-25 at 12.46.57ΓÇ»PM.jpeg,Screenshot 2024-04-25 at 12.46.57ΓÇ»PM.jpeg,C:\Users\thoma\Documents\Cyber Crimes\Hurd Evidence 2024-05-08\Hurd Evidence 2024-05-08\Messages\HTML\media\Screenshot 2024-04-25 at 12.46.57ΓÇ»PM.jpeg,Screenshot 2024-04-25 at 12.46.57ΓÇ»PM.jpeg,,C:\Users\thoma\Documents\Cyber Crimes\Hurd Evidence 2024-05-08\Hurd Evidence 2024-05-08\Message Attachments\Photos\Screenshot 2024-04-25 at 12.46.57ΓÇ»PM.jpeg,B965A660654FC5792BA5B5B205DA258A64B8D4ED3594CB4F0D83EA124C6CE3EC,280822,1170 x 2532,Yes,Unknown,Yes - same SHA256,Do not assume either timestamped screenshot filename or HTML/media filename was the native iPhone attachment filename without sms.db confirmation.
CE-015,C:\Users\thoma\Documents\Cyber Crimes\Hurd Evidence 2024-05-08\Hurd Evidence 2024-05-08\Message Attachments\Photos\Screenshot 2024-04-25 at 12.48.04ΓÇ»PM.jpeg,Screenshot 2024-04-25 at 12.48.04ΓÇ»PM.jpeg,C:\Users\thoma\Documents\Cyber Crimes\Hurd Evidence 2024-05-08\Hurd Evidence 2024-05-08\Messages\HTML\media\Screenshot 2024-04-25 at 12.48.04ΓÇ»PM.jpeg,Screenshot 2024-04-25 at 12.48.04ΓÇ»PM.jpeg,,C:\Users\thoma\Documents\Cyber Crimes\Hurd Evidence 2024-05-08\Hurd Evidence 2024-05-08\Message Attachments\Photos\Screenshot 2024-04-25 at 12.48.04ΓÇ»PM.jpeg,E37C71DB2139BCF3AB031F72A51B351DDC83FC3FD409B4BB1302D4CEBA3E7CF9,258876,1170 x 2532,Yes,Unknown,Yes - same SHA256,Do not assume either timestamped screenshot filename or HTML/media filename was the native iPhone attachment filename without sms.db confirmation.
CE-016,C:\Users\thoma\Documents\Cyber Crimes\Hurd Evidence 2024-05-08\Hurd Evidence 2024-05-08\Message Attachments\Photos\Screenshot 2024-04-25 at 12.49.10ΓÇ»PM.jpeg,Screenshot 2024-04-25 at 12.49.10ΓÇ»PM.jpeg,C:\Users\thoma\Documents\Cyber Crimes\Hurd Evidence 2024-05-08\Hurd Evidence 2024-05-08\Messages\HTML\media\Screenshot 2024-04-25 at 12.49.10ΓÇ»PM.jpeg,Screenshot 2024-04-25 at 12.49.10ΓÇ»PM.jpeg,,C:\Users\thoma\Documents\Cyber Crimes\Hurd Evidence 2024-05-08\Hurd Evidence 2024-05-08\Message Attachments\Photos\Screenshot 2024-04-25 at 12.49.10ΓÇ»PM.jpeg,3EB14BD68DA5395702E6C59D47D00DDF9ABB3490898DA7C871A46B2471FFDCE9,306780,1170 x 2532,Yes,Unknown,Yes - same SHA256,Do not assume either timestamped screenshot filename or HTML/media filename was the native iPhone attachment filename without sms.db confirmation.
CE-017,C:\Users\thoma\Documents\Cyber Crimes\Hurd Evidence 2024-05-08\Hurd Evidence 2024-05-08\Messages\HTML\media\Screenshot 2024-04-25 at 12.50.49ΓÇ»PM.jpeg,Screenshot 2024-04-25 at 12.50.49ΓÇ»PM.jpeg,C:\Users\thoma\Documents\Cyber Crimes\Hurd Evidence 2024-05-08\Hurd Evidence 2024-05-08\Messages\HTML\media\Screenshot 2024-04-25 at 12.50.49ΓÇ»PM.jpeg,Screenshot 2024-04-25 at 12.50.49ΓÇ»PM.jpeg,,,A64EB2285D62A3AABE20461397EEBFE3F1290DCEFBEA53A78DB187E919CDC329,387040,1170 x 2532,Yes,Unknown,Yes - same SHA256,Do not assume either timestamped screenshot filename or HTML/media filename was the native iPhone attachment filename without sms.db confirmation.
CE-018,C:\Users\thoma\Documents\Cyber Crimes\Hurd Evidence 2024-05-08\Hurd Evidence 2024-05-08\Message Attachments\Photos\Screenshot 2024-04-25 at 12.54.32ΓÇ»PM.jpeg,Screenshot 2024-04-25 at 12.54.32ΓÇ»PM.jpeg,C:\Users\thoma\Documents\Cyber Crimes\Hurd Evidence 2024-05-08\Hurd Evidence 2024-05-08\Messages\HTML\media\Screenshot 2024-04-25 at 12.54.32ΓÇ»PM.jpeg,Screenshot 2024-04-25 at 12.54.32ΓÇ»PM.jpeg,,C:\Users\thoma\Documents\Cyber Crimes\Hurd Evidence 2024-05-08\Hurd Evidence 2024-05-08\Message Attachments\Photos\Screenshot 2024-04-25 at 12.54.32ΓÇ»PM.jpeg,9BB9AA3EC59B4717E3FAC9BED9650A5BE6120C087CCDF18F999985A2CBCDC0B9,584864,1170 x 2532,Yes,Unknown,Yes - same SHA256,Do not assume either timestamped screenshot filename or HTML/media filename was the native iPhone attachment filename without sms.db confirmation.
CE-019,C:\Users\thoma\Documents\Cyber Crimes\Hurd Evidence 2024-05-08\Hurd Evidence 2024-05-08\Message Attachments\Photos\Screenshot 2024-04-25 at 12.56.09ΓÇ»PM.jpeg,Screenshot 2024-04-25 at 12.56.09ΓÇ»PM.jpeg,C:\Users\thoma\Documents\Cyber Crimes\Hurd Evidence 2024-05-08\Hurd Evidence 2024-05-08\Messages\HTML\media\Screenshot 2024-04-25 at 12.56.09ΓÇ»PM.jpeg,Screenshot 2024-04-25 at 12.56.09ΓÇ»PM.jpeg,,C:\Users\thoma\Documents\Cyber Crimes\Hurd Evidence 2024-05-08\Hurd Evidence 2024-05-08\Message Attachments\Photos\Screenshot 2024-04-25 at 12.56.09ΓÇ»PM.jpeg,68596B884DC01D9467A30A0193F8763795AD998B4ACCC204B615A7B13F95369E,437572,1170 x 2532,Yes,Unknown,Yes - same SHA256,Do not assume either timestamped screenshot filename or HTML/media filename was the native iPhone attachment filename without sms.db confirmation.
CE-020,C:\Users\thoma\Documents\Cyber Crimes\Hurd Evidence 2024-05-08\Hurd Evidence 2024-05-08\Message Attachments\Photos\Screenshot 2024-04-25 at 12.56.37ΓÇ»PM.jpeg,Screenshot 2024-04-25 at 12.56.37ΓÇ»PM.jpeg,C:\Users\thoma\Documents\Cyber Crimes\Hurd Evidence 2024-05-08\Hurd Evidence 2024-05-08\Messages\HTML\media\Screenshot 2024-04-25 at 12.56.37ΓÇ»PM.jpeg,Screenshot 2024-04-25 at 12.56.37ΓÇ»PM.jpeg,,C:\Users\thoma\Documents\Cyber Crimes\Hurd Evidence 2024-05-08\Hurd Evidence 2024-05-08\Message Attachments\Photos\Screenshot 2024-04-25 at 12.56.37ΓÇ»PM.jpeg,58F7081EF73C5B5C64DE77F726BAE14007AF0313A2B421D3A931F4142B06A901,327981,1170 x 2532,Yes,Unknown,Yes - same SHA256,Do not assume either timestamped screenshot filename or HTML/media filename was the native iPhone attachment filename without sms.db confirmation.
CE-021,C:\Users\thoma\Documents\Cyber Crimes\Hurd Evidence 2024-05-08\Hurd Evidence 2024-05-08\Message Attachments\Photos\Screenshot 2024-04-25 at 1.04.21ΓÇ»PM.jpeg,Screenshot 2024-04-25 at 1.04.21ΓÇ»PM.jpeg,C:\Users\thoma\Documents\Cyber Crimes\Hurd Evidence 2024-05-08\Hurd Evidence 2024-05-08\Messages\HTML\media\Screenshot 2024-04-25 at 1.04.21ΓÇ»PM.jpeg,Screenshot 2024-04-25 at 1.04.21ΓÇ»PM.jpeg,,C:\Users\thoma\Documents\Cyber Crimes\Hurd Evidence 2024-05-08\Hurd Evidence 2024-05-08\Message Attachments\Photos\Screenshot 2024-04-25 at 1.04.21ΓÇ»PM.jpeg,3A938F424C9BF895F7E40D6741D045645E5B92129D989B74B6F7CF86C0F84B7D,400260,1170 x 2532,Yes,Unknown,Yes - same SHA256,Do not assume either timestamped screenshot filename or HTML/media filename was the native iPhone attachment filename without sms.db confirmation.
CE-022,C:\Users\thoma\Documents\Cyber Crimes\Hurd Evidence 2024-05-08\Hurd Evidence 2024-05-08\Message Attachments\Photos\Screenshot 2024-04-25 at 1.04.58ΓÇ»PM.jpeg,Screenshot 2024-04-25 at 1.04.58ΓÇ»PM.jpeg,C:\Users\thoma\Documents\Cyber Crimes\Hurd Evidence 2024-05-08\Hurd Evidence 2024-05-08\Messages\HTML\media\Screenshot 2024-04-25 at 1.04.58ΓÇ»PM.jpeg,Screenshot 2024-04-25 at 1.04.58ΓÇ»PM.jpeg,,C:\Users\thoma\Documents\Cyber Crimes\Hurd Evidence 2024-05-08\Hurd Evidence 2024-05-08\Message Attachments\Photos\Screenshot 2024-04-25 at 1.04.58ΓÇ»PM.jpeg,61AB907196D745510298A8CAB61A2E9745B519219A3BF22653F0FE35A6422657,530026,1170 x 2532,Yes,Unknown,Yes - same SHA256,Do not assume either timestamped screenshot filename or HTML/media filename was the native iPhone attachment filename without sms.db confirmation.
CE-023,C:\Users\thoma\Documents\Cyber Crimes\Hurd Evidence 2024-05-08\Hurd Evidence 2024-05-08\Message Attachments\Photos\Screenshot 2024-04-25 at 1.06.02ΓÇ»PM.jpeg,Screenshot 2024-04-25 at 1.06.02ΓÇ»PM.jpeg,C:\Users\thoma\Documents\Cyber Crimes\Hurd Evidence 2024-05-08\Hurd Evidence 2024-05-08\Messages\HTML\media\Screenshot 2024-04-25 at 1.06.02ΓÇ»PM.jpeg,Screenshot 2024-04-25 at 1.06.02ΓÇ»PM.jpeg,,C:\Users\thoma\Documents\Cyber Crimes\Hurd Evidence 2024-05-08\Hurd Evidence 2024-05-08\Message Attachments\Photos\Screenshot 2024-04-25 at 1.06.02ΓÇ»PM.jpeg,C714504AF995F2621EAF40A600E81938D9EFD3305ACB00404DA39A092E84097F,248572,1170 x 2532,Yes,Unknown,Yes - same SHA256,Do not assume either timestamped screenshot filename or HTML/media filename was the native iPhone attachment filename without sms.db confirmation.
CE-024,C:\Users\thoma\Documents\Cyber Crimes\Hurd Evidence 2024-05-08\Hurd Evidence 2024-05-08\Messages\HTML\media\Screenshot 2024-04-25 at 1.06.27ΓÇ»PM.jpeg,Screenshot 2024-04-25 at 1.06.27ΓÇ»PM.jpeg,C:\Users\thoma\Documents\Cyber Crimes\Hurd Evidence 2024-05-08\Hurd Evidence 2024-05-08\Messages\HTML\media\Screenshot 2024-04-25 at 1.06.27ΓÇ»PM.jpeg,Screenshot 2024-04-25 at 1.06.27ΓÇ»PM.jpeg,,,036DF25AEAD5F44FAD8EC9A0371BC5E32D2CE021FAFD1A243B5F2B2C8985DA4C,258085,1170 x 2532,Yes,Unknown,Yes - same SHA256,Do not assume either timestamped screenshot filename or HTML/media filename was the native iPhone attachment filename without sms.db confirmation.
CE-025,C:\Users\thoma\Documents\Cyber Crimes\Hurd Evidence 2024-05-08\Hurd Evidence 2024-05-08\Message Attachments\Photos\Screenshot 2024-04-25 at 1.09.50ΓÇ»PM.jpeg,Screenshot 2024-04-25 at 1.09.50ΓÇ»PM.jpeg,C:\Users\thoma\Documents\Cyber Crimes\Hurd Evidence 2024-05-08\Hurd Evidence 2024-05-08\Messages\HTML\media\Screenshot 2024-04-25 at 1.09.50ΓÇ»PM.jpeg,Screenshot 2024-04-25 at 1.09.50ΓÇ»PM.jpeg,,C:\Users\thoma\Documents\Cyber Crimes\Hurd Evidence 2024-05-08\Hurd Evidence 2024-05-08\Message Attachments\Photos\Screenshot 2024-04-25 at 1.09.50ΓÇ»PM.jpeg,33F499A9943BD22BD4F156D74868451E2040EDB9A7181DC0578F606D4EF2D207,355374,1170 x 2532,Yes,Unknown,Yes - same SHA256,Do not assume either timestamped screenshot filename or HTML/media filename was the native iPhone attachment filename without sms.db confirmation.
CE-026,C:\Users\thoma\Documents\Cyber Crimes\Hurd Evidence 2024-05-08\Hurd Evidence 2024-05-08\Message Attachments\Photos\Screenshot 2024-04-25 at 1.10.25ΓÇ»PM.jpeg,Screenshot 2024-04-25 at 1.10.25ΓÇ»PM.jpeg,C:\Users\thoma\Documents\Cyber Crimes\Hurd Evidence 2024-05-08\Hurd Evidence 2024-05-08\Messages\HTML\media\Screenshot 2024-04-25 at 1.10.25ΓÇ»PM.jpeg,Screenshot 2024-04-25 at 1.10.25ΓÇ»PM.jpeg,,C:\Users\thoma\Documents\Cyber Crimes\Hurd Evidence 2024-05-08\Hurd Evidence 2024-05-08\Message Attachments\Photos\Screenshot 2024-04-25 at 1.10.25ΓÇ»PM.jpeg,9AE509BCDFEFB45C575920D0F200D8C685689DE8CDB460083484B78D31A4D5E2,427729,1170 x 2532,Yes,Unknown,Yes - same SHA256,Do not assume either timestamped screenshot filename or HTML/media filename was the native iPhone attachment filename without sms.db confirmation.
CE-027,C:\Users\thoma\Documents\Cyber Crimes\Hurd Evidence 2024-05-08\Hurd Evidence 2024-05-08\Message Attachments\Photos\Screenshot 2024-04-25 at 1.11.40ΓÇ»PM.jpeg,Screenshot 2024-04-25 at 1.11.40ΓÇ»PM.jpeg,C:\Users\thoma\Documents\Cyber Crimes\Hurd Evidence 2024-05-08\Hurd Evidence 2024-05-08\Messages\HTML\media\Screenshot 2024-04-25 at 1.11.40ΓÇ»PM.jpeg,Screenshot 2024-04-25 at 1.11.40ΓÇ»PM.jpeg,,C:\Users\thoma\Documents\Cyber Crimes\Hurd Evidence 2024-05-08\Hurd Evidence 2024-05-08\Message Attachments\Photos\Screenshot 2024-04-25 at 1.11.40ΓÇ»PM.jpeg,8A35D288F1B82412F66F8517115F2229D6D535DF29A062F7DF8CABC01A697AB8,201500,1170 x 2532,Yes,Unknown,Yes - same SHA256,Do not assume either timestamped screenshot filename or HTML/media filename was the native iPhone attachment filename without sms.db confirmation.
CE-028,C:\Users\thoma\Documents\Cyber Crimes\Hurd Evidence 2024-05-08\Hurd Evidence 2024-05-08\Message Attachments\Photos\Screenshot 2024-04-25 at 1.13.10ΓÇ»PM.jpeg,Screenshot 2024-04-25 at 1.13.10ΓÇ»PM.jpeg,C:\Users\thoma\Documents\Cyber Crimes\Hurd Evidence 2024-05-08\Hurd Evidence 2024-05-08\Messages\HTML\media\Screenshot 2024-04-25 at 1.13.10ΓÇ»PM.jpeg,Screenshot 2024-04-25 at 1.13.10ΓÇ»PM.jpeg,,C:\Users\thoma\Documents\Cyber Crimes\Hurd Evidence 2024-05-08\Hurd Evidence 2024-05-08\Message Attachments\Photos\Screenshot 2024-04-25 at 1.13.10ΓÇ»PM.jpeg,CDD7BE210D29397734E011A95617645CBF731D8BA5BB7666569FA423850DD489,271773,1170 x 2532,Yes,Unknown,Yes - same SHA256,Do not assume either timestamped screenshot filename or HTML/media filename was the native iPhone attachment filename without sms.db confirmation.
CE-029,C:\Users\thoma\Documents\Cyber Crimes\Hurd Evidence 2024-05-08\Hurd Evidence 2024-05-08\Message Attachments\Photos\Screenshot 2024-04-25 at 1.15.21ΓÇ»PM.jpeg,Screenshot 2024-04-25 at 1.15.21ΓÇ»PM.jpeg,C:\Users\thoma\Documents\Cyber Crimes\Hurd Evidence 2024-05-08\Hurd Evidence 2024-05-08\Messages\HTML\media\Screenshot 2024-04-25 at 1.15.21ΓÇ»PM.jpeg,Screenshot 2024-04-25 at 1.15.21ΓÇ»PM.jpeg,,C:\Users\thoma\Documents\Cyber Crimes\Hurd Evidence 2024-05-08\Hurd Evidence 2024-05-08\Message Attachments\Photos\Screenshot 2024-04-25 at 1.15.21ΓÇ»PM.jpeg,F3B09A62C3D4504A738647E515901C58DABBB0A84E047A2CAF0BD7433F996C5F,423399,1170 x 2532,Yes,Unknown,Yes - same SHA256,Do not assume either timestamped screenshot filename or HTML/media filename was the native iPhone attachment filename without sms.db confirmation.
CE-030,C:\Users\thoma\Documents\Cyber Crimes\Hurd Evidence 2024-05-08\Hurd Evidence 2024-05-08\Message Attachments\Photos\Screenshot 2024-04-25 at 1.21.58ΓÇ»PM.jpeg,Screenshot 2024-04-25 at 1.21.58ΓÇ»PM.jpeg,C:\Users\thoma\Documents\Cyber Crimes\Hurd Evidence 2024-05-08\Hurd Evidence 2024-05-08\Messages\HTML\media\Screenshot 2024-04-25 at 1.21.58ΓÇ»PM.jpeg,Screenshot 2024-04-25 at 1.21.58ΓÇ»PM.jpeg,,C:\Users\thoma\Documents\Cyber Crimes\Hurd Evidence 2024-05-08\Hurd Evidence 2024-05-08\Message Attachments\Photos\Screenshot 2024-04-25 at 1.21.58ΓÇ»PM.jpeg,9668435AF5C8CE1928F7331960DAE4AF3F63E3607D166C87508CFFBC9EDC2E59,342510,1170 x 2532,Yes,Unknown,Yes - same SHA256,Do not assume either timestamped screenshot filename or HTML/media filename was the native iPhone attachment filename without sms.db confirmation.
CE-031,C:\Users\thoma\Documents\Cyber Crimes\Hurd Evidence 2024-05-08\Hurd Evidence 2024-05-08\Message Attachments\Photos\Screenshot 2024-04-25 at 1.22.22ΓÇ»PM.jpeg,Screenshot 2024-04-25 at 1.22.22ΓÇ»PM.jpeg,C:\Users\thoma\Documents\Cyber Crimes\Hurd Evidence 2024-05-08\Hurd Evidence 2024-05-08\Messages\HTML\media\Screenshot 2024-04-25 at 1.22.22ΓÇ»PM.jpeg,Screenshot 2024-04-25 at 1.22.22ΓÇ»PM.jpeg,,C:\Users\thoma\Documents\Cyber Crimes\Hurd Evidence 2024-05-08\Hurd Evidence 2024-05-08\Message Attachments\Photos\Screenshot 2024-04-25 at 1.22.22ΓÇ»PM.jpeg,037092AA867AFCBF28B8F84B21FBAD5FEAC56D31FE70FE82C5137D2A126BC47A,377323,1170 x 2532,Yes,Unknown,Yes - same SHA256,Do not assume either timestamped screenshot filename or HTML/media filename was the native iPhone attachment filename without sms.db confirmation.
CE-032,C:\Users\thoma\Documents\Cyber Crimes\Hurd Evidence 2024-05-08\Hurd Evidence 2024-05-08\Message Attachments\Photos\Screenshot 2024-04-25 at 1.22.38ΓÇ»PM.jpeg,Screenshot 2024-04-25 at 1.22.38ΓÇ»PM.jpeg,C:\Users\thoma\Documents\Cyber Crimes\Hurd Evidence 2024-05-08\Hurd Evidence 2024-05-08\Messages\HTML\media\Screenshot 2024-04-25 at 1.22.38ΓÇ»PM.jpeg,Screenshot 2024-04-25 at 1.22.38ΓÇ»PM.jpeg,,C:\Users\thoma\Documents\Cyber Crimes\Hurd Evidence 2024-05-08\Hurd Evidence 2024-05-08\Message Attachments\Photos\Screenshot 2024-04-25 at 1.22.38ΓÇ»PM.jpeg,C2BC371575A8B3696F029E3CBEBDED5077AA8C36AEF684FD27CF8BE83CC5FC65,358088,1170 x 2532,Yes,Unknown,Yes - same SHA256,Do not assume either timestamped screenshot filename or HTML/media filename was the native iPhone attachment filename without sms.db confirmation.
CE-033,C:\Users\thoma\Documents\Cyber Crimes\Hurd Evidence 2024-05-08\Hurd Evidence 2024-05-08\Message Attachments\Photos\Screenshot 2024-04-25 at 1.27.00ΓÇ»PM.jpeg,Screenshot 2024-04-25 at 1.27.00ΓÇ»PM.jpeg,C:\Users\thoma\Documents\Cyber Crimes\Hurd Evidence 2024-05-08\Hurd Evidence 2024-05-08\Messages\HTML\media\Screenshot 2024-04-25 at 1.27.00ΓÇ»PM.jpeg,Screenshot 2024-04-25 at 1.27.00ΓÇ»PM.jpeg,,C:\Users\thoma\Documents\Cyber Crimes\Hurd Evidence 2024-05-08\Hurd Evidence 2024-05-08\Message Attachments\Photos\Screenshot 2024-04-25 at 1.27.00ΓÇ»PM.jpeg,1F9BC9040D32240B00D255F9B43703E3D990D9D0F922959CF6F280FDEB9C0002,360310,1170 x 2532,Yes,Unknown,Yes - same SHA256,Do not assume either timestamped screenshot filename or HTML/media filename was the native iPhone attachment filename without sms.db confirmation.
CE-034,C:\Users\thoma\Documents\Cyber Crimes\Hurd Evidence 2024-05-08\Hurd Evidence 2024-05-08\Message Attachments\Photos\Screenshot 2024-04-25 at 1.28.40ΓÇ»PM.jpeg,Screenshot 2024-04-25 at 1.28.40ΓÇ»PM.jpeg,C:\Users\thoma\Documents\Cyber Crimes\Hurd Evidence 2024-05-08\Hurd Evidence 2024-05-08\Messages\HTML\media\Screenshot 2024-04-25 at 1.28.40ΓÇ»PM.jpeg,Screenshot 2024-04-25 at 1.28.40ΓÇ»PM.jpeg,,C:\Users\thoma\Documents\Cyber Crimes\Hurd Evidence 2024-05-08\Hurd Evidence 2024-05-08\Message Attachments\Photos\Screenshot 2024-04-25 at 1.28.40ΓÇ»PM.jpeg,41AD0F0E244E8F91A8B2E4319442C3C41697F799116BBF5AB6F85F86EE545EF2,508395,1170 x 2532,Yes,Unknown,Yes - same SHA256,Do not assume either timestamped screenshot filename or HTML/media filename was the native iPhone attachment filename without sms.db confirmation.
CE-035,C:\Users\thoma\Documents\Cyber Crimes\Hurd Evidence 2024-05-08\Hurd Evidence 2024-05-08\Message Attachments\Photos\Screenshot 2024-04-25 at 1.32.13ΓÇ»PM.jpeg,Screenshot 2024-04-25 at 1.32.13ΓÇ»PM.jpeg,C:\Users\thoma\Documents\Cyber Crimes\Hurd Evidence 2024-05-08\Hurd Evidence 2024-05-08\Messages\HTML\media\Screenshot 2024-04-25 at 1.32.13ΓÇ»PM.jpeg,Screenshot 2024-04-25 at 1.32.13ΓÇ»PM.jpeg,,C:\Users\thoma\Documents\Cyber Crimes\Hurd Evidence 2024-05-08\Hurd Evidence 2024-05-08\Message Attachments\Photos\Screenshot 2024-04-25 at 1.32.13ΓÇ»PM.jpeg,014EC7454084A20B550C320138D52B93237FD05924CA7E188C2539B6D26609ED,351122,1170 x 2532,Yes,Unknown,Yes - same SHA256,Do not assume either timestamped screenshot filename or HTML/media filename was the native iPhone attachment filename without sms.db confirmation.
CE-036,C:\Users\thoma\Documents\Cyber Crimes\Hurd Evidence 2024-05-08\Hurd Evidence 2024-05-08\Message Attachments\Photos\Screenshot 2024-04-25 at 1.33.56ΓÇ»PM.jpeg,Screenshot 2024-04-25 at 1.33.56ΓÇ»PM.jpeg,C:\Users\thoma\Documents\Cyber Crimes\Hurd Evidence 2024-05-08\Hurd Evidence 2024-05-08\Messages\HTML\media\Screenshot 2024-04-25 at 1.33.56ΓÇ»PM.jpeg,Screenshot 2024-04-25 at 1.33.56ΓÇ»PM.jpeg,,C:\Users\thoma\Documents\Cyber Crimes\Hurd Evidence 2024-05-08\Hurd Evidence 2024-05-08\Message Attachments\Photos\Screenshot 2024-04-25 at 1.33.56ΓÇ»PM.jpeg,C39404192A932D0472A378A09B9E7C967DD7F4458DD972AC8BC1EFC9C257DB72,318885,1170 x 2532,Yes,Unknown,Yes - same SHA256,Do not assume either timestamped screenshot filename or HTML/media filename was the native iPhone attachment filename without sms.db confirmation.
CE-037,C:\Users\thoma\Documents\Cyber Crimes\Hurd Evidence 2024-05-08\Hurd Evidence 2024-05-08\Message Attachments\Photos\Screenshot 2024-04-25 at 1.34.38ΓÇ»PM.jpeg,Screenshot 2024-04-25 at 1.34.38ΓÇ»PM.jpeg,C:\Users\thoma\Documents\Cyber Crimes\Hurd Evidence 2024-05-08\Hurd Evidence 2024-05-08\Messages\HTML\media\Screenshot 2024-04-25 at 1.34.38ΓÇ»PM.jpeg,Screenshot 2024-04-25 at 1.34.38ΓÇ»PM.jpeg,,C:\Users\thoma\Documents\Cyber Crimes\Hurd Evidence 2024-05-08\Hurd Evidence 2024-05-08\Message Attachments\Photos\Screenshot 2024-04-25 at 1.34.38ΓÇ»PM.jpeg,20BFFCCFB6B51796DFDF11513F7C3F74A2792FBE6BFFD7E315AC918B9BAAE43F,409098,1170 x 2532,Yes,Unknown,Yes - same SHA256,Do not assume either timestamped screenshot filename or HTML/media filename was the native iPhone attachment filename without sms.db confirmation.
CE-038,C:\Users\thoma\Documents\Cyber Crimes\Hurd Evidence 2024-05-08\Hurd Evidence 2024-05-08\Message Attachments\Photos\Screenshot 2024-04-25 at 1.35.14ΓÇ»PM.jpeg,Screenshot 2024-04-25 at 1.35.14ΓÇ»PM.jpeg,C:\Users\thoma\Documents\Cyber Crimes\Hurd Evidence 2024-05-08\Hurd Evidence 2024-05-08\Messages\HTML\media\Screenshot 2024-04-25 at 1.35.14ΓÇ»PM.jpeg,Screenshot 2024-04-25 at 1.35.14ΓÇ»PM.jpeg,,C:\Users\thoma\Documents\Cyber Crimes\Hurd Evidence 2024-05-08\Hurd Evidence 2024-05-08\Message Attachments\Photos\Screenshot 2024-04-25 at 1.35.14ΓÇ»PM.jpeg,8D710CA80CEA9D50BADAF7D6055930C414FEA7339B6A92C23648B2FFD001C863,403119,1170 x 2532,Yes,Unknown,Yes - same SHA256,Do not assume either timestamped screenshot filename or HTML/media filename was the native iPhone attachment filename without sms.db confirmation.
CE-039,C:\Users\thoma\Documents\Cyber Crimes\Hurd Evidence 2024-05-08\Hurd Evidence 2024-05-08\Message Attachments\Photos\Screenshot 2024-04-25 at 1.35.47ΓÇ»PM.jpeg,Screenshot 2024-04-25 at 1.35.47ΓÇ»PM.jpeg,C:\Users\thoma\Documents\Cyber Crimes\Hurd Evidence 2024-05-08\Hurd Evidence 2024-05-08\Messages\HTML\media\Screenshot 2024-04-25 at 1.35.47ΓÇ»PM.jpeg,Screenshot 2024-04-25 at 1.35.47ΓÇ»PM.jpeg,,C:\Users\thoma\Documents\Cyber Crimes\Hurd Evidence 2024-05-08\Hurd Evidence 2024-05-08\Message Attachments\Photos\Screenshot 2024-04-25 at 1.35.47ΓÇ»PM.jpeg,0EDE8EB2DECD6A6CC81B6A3112533B46948E28240B1C23EAD6B5E2A080C1CF63,378163,1170 x 2532,Yes,Unknown,Yes - same SHA256,Do not assume either timestamped screenshot filename or HTML/media filename was the native iPhone attachment filename without sms.db confirmation.
CE-040,C:\Users\thoma\Documents\Cyber Crimes\Hurd Evidence 2024-05-08\Hurd Evidence 2024-05-08\Message Attachments\Photos\Screenshot 2024-04-25 at 1.36.59ΓÇ»PM.jpeg,Screenshot 2024-04-25 at 1.36.59ΓÇ»PM.jpeg,C:\Users\thoma\Documents\Cyber Crimes\Hurd Evidence 2024-05-08\Hurd Evidence 2024-05-08\Messages\HTML\media\Screenshot 2024-04-25 at 1.36.59ΓÇ»PM.jpeg,Screenshot 2024-04-25 at 1.36.59ΓÇ»PM.jpeg,,C:\Users\thoma\Documents\Cyber Crimes\Hurd Evidence 2024-05-08\Hurd Evidence 2024-05-08\Message Attachments\Photos\Screenshot 2024-04-25 at 1.36.59ΓÇ»PM.jpeg,0FF3C518A818A3D39530D38621DA6756A865DEEF9FDA700431258EF04521959C,319592,1170 x 2532,Yes,Unknown,Yes - same SHA256,Do not assume either timestamped screenshot filename or HTML/media filename was the native iPhone attachment filename without sms.db confirmation.
CE-041,C:\Users\thoma\Documents\Cyber Crimes\Hurd Evidence 2024-05-08\Hurd Evidence 2024-05-08\Message Attachments\Photos\Screenshot 2024-04-25 at 1.38.30ΓÇ»PM.jpeg,Screenshot 2024-04-25 at 1.38.30ΓÇ»PM.jpeg,C:\Users\thoma\Documents\Cyber Crimes\Hurd Evidence 2024-05-08\Hurd Evidence 2024-05-08\Messages\HTML\media\Screenshot 2024-04-25 at 1.38.30ΓÇ»PM.jpeg,Screenshot 2024-04-25 at 1.38.30ΓÇ»PM.jpeg,,C:\Users\thoma\Documents\Cyber Crimes\Hurd Evidence 2024-05-08\Hurd Evidence 2024-05-08\Message Attachments\Photos\Screenshot 2024-04-25 at 1.38.30ΓÇ»PM.jpeg,3B8A0C06DB642431E11E7FE9A16E10E571D2CB5AD05515B7CC9C2EBFC4D11DB3,325272,1170 x 2532,Yes,Unknown,Yes - same SHA256,Do not assume either timestamped screenshot filename or HTML/media filename was the native iPhone attachment filename without sms.db confirmation.
CE-042,C:\Users\thoma\Documents\Cyber Crimes\Hurd Evidence 2024-05-08\Hurd Evidence 2024-05-08\Message Attachments\Photos\Screenshot 2024-04-25 at 1.42.06ΓÇ»PM.jpeg,Screenshot 2024-04-25 at 1.42.06ΓÇ»PM.jpeg,C:\Users\thoma\Documents\Cyber Crimes\Hurd Evidence 2024-05-08\Hurd Evidence 2024-05-08\Messages\HTML\media\Screenshot 2024-04-25 at 1.42.06ΓÇ»PM.jpeg,Screenshot 2024-04-25 at 1.42.06ΓÇ»PM.jpeg,,C:\Users\thoma\Documents\Cyber Crimes\Hurd Evidence 2024-05-08\Hurd Evidence 2024-05-08\Message Attachments\Photos\Screenshot 2024-04-25 at 1.42.06ΓÇ»PM.jpeg,73B05DA4096E7B71063940D3FCA9938CC6746F2E07EEBA41F18AC5C703BE5FC0,328563,1170 x 2532,Yes,Unknown,Yes - same SHA256,Do not assume either timestamped screenshot filename or HTML/media filename was the native iPhone attachment filename without sms.db confirmation.
CE-043,C:\Users\thoma\Documents\Cyber Crimes\Hurd Evidence 2024-05-08\Hurd Evidence 2024-05-08\Message Attachments\Photos\Screenshot 2024-04-25 at 1.42.25ΓÇ»PM.jpeg,Screenshot 2024-04-25 at 1.42.25ΓÇ»PM.jpeg,C:\Users\thoma\Documents\Cyber Crimes\Hurd Evidence 2024-05-08\Hurd Evidence 2024-05-08\Messages\HTML\media\Screenshot 2024-04-25 at 1.42.25ΓÇ»PM.jpeg,Screenshot 2024-04-25 at 1.42.25ΓÇ»PM.jpeg,,C:\Users\thoma\Documents\Cyber Crimes\Hurd Evidence 2024-05-08\Hurd Evidence 2024-05-08\Message Attachments\Photos\Screenshot 2024-04-25 at 1.42.25ΓÇ»PM.jpeg,337C940FB800E1480348D9DC9C61425F9E6667065F24C99AA1F2386DE194227C,312118,1170 x 2532,Yes,Unknown,Yes - same SHA256,Do not assume either timestamped screenshot filename or HTML/media filename was the native iPhone attachment filename without sms.db confirmation.
CE-044,C:\Users\thoma\Documents\Cyber Crimes\Hurd Evidence 2024-05-08\Hurd Evidence 2024-05-08\Message Attachments\Photos\Screenshot 2024-04-25 at 1.42.44ΓÇ»PM.jpeg,Screenshot 2024-04-25 at 1.42.44ΓÇ»PM.jpeg,C:\Users\thoma\Documents\Cyber Crimes\Hurd Evidence 2024-05-08\Hurd Evidence 2024-05-08\Messages\HTML\media\Screenshot 2024-04-25 at 1.42.44ΓÇ»PM.jpeg,Screenshot 2024-04-25 at 1.42.44ΓÇ»PM.jpeg,,C:\Users\thoma\Documents\Cyber Crimes\Hurd Evidence 2024-05-08\Hurd Evidence 2024-05-08\Message Attachments\Photos\Screenshot 2024-04-25 at 1.42.44ΓÇ»PM.jpeg,46D080556ED37FF9DBA69C21E359DA70321A9AA89C7577B73F36A29D9387063A,332161,1170 x 2532,Yes,Unknown,Yes - same SHA256,Do not assume either timestamped screenshot filename or HTML/media filename was the native iPhone attachment filename without sms.db confirmation.
CE-045,C:\Users\thoma\Documents\Cyber Crimes\Hurd Evidence 2024-05-08\Hurd Evidence 2024-05-08\Message Attachments\Photos\Screenshot 2024-04-25 at 1.43.04ΓÇ»PM.jpeg,Screenshot 2024-04-25 at 1.43.04ΓÇ»PM.jpeg,C:\Users\thoma\Documents\Cyber Crimes\Hurd Evidence 2024-05-08\Hurd Evidence 2024-05-08\Messages\HTML\media\Screenshot 2024-04-25 at 1.43.04ΓÇ»PM.jpeg,Screenshot 2024-04-25 at 1.43.04ΓÇ»PM.jpeg,,C:\Users\thoma\Documents\Cyber Crimes\Hurd Evidence 2024-05-08\Hurd Evidence 2024-05-08\Message Attachments\Photos\Screenshot 2024-04-25 at 1.43.04ΓÇ»PM.jpeg,35674146F6F00298CCF82D0B374A760F0A1CC9F24EBD5AACF7C9610B0805D61E,326585,1170 x 2532,Yes,Unknown,Yes - same SHA256,Do not assume either timestamped screenshot filename or HTML/media filename was the native iPhone attachment filename without sms.db confirmation.
CE-046,C:\Users\thoma\Documents\Cyber Crimes\Hurd Evidence 2024-05-08\Hurd Evidence 2024-05-08\Message Attachments\Photos\Screenshot 2024-04-25 at 1.43.40ΓÇ»PM.jpeg,Screenshot 2024-04-25 at 1.43.40ΓÇ»PM.jpeg,C:\Users\thoma\Documents\Cyber Crimes\Hurd Evidence 2024-05-08\Hurd Evidence 2024-05-08\Messages\HTML\media\Screenshot 2024-04-25 at 1.43.40ΓÇ»PM.jpeg,Screenshot 2024-04-25 at 1.43.40ΓÇ»PM.jpeg,,C:\Users\thoma\Documents\Cyber Crimes\Hurd Evidence 2024-05-08\Hurd Evidence 2024-05-08\Message Attachments\Photos\Screenshot 2024-04-25 at 1.43.40ΓÇ»PM.jpeg,D2A6F6B10E2513BA774922749255C849B0FD0AA5C41CC4F1181A1C8A90C4770A,361952,1170 x 2532,Yes,Unknown,Yes - same SHA256,Do not assume either timestamped screenshot filename or HTML/media filename was the native iPhone attachment filename without sms.db confirmation.
CE-047,C:\Users\thoma\Documents\Cyber Crimes\Hurd Evidence 2024-05-08\Hurd Evidence 2024-05-08\Message Attachments\Photos\Screenshot 2024-04-25 at 1.48.49ΓÇ»PM.jpeg,Screenshot 2024-04-25 at 1.48.49ΓÇ»PM.jpeg,C:\Users\thoma\Documents\Cyber Crimes\Hurd Evidence 2024-05-08\Hurd Evidence 2024-05-08\Messages\HTML\media\Screenshot 2024-04-25 at 1.48.49ΓÇ»PM.jpeg,Screenshot 2024-04-25 at 1.48.49ΓÇ»PM.jpeg,,C:\Users\thoma\Documents\Cyber Crimes\Hurd Evidence 2024-05-08\Hurd Evidence 2024-05-08\Message Attachments\Photos\Screenshot 2024-04-25 at 1.48.49ΓÇ»PM.jpeg,5DC86CD922AE9D35D1753CF33AC99AF68861DBFB5829DD915638F10FA401DA20,455190,1170 x 2532,Yes,Unknown,Yes - same SHA256,Do not assume either timestamped screenshot filename or HTML/media filename was the native iPhone attachment filename without sms.db confirmation.
CE-048,C:\Users\thoma\Documents\Cyber Crimes\Hurd Evidence 2024-05-08\Hurd Evidence 2024-05-08\Message Attachments\Photos\Screenshot 2024-04-25 at 1.49.10ΓÇ»PM.jpeg,Screenshot 2024-04-25 at 1.49.10ΓÇ»PM.jpeg,C:\Users\thoma\Documents\Cyber Crimes\Hurd Evidence 2024-05-08\Hurd Evidence 2024-05-08\Messages\HTML\media\Screenshot 2024-04-25 at 1.49.10ΓÇ»PM.jpeg,Screenshot 2024-04-25 at 1.49.10ΓÇ»PM.jpeg,,C:\Users\thoma\Documents\Cyber Crimes\Hurd Evidence 2024-05-08\Hurd Evidence 2024-05-08\Message Attachments\Photos\Screenshot 2024-04-25 at 1.49.10ΓÇ»PM.jpeg,CB8075338891B4A95133AECDE1D52F3C20CEC60420DB5FDFA9BD641D17833035,472588,1170 x 2532,Yes,Unknown,Yes - same SHA256,Do not assume either timestamped screenshot filename or HTML/media filename was the native iPhone attachment filename without sms.db confirmation.
CE-049,C:\Users\thoma\Documents\Cyber Crimes\Hurd Evidence 2024-05-08\Hurd Evidence 2024-05-08\Message Attachments\Photos\Screenshot 2024-04-25 at 1.49.27ΓÇ»PM.jpeg,Screenshot 2024-04-25 at 1.49.27ΓÇ»PM.jpeg,C:\Users\thoma\Documents\Cyber Crimes\Hurd Evidence 2024-05-08\Hurd Evidence 2024-05-08\Messages\HTML\media\Screenshot 2024-04-25 at 1.49.27ΓÇ»PM.jpeg,Screenshot 2024-04-25 at 1.49.27ΓÇ»PM.jpeg,,C:\Users\thoma\Documents\Cyber Crimes\Hurd Evidence 2024-05-08\Hurd Evidence 2024-05-08\Message Attachments\Photos\Screenshot 2024-04-25 at 1.49.27ΓÇ»PM.jpeg,763A60BBDF8873FD32099B20C8B866590501A9CC201CCF32C7B6F7ED81F6EF6E,557918,1170 x 2532,Yes,Unknown,Yes - same SHA256,Do not assume either timestamped screenshot filename or HTML/media filename was the native iPhone attachment filename without sms.db confirmation.
CE-050,C:\Users\thoma\Documents\Cyber Crimes\Hurd Evidence 2024-05-08\Hurd Evidence 2024-05-08\Message Attachments\Photos\Screenshot 2024-04-25 at 1.49.43ΓÇ»PM.jpeg,Screenshot 2024-04-25 at 1.49.43ΓÇ»PM.jpeg,C:\Users\thoma\Documents\Cyber Crimes\Hurd Evidence 2024-05-08\Hurd Evidence 2024-05-08\Messages\HTML\media\Screenshot 2024-04-25 at 1.49.43ΓÇ»PM.jpeg,Screenshot 2024-04-25 at 1.49.43ΓÇ»PM.jpeg,,C:\Users\thoma\Documents\Cyber Crimes\Hurd Evidence 2024-05-08\Hurd Evidence 2024-05-08\Message Attachments\Photos\Screenshot 2024-04-25 at 1.49.43ΓÇ»PM.jpeg,43B14BE2804DAC3DB40B537E5EB270998AFE3EB45A88DE5CDB57600B22ED3554,536012,1170 x 2532,Yes,Unknown,Yes - same SHA256,Do not assume either timestamped screenshot filename or HTML/media filename was the native iPhone attachment filename without sms.db confirmation.
CE-051,C:\Users\thoma\Documents\Cyber Crimes\Hurd Evidence 2024-05-08\Hurd Evidence 2024-05-08\Message Attachments\Photos\Screenshot 2024-04-25 at 1.49.58ΓÇ»PM.jpeg,Screenshot 2024-04-25 at 1.49.58ΓÇ»PM.jpeg,C:\Users\thoma\Documents\Cyber Crimes\Hurd Evidence 2024-05-08\Hurd Evidence 2024-05-08\Messages\HTML\media\Screenshot 2024-04-25 at 1.49.58ΓÇ»PM.jpeg,Screenshot 2024-04-25 at 1.49.58ΓÇ»PM.jpeg,,C:\Users\thoma\Documents\Cyber Crimes\Hurd Evidence 2024-05-08\Hurd Evidence 2024-05-08\Message Attachments\Photos\Screenshot 2024-04-25 at 1.49.58ΓÇ»PM.jpeg,65F500555A302B32D25D24F07F11552FED9449909760FFE5698D03F15D71353B,493673,1170 x 2532,Yes,Unknown,Yes - same SHA256,Do not assume either timestamped screenshot filename or HTML/media filename was the native iPhone attachment filename without sms.db confirmation.
CE-052,C:\Users\thoma\Documents\Cyber Crimes\Hurd Evidence 2024-05-08\Hurd Evidence 2024-05-08\Message Attachments\Photos\Screenshot 2024-04-25 at 1.50.23ΓÇ»PM.jpeg,Screenshot 2024-04-25 at 1.50.23ΓÇ»PM.jpeg,C:\Users\thoma\Documents\Cyber Crimes\Hurd Evidence 2024-05-08\Hurd Evidence 2024-05-08\Messages\HTML\media\Screenshot 2024-04-25 at 1.50.23ΓÇ»PM.jpeg,Screenshot 2024-04-25 at 1.50.23ΓÇ»PM.jpeg,,C:\Users\thoma\Documents\Cyber Crimes\Hurd Evidence 2024-05-08\Hurd Evidence 2024-05-08\Message Attachments\Photos\Screenshot 2024-04-25 at 1.50.23ΓÇ»PM.jpeg,A0D92F6E72573A67D7B168A7A1A71E7F8D755FF1336ABE1BE9AC6ABB3ED1ECE9,463848,1170 x 2532,Yes,Unknown,Yes - same SHA256,Do not assume either timestamped screenshot filename or HTML/media filename was the native iPhone attachment filename without sms.db confirmation.
CE-053,C:\Users\thoma\Documents\Cyber Crimes\Hurd Evidence 2024-05-08\Hurd Evidence 2024-05-08\Message Attachments\Photos\Screenshot 2024-04-25 at 1.50.40ΓÇ»PM.jpeg,Screenshot 2024-04-25 at 1.50.40ΓÇ»PM.jpeg,C:\Users\thoma\Documents\Cyber Crimes\Hurd Evidence 2024-05-08\Hurd Evidence 2024-05-08\Messages\HTML\media\Screenshot 2024-04-25 at 1.50.40ΓÇ»PM.jpeg,Screenshot 2024-04-25 at 1.50.40ΓÇ»PM.jpeg,,C:\Users\thoma\Documents\Cyber Crimes\Hurd Evidence 2024-05-08\Hurd Evidence 2024-05-08\Message Attachments\Photos\Screenshot 2024-04-25 at 1.50.40ΓÇ»PM.jpeg,9CDB12067475B731391B4D5A9A3B0AB4E286E514F271D471E2E2F317AA5527C1,459677,1170 x 2532,Yes,Unknown,Yes - same SHA256,Do not assume either timestamped screenshot filename or HTML/media filename was the native iPhone attachment filename without sms.db confirmation.
CE-054,C:\Users\thoma\Documents\Cyber Crimes\Hurd Evidence 2024-05-08\Hurd Evidence 2024-05-08\Message Attachments\Photos\Screenshot 2024-04-25 at 1.51.06ΓÇ»PM.jpeg,Screenshot 2024-04-25 at 1.51.06ΓÇ»PM.jpeg,C:\Users\thoma\Documents\Cyber Crimes\Hurd Evidence 2024-05-08\Hurd Evidence 2024-05-08\Messages\HTML\media\Screenshot 2024-04-25 at 1.51.06ΓÇ»PM.jpeg,Screenshot 2024-04-25 at 1.51.06ΓÇ»PM.jpeg,,C:\Users\thoma\Documents\Cyber Crimes\Hurd Evidence 2024-05-08\Hurd Evidence 2024-05-08\Message Attachments\Photos\Screenshot 2024-04-25 at 1.51.06ΓÇ»PM.jpeg,022C0499700A194058D5980F1CED9B314CE25E2F864465535B5C6A5FCD70D231,552384,1170 x 2532,Yes,Unknown,Yes - same SHA256,Do not assume either timestamped screenshot filename or HTML/media filename was the native iPhone attachment filename without sms.db confirmation.
CE-055,C:\Users\thoma\Documents\Cyber Crimes\Hurd Evidence 2024-05-08\Hurd Evidence 2024-05-08\Message Attachments\Photos\Screenshot 2024-04-25 at 1.51.30ΓÇ»PM.jpeg,Screenshot 2024-04-25 at 1.51.30ΓÇ»PM.jpeg,C:\Users\thoma\Documents\Cyber Crimes\Hurd Evidence 2024-05-08\Hurd Evidence 2024-05-08\Messages\HTML\media\Screenshot 2024-04-25 at 1.51.30ΓÇ»PM.jpeg,Screenshot 2024-04-25 at 1.51.30ΓÇ»PM.jpeg,,C:\Users\thoma\Documents\Cyber Crimes\Hurd Evidence 2024-05-08\Hurd Evidence 2024-05-08\Message Attachments\Photos\Screenshot 2024-04-25 at 1.51.30ΓÇ»PM.jpeg,B7D33DED3E4ADDA85F3FA61DAB216F030E2242EA2E460CCC71EB3ACAE6F236A0,500479,1170 x 2532,Yes,Unknown,Yes - same SHA256,Do not assume either timestamped screenshot filename or HTML/media filename was the native iPhone attachment filename without sms.db confirmation.
CE-056,C:\Users\thoma\Documents\Cyber Crimes\Hurd Evidence 2024-05-08\Hurd Evidence 2024-05-08\Message Attachments\Photos\Screenshot 2024-04-25 at 1.51.46ΓÇ»PM.jpeg,Screenshot 2024-04-25 at 1.51.46ΓÇ»PM.jpeg,C:\Users\thoma\Documents\Cyber Crimes\Hurd Evidence 2024-05-08\Hurd Evidence 2024-05-08\Messages\HTML\media\Screenshot 2024-04-25 at 1.51.46ΓÇ»PM.jpeg,Screenshot 2024-04-25 at 1.51.46ΓÇ»PM.jpeg,,C:\Users\thoma\Documents\Cyber Crimes\Hurd Evidence 2024-05-08\Hurd Evidence 2024-05-08\Message Attachments\Photos\Screenshot 2024-04-25 at 1.51.46ΓÇ»PM.jpeg,D5D90B4F94571C0326AC15946872B9AE24FF5DE9F789E8076250E4337F8403C5,459544,1170 x 2532,Yes,Unknown,Yes - same SHA256,Do not assume either timestamped screenshot filename or HTML/media filename was the native iPhone attachment filename without sms.db confirmation.
CE-057,C:\Users\thoma\Documents\Cyber Crimes\Hurd Evidence 2024-05-08\Hurd Evidence 2024-05-08\Message Attachments\Photos\Screenshot 2024-04-25 at 1.52.07ΓÇ»PM.jpeg,Screenshot 2024-04-25 at 1.52.07ΓÇ»PM.jpeg,C:\Users\thoma\Documents\Cyber Crimes\Hurd Evidence 2024-05-08\Hurd Evidence 2024-05-08\Messages\HTML\media\Screenshot 2024-04-25 at 1.52.07ΓÇ»PM.jpeg,Screenshot 2024-04-25 at 1.52.07ΓÇ»PM.jpeg,,C:\Users\thoma\Documents\Cyber Crimes\Hurd Evidence 2024-05-08\Hurd Evidence 2024-05-08\Message Attachments\Photos\Screenshot 2024-04-25 at 1.52.07ΓÇ»PM.jpeg,B35A37A0AD04407B21D649ABD5EB759AD53D3415A0F3FDE305D5EB2D853C0C6B,415664,1170 x 2532,Yes,Unknown,Yes - same SHA256,Do not assume either timestamped screenshot filename or HTML/media filename was the native iPhone attachment filename without sms.db confirmation.
CE-058,C:\Users\thoma\Documents\Cyber Crimes\Hurd Evidence 2024-05-08\Hurd Evidence 2024-05-08\Message Attachments\Photos\Screenshot 2024-04-25 at 1.52.33ΓÇ»PM.jpeg,Screenshot 2024-04-25 at 1.52.33ΓÇ»PM.jpeg,C:\Users\thoma\Documents\Cyber Crimes\Hurd Evidence 2024-05-08\Hurd Evidence 2024-05-08\Messages\HTML\media\Screenshot 2024-04-25 at 1.52.33ΓÇ»PM.jpeg,Screenshot 2024-04-25 at 1.52.33ΓÇ»PM.jpeg,,C:\Users\thoma\Documents\Cyber Crimes\Hurd Evidence 2024-05-08\Hurd Evidence 2024-05-08\Message Attachments\Photos\Screenshot 2024-04-25 at 1.52.33ΓÇ»PM.jpeg,D35992DE78D7D01199828A7F802F13C45E74652512363AAD86A24A833AE300C3,459615,1170 x 2532,Yes,Unknown,Yes - same SHA256,Do not assume either timestamped screenshot filename or HTML/media filename was the native iPhone attachment filename without sms.db confirmation.
CE-059,C:\Users\thoma\Documents\Cyber Crimes\Hurd Evidence 2024-05-08\Hurd Evidence 2024-05-08\Message Attachments\Photos\Screenshot 2024-04-25 at 1.52.52ΓÇ»PM.jpeg,Screenshot 2024-04-25 at 1.52.52ΓÇ»PM.jpeg,C:\Users\thoma\Documents\Cyber Crimes\Hurd Evidence 2024-05-08\Hurd Evidence 2024-05-08\Messages\HTML\media\Screenshot 2024-04-25 at 1.52.52ΓÇ»PM.jpeg,Screenshot 2024-04-25 at 1.52.52ΓÇ»PM.jpeg,,C:\Users\thoma\Documents\Cyber Crimes\Hurd Evidence 2024-05-08\Hurd Evidence 2024-05-08\Message Attachments\Photos\Screenshot 2024-04-25 at 1.52.52ΓÇ»PM.jpeg,BEEB674C0DCC2783E5A32FC0C2DB5C4C27663BEF6E40DA2D6E13BE24D7813755,460516,1170 x 2532,Yes,Unknown,Yes - same SHA256,Do not assume either timestamped screenshot filename or HTML/media filename was the native iPhone attachment filename without sms.db confirmation.
CE-060,C:\Users\thoma\Documents\Cyber Crimes\Hurd Evidence 2024-05-08\Hurd Evidence 2024-05-08\Message Attachments\Photos\Screenshot 2024-04-25 at 1.53.21ΓÇ»PM.jpeg,Screenshot 2024-04-25 at 1.53.21ΓÇ»PM.jpeg,C:\Users\thoma\Documents\Cyber Crimes\Hurd Evidence 2024-05-08\Hurd Evidence 2024-05-08\Messages\HTML\media\Screenshot 2024-04-25 at 1.53.21ΓÇ»PM.jpeg,Screenshot 2024-04-25 at 1.53.21ΓÇ»PM.jpeg,,C:\Users\thoma\Documents\Cyber Crimes\Hurd Evidence 2024-05-08\Hurd Evidence 2024-05-08\Message Attachments\Photos\Screenshot 2024-04-25 at 1.53.21ΓÇ»PM.jpeg,668602FC84F44C468B052D737AF5431768612049DD67ADB67446C16A822D4830,582128,1170 x 2532,Yes,Unknown,Yes - same SHA256,Do not assume either timestamped screenshot filename or HTML/media filename was the native iPhone attachment filename without sms.db confirmation.
CE-061,C:\Users\thoma\Documents\Cyber Crimes\Hurd Evidence 2024-05-08\Hurd Evidence 2024-05-08\Message Attachments\Photos\Screenshot 2024-04-25 at 1.53.38ΓÇ»PM.jpeg,Screenshot 2024-04-25 at 1.53.38ΓÇ»PM.jpeg,C:\Users\thoma\Documents\Cyber Crimes\Hurd Evidence 2024-05-08\Hurd Evidence 2024-05-08\Messages\HTML\media\Screenshot 2024-04-25 at 1.53.38ΓÇ»PM.jpeg,Screenshot 2024-04-25 at 1.53.38ΓÇ»PM.jpeg,,C:\Users\thoma\Documents\Cyber Crimes\Hurd Evidence 2024-05-08\Hurd Evidence 2024-05-08\Message Attachments\Photos\Screenshot 2024-04-25 at 1.53.38ΓÇ»PM.jpeg,510CEFA4F0DBC3E1BFA1AC00BD9B707D7521ACDD74EFF04D716ADC568DC4CAC6,578479,1170 x 2532,Yes,Unknown,Yes - same SHA256,Do not assume either timestamped screenshot filename or HTML/media filename was the native iPhone attachment filename without sms.db confirmation.
CE-062,C:\Users\thoma\Documents\Cyber Crimes\Hurd Evidence 2024-05-08\Hurd Evidence 2024-05-08\Message Attachments\Photos\Screenshot 2024-04-25 at 1.53.57ΓÇ»PM.jpeg,Screenshot 2024-04-25 at 1.53.57ΓÇ»PM.jpeg,C:\Users\thoma\Documents\Cyber Crimes\Hurd Evidence 2024-05-08\Hurd Evidence 2024-05-08\Messages\HTML\media\Screenshot 2024-04-25 at 1.53.57ΓÇ»PM.jpeg,Screenshot 2024-04-25 at 1.53.57ΓÇ»PM.jpeg,,C:\Users\thoma\Documents\Cyber Crimes\Hurd Evidence 2024-05-08\Hurd Evidence 2024-05-08\Message Attachments\Photos\Screenshot 2024-04-25 at 1.53.57ΓÇ»PM.jpeg,CBFEDB5C26419DE2FCDE1C2107C69E50DE7016000A82E7282959495403A54655,526469,1170 x 2532,Yes,Unknown,Yes - same SHA256,Do not assume either timestamped screenshot filename or HTML/media filename was the native iPhone attachment filename without sms.db confirmation.
CE-063,C:\Users\thoma\Documents\Cyber Crimes\Hurd Evidence 2024-05-08\Hurd Evidence 2024-05-08\Message Attachments\Photos\Screenshot 2024-04-25 at 1.54.31ΓÇ»PM.jpeg,Screenshot 2024-04-25 at 1.54.31ΓÇ»PM.jpeg,C:\Users\thoma\Documents\Cyber Crimes\Hurd Evidence 2024-05-08\Hurd Evidence 2024-05-08\Messages\HTML\media\Screenshot 2024-04-25 at 1.54.31ΓÇ»PM.jpeg,Screenshot 2024-04-25 at 1.54.31ΓÇ»PM.jpeg,,C:\Users\thoma\Documents\Cyber Crimes\Hurd Evidence 2024-05-08\Hurd Evidence 2024-05-08\Message Attachments\Photos\Screenshot 2024-04-25 at 1.54.31ΓÇ»PM.jpeg,04959A8F9390F02909E33AE5A35928B8303ADF6697A170C0ABC31CCD76F335E2,206973,1170 x 2532,Yes,Unknown,Yes - same SHA256,Do not assume either timestamped screenshot filename or HTML/media filename was the native iPhone attachment filename without sms.db confirmation.
CE-064,C:\Users\thoma\Documents\Cyber Crimes\Hurd Evidence 2024-05-08\Hurd Evidence 2024-05-08\Message Attachments\Photos\Screenshot 2024-04-25 at 1.55.06ΓÇ»PM.jpeg,Screenshot 2024-04-25 at 1.55.06ΓÇ»PM.jpeg,C:\Users\thoma\Documents\Cyber Crimes\Hurd Evidence 2024-05-08\Hurd Evidence 2024-05-08\Messages\HTML\media\Screenshot 2024-04-25 at 1.55.06ΓÇ»PM.jpeg,Screenshot 2024-04-25 at 1.55.06ΓÇ»PM.jpeg,,C:\Users\thoma\Documents\Cyber Crimes\Hurd Evidence 2024-05-08\Hurd Evidence 2024-05-08\Message Attachments\Photos\Screenshot 2024-04-25 at 1.55.06ΓÇ»PM.jpeg,54E924166B029A0CB811E9EE39174499E863CD68786C7A67DF7AB47CB492FBE4,262501,1170 x 2532,Yes,Unknown,Yes - same SHA256,Do not assume either timestamped screenshot filename or HTML/media filename was the native iPhone attachment filename without sms.db confirmation.
CE-065,C:\Users\thoma\Documents\Cyber Crimes\Hurd Evidence 2024-05-08\Hurd Evidence 2024-05-08\Message Attachments\Photos\Screenshot 2024-04-25 at 1.55.45ΓÇ»PM.jpeg,Screenshot 2024-04-25 at 1.55.45ΓÇ»PM.jpeg,C:\Users\thoma\Documents\Cyber Crimes\Hurd Evidence 2024-05-08\Hurd Evidence 2024-05-08\Messages\HTML\media\Screenshot 2024-04-25 at 1.55.45ΓÇ»PM.jpeg,Screenshot 2024-04-25 at 1.55.45ΓÇ»PM.jpeg,,C:\Users\thoma\Documents\Cyber Crimes\Hurd Evidence 2024-05-08\Hurd Evidence 2024-05-08\Message Attachments\Photos\Screenshot 2024-04-25 at 1.55.45ΓÇ»PM.jpeg,56FD6A171F871488189FB09BB772B79D87E6F21277E7005152CF390332CDB5CD,328277,1170 x 2532,Yes,Unknown,Yes - same SHA256,Do not assume either timestamped screenshot filename or HTML/media filename was the native iPhone attachment filename without sms.db confirmation.
CE-066,C:\Users\thoma\Documents\Cyber Crimes\Hurd Evidence 2024-05-08\Hurd Evidence 2024-05-08\Message Attachments\Photos\Screenshot 2024-04-25 at 1.56.42ΓÇ»PM.jpeg,Screenshot 2024-04-25 at 1.56.42ΓÇ»PM.jpeg,C:\Users\thoma\Documents\Cyber Crimes\Hurd Evidence 2024-05-08\Hurd Evidence 2024-05-08\Messages\HTML\media\Screenshot 2024-04-25 at 1.56.42ΓÇ»PM.jpeg,Screenshot 2024-04-25 at 1.56.42ΓÇ»PM.jpeg,,C:\Users\thoma\Documents\Cyber Crimes\Hurd Evidence 2024-05-08\Hurd Evidence 2024-05-08\Message Attachments\Photos\Screenshot 2024-04-25 at 1.56.42ΓÇ»PM.jpeg,FF9BB93A0D900C31EF2A18FDEE770B5D75025A747042B034D4A63A7462DA30B5,179923,1170 x 2532,Yes,Unknown,Yes - same SHA256,Do not assume either timestamped screenshot filename or HTML/media filename was the native iPhone attachment filename without sms.db confirmation.
CE-067,C:\Users\thoma\Documents\Cyber Crimes\Hurd Evidence 2024-05-08\Hurd Evidence 2024-05-08\Message Attachments\Photos\Screenshot 2024-04-25 at 1.58.15ΓÇ»PM.jpeg,Screenshot 2024-04-25 at 1.58.15ΓÇ»PM.jpeg,C:\Users\thoma\Documents\Cyber Crimes\Hurd Evidence 2024-05-08\Hurd Evidence 2024-05-08\Messages\HTML\media\Screenshot 2024-04-25 at 1.58.15ΓÇ»PM.jpeg,Screenshot 2024-04-25 at 1.58.15ΓÇ»PM.jpeg,,C:\Users\thoma\Documents\Cyber Crimes\Hurd Evidence 2024-05-08\Hurd Evidence 2024-05-08\Message Attachments\Photos\Screenshot 2024-04-25 at 1.58.15ΓÇ»PM.jpeg,F7254EEF56D723CE4CCDD9E37610F7AC0946596305964376FD3C546146F1C530,478207,1170 x 2532,Yes,Unknown,Yes - same SHA256,Do not assume either timestamped screenshot filename or HTML/media filename was the native iPhone attachment filename without sms.db confirmation.
CE-068,C:\Users\thoma\Documents\Cyber Crimes\Hurd Evidence 2024-05-08\Hurd Evidence 2024-05-08\Message Attachments\Photos\Screenshot 2024-04-25 at 1.58.34ΓÇ»PM.jpeg,Screenshot 2024-04-25 at 1.58.34ΓÇ»PM.jpeg,C:\Users\thoma\Documents\Cyber Crimes\Hurd Evidence 2024-05-08\Hurd Evidence 2024-05-08\Messages\HTML\media\Screenshot 2024-04-25 at 1.58.34ΓÇ»PM.jpeg,Screenshot 2024-04-25 at 1.58.34ΓÇ»PM.jpeg,,C:\Users\thoma\Documents\Cyber Crimes\Hurd Evidence 2024-05-08\Hurd Evidence 2024-05-08\Message Attachments\Photos\Screenshot 2024-04-25 at 1.58.34ΓÇ»PM.jpeg,8DDEDFDE6E5C8A7AE13C1A9D34DC844718BB0B18FD02B6B389C41B632C20E987,432957,1170 x 2532,Yes,Unknown,Yes - same SHA256,Do not assume either timestamped screenshot filename or HTML/media filename was the native iPhone attachment filename without sms.db confirmation.
CE-069,C:\Users\thoma\Documents\Cyber Crimes\Hurd Evidence 2024-05-08\Hurd Evidence 2024-05-08\Message Attachments\Photos\Screenshot 2024-04-25 at 1.58.49ΓÇ»PM.jpeg,Screenshot 2024-04-25 at 1.58.49ΓÇ»PM.jpeg,C:\Users\thoma\Documents\Cyber Crimes\Hurd Evidence 2024-05-08\Hurd Evidence 2024-05-08\Messages\HTML\media\Screenshot 2024-04-25 at 1.58.49ΓÇ»PM.jpeg,Screenshot 2024-04-25 at 1.58.49ΓÇ»PM.jpeg,,C:\Users\thoma\Documents\Cyber Crimes\Hurd Evidence 2024-05-08\Hurd Evidence 2024-05-08\Message Attachments\Photos\Screenshot 2024-04-25 at 1.58.49ΓÇ»PM.jpeg,57EA110F63EB073242244124A142C84159C545FBD68ED7A743F6F3430D79F143,254782,1170 x 2532,Yes,Unknown,Yes - same SHA256,Do not assume either timestamped screenshot filename or HTML/media filename was the native iPhone attachment filename without sms.db confirmation.
CE-070,C:\Users\thoma\Documents\Cyber Crimes\Hurd Evidence 2024-05-08\Hurd Evidence 2024-05-08\Message Attachments\Photos\Screenshot 2024-04-25 at 2.02.53ΓÇ»PM.jpeg,Screenshot 2024-04-25 at 2.02.53ΓÇ»PM.jpeg,C:\Users\thoma\Documents\Cyber Crimes\Hurd Evidence 2024-05-08\Hurd Evidence 2024-05-08\Messages\HTML\media\Screenshot 2024-04-25 at 2.02.53ΓÇ»PM.jpeg,Screenshot 2024-04-25 at 2.02.53ΓÇ»PM.jpeg,,C:\Users\thoma\Documents\Cyber Crimes\Hurd Evidence 2024-05-08\Hurd Evidence 2024-05-08\Message Attachments\Photos\Screenshot 2024-04-25 at 2.02.53ΓÇ»PM.jpeg,5C5BC2FCBA2AEB2C4C1F28B98059460165D7773F2203607FD92F9DCE07C6F03C,452518,1170 x 2532,Yes,Unknown,Yes - same SHA256,Do not assume either timestamped screenshot filename or HTML/media filename was the native iPhone attachment filename without sms.db confirmation.
CE-071,C:\Users\thoma\Documents\Cyber Crimes\Hurd Evidence 2024-05-08\Hurd Evidence 2024-05-08\Message Attachments\Photos\Screenshot 2024-04-25 at 2.03.08ΓÇ»PM.jpeg,Screenshot 2024-04-25 at 2.03.08ΓÇ»PM.jpeg,C:\Users\thoma\Documents\Cyber Crimes\Hurd Evidence 2024-05-08\Hurd Evidence 2024-05-08\Messages\HTML\media\Screenshot 2024-04-25 at 2.03.08ΓÇ»PM.jpeg,Screenshot 2024-04-25 at 2.03.08ΓÇ»PM.jpeg,,C:\Users\thoma\Documents\Cyber Crimes\Hurd Evidence 2024-05-08\Hurd Evidence 2024-05-08\Message Attachments\Photos\Screenshot 2024-04-25 at 2.03.08ΓÇ»PM.jpeg,DC62EDC76A728AC73AC2C2C9FF7AF3607802D5BBFAE5E62C38888F88E7497756,514674,1170 x 2532,Yes,Unknown,Yes - same SHA256,Do not assume either timestamped screenshot filename or HTML/media filename was the native iPhone attachment filename without sms.db confirmation.
CE-072,C:\Users\thoma\Documents\Cyber Crimes\Hurd Evidence 2024-05-08\Hurd Evidence 2024-05-08\Message Attachments\Photos\Screenshot 2024-04-25 at 2.03.28ΓÇ»PM.jpeg,Screenshot 2024-04-25 at 2.03.28ΓÇ»PM.jpeg,C:\Users\thoma\Documents\Cyber Crimes\Hurd Evidence 2024-05-08\Hurd Evidence 2024-05-08\Messages\HTML\media\Screenshot 2024-04-25 at 2.03.28ΓÇ»PM.jpeg,Screenshot 2024-04-25 at 2.03.28ΓÇ»PM.jpeg,,C:\Users\thoma\Documents\Cyber Crimes\Hurd Evidence 2024-05-08\Hurd Evidence 2024-05-08\Message Attachments\Photos\Screenshot 2024-04-25 at 2.03.28ΓÇ»PM.jpeg,352AA4488B518B4A269683DA5109D1CF092413D9A0683C2915B82E32E808CEAD,368501,1170 x 2532,Yes,Unknown,Yes - same SHA256,Do not assume either timestamped screenshot filename or HTML/media filename was the native iPhone attachment filename without sms.db confirmation.
CE-073,C:\Users\thoma\Documents\Cyber Crimes\Hurd Evidence 2024-05-08\Hurd Evidence 2024-05-08\Message Attachments\Photos\Screenshot 2024-04-25 at 2.07.57ΓÇ»PM.jpeg,Screenshot 2024-04-25 at 2.07.57ΓÇ»PM.jpeg,C:\Users\thoma\Documents\Cyber Crimes\Hurd Evidence 2024-05-08\Hurd Evidence 2024-05-08\Messages\HTML\media\Screenshot 2024-04-25 at 2.07.57ΓÇ»PM.jpeg,Screenshot 2024-04-25 at 2.07.57ΓÇ»PM.jpeg,,C:\Users\thoma\Documents\Cyber Crimes\Hurd Evidence 2024-05-08\Hurd Evidence 2024-05-08\Message Attachments\Photos\Screenshot 2024-04-25 at 2.07.57ΓÇ»PM.jpeg,079F1796A9E7CD54D367140A9439E07C94048D078CD032ECC4A838B5D485EFAB,365979,1170 x 2532,Yes,Unknown,Yes - same SHA256,Do not assume either timestamped screenshot filename or HTML/media filename was the native iPhone attachment filename without sms.db confirmation.
CE-074,C:\Users\thoma\Documents\Cyber Crimes\Hurd Evidence 2024-05-08\Hurd Evidence 2024-05-08\Message Attachments\Photos\Screenshot 2024-04-25 at 2.08.11ΓÇ»PM.jpeg,Screenshot 2024-04-25 at 2.08.11ΓÇ»PM.jpeg,C:\Users\thoma\Documents\Cyber Crimes\Hurd Evidence 2024-05-08\Hurd Evidence 2024-05-08\Messages\HTML\media\Screenshot 2024-04-25 at 2.08.11ΓÇ»PM.jpeg,Screenshot 2024-04-25 at 2.08.11ΓÇ»PM.jpeg,,C:\Users\thoma\Documents\Cyber Crimes\Hurd Evidence 2024-05-08\Hurd Evidence 2024-05-08\Message Attachments\Photos\Screenshot 2024-04-25 at 2.08.11ΓÇ»PM.jpeg,1934D70399D9CD6A5AF2871A81A4841C3DD9B9CE991A7652B4ABCF8D6989916B,483611,1170 x 2532,Yes,Unknown,Yes - same SHA256,Do not assume either timestamped screenshot filename or HTML/media filename was the native iPhone attachment filename without sms.db confirmation.
CE-075,C:\Users\thoma\Documents\Cyber Crimes\Hurd Evidence 2024-05-08\Hurd Evidence 2024-05-08\Message Attachments\Photos\Screenshot 2024-04-25 at 2.08.26ΓÇ»PM.jpeg,Screenshot 2024-04-25 at 2.08.26ΓÇ»PM.jpeg,C:\Users\thoma\Documents\Cyber Crimes\Hurd Evidence 2024-05-08\Hurd Evidence 2024-05-08\Messages\HTML\media\Screenshot 2024-04-25 at 2.08.26ΓÇ»PM.jpeg,Screenshot 2024-04-25 at 2.08.26ΓÇ»PM.jpeg,,C:\Users\thoma\Documents\Cyber Crimes\Hurd Evidence 2024-05-08\Hurd Evidence 2024-05-08\Message Attachments\Photos\Screenshot 2024-04-25 at 2.08.26ΓÇ»PM.jpeg,9E087CEAE41EC8BF5FFB688325ECABB0BC9393810F381D9598C52B3DEBB6B583,526679,1170 x 2532,Yes,Unknown,Yes - same SHA256,Do not assume either timestamped screenshot filename or HTML/media filename was the native iPhone attachment filename without sms.db confirmation.
CE-076,C:\Users\thoma\Documents\Cyber Crimes\Hurd Evidence 2024-05-08\Hurd Evidence 2024-05-08\Message Attachments\Photos\Screenshot 2024-04-25 at 2.08.44ΓÇ»PM.jpeg,Screenshot 2024-04-25 at 2.08.44ΓÇ»PM.jpeg,C:\Users\thoma\Documents\Cyber Crimes\Hurd Evidence 2024-05-08\Hurd Evidence 2024-05-08\Messages\HTML\media\Screenshot 2024-04-25 at 2.08.44ΓÇ»PM.jpeg,Screenshot 2024-04-25 at 2.08.44ΓÇ»PM.jpeg,,C:\Users\thoma\Documents\Cyber Crimes\Hurd Evidence 2024-05-08\Hurd Evidence 2024-05-08\Message Attachments\Photos\Screenshot 2024-04-25 at 2.08.44ΓÇ»PM.jpeg,5F15D384F8B7D5F499AF6BBF691BFF97C59E04EF33274B0CAA3A85EC3D2003AE,493643,1170 x 2532,Yes,Unknown,Yes - same SHA256,Do not assume either timestamped screenshot filename or HTML/media filename was the native iPhone attachment filename without sms.db confirmation.
CE-077,C:\Users\thoma\Documents\Cyber Crimes\Hurd Evidence 2024-05-08\Hurd Evidence 2024-05-08\Message Attachments\Photos\Screenshot 2024-04-25 at 2.09.01ΓÇ»PM.jpeg,Screenshot 2024-04-25 at 2.09.01ΓÇ»PM.jpeg,C:\Users\thoma\Documents\Cyber Crimes\Hurd Evidence 2024-05-08\Hurd Evidence 2024-05-08\Messages\HTML\media\Screenshot 2024-04-25 at 2.09.01ΓÇ»PM.jpeg,Screenshot 2024-04-25 at 2.09.01ΓÇ»PM.jpeg,,C:\Users\thoma\Documents\Cyber Crimes\Hurd Evidence 2024-05-08\Hurd Evidence 2024-05-08\Message Attachments\Photos\Screenshot 2024-04-25 at 2.09.01ΓÇ»PM.jpeg,FE1E51A85592FF1DDDB601045F626754F1F58FBE165A8586D036C417A44C3402,429529,1170 x 2532,Yes,Unknown,Yes - same SHA256,Do not assume either timestamped screenshot filename or HTML/media filename was the native iPhone attachment filename without sms.db confirmation.
CE-078,C:\Users\thoma\Documents\Cyber Crimes\Hurd Evidence 2024-05-08\Hurd Evidence 2024-05-08\Message Attachments\Photos\Screenshot 2024-04-25 at 2.09.15ΓÇ»PM.jpeg,Screenshot 2024-04-25 at 2.09.15ΓÇ»PM.jpeg,C:\Users\thoma\Documents\Cyber Crimes\Hurd Evidence 2024-05-08\Hurd Evidence 2024-05-08\Messages\HTML\media\Screenshot 2024-04-25 at 2.09.15ΓÇ»PM.jpeg,Screenshot 2024-04-25 at 2.09.15ΓÇ»PM.jpeg,,C:\Users\thoma\Documents\Cyber Crimes\Hurd Evidence 2024-05-08\Hurd Evidence 2024-05-08\Message Attachments\Photos\Screenshot 2024-04-25 at 2.09.15ΓÇ»PM.jpeg,C4373BC37E456E4B22818BCF4E03D613FD1FA3BA1F16BFBE9FEAFCBEFA78CFC3,376855,1170 x 2532,Yes,Unknown,Yes - same SHA256,Do not assume either timestamped screenshot filename or HTML/media filename was the native iPhone attachment filename without sms.db confirmation.
CE-079,C:\Users\thoma\Documents\Cyber Crimes\Hurd Evidence 2024-05-08\Hurd Evidence 2024-05-08\Message Attachments\Photos\Screenshot 2024-04-25 at 2.10.19ΓÇ»PM.jpeg,Screenshot 2024-04-25 at 2.10.19ΓÇ»PM.jpeg,C:\Users\thoma\Documents\Cyber Crimes\Hurd Evidence 2024-05-08\Hurd Evidence 2024-05-08\Messages\HTML\media\Screenshot 2024-04-25 at 2.10.19ΓÇ»PM.jpeg,Screenshot 2024-04-25 at 2.10.19ΓÇ»PM.jpeg,,C:\Users\thoma\Documents\Cyber Crimes\Hurd Evidence 2024-05-08\Hurd Evidence 2024-05-08\Message Attachments\Photos\Screenshot 2024-04-25 at 2.10.19ΓÇ»PM.jpeg,D3E9DF37AFBEF79427801A1E7D67EDF8AF05B8E71CC32C9F6EEFF7F636E43063,608883,1170 x 2532,Yes,Unknown,Yes - same SHA256,Do not assume either timestamped screenshot filename or HTML/media filename was the native iPhone attachment filename without sms.db confirmation.
CE-080,C:\Users\thoma\Documents\Cyber Crimes\Hurd Evidence 2024-05-08\Hurd Evidence 2024-05-08\Message Attachments\Photos\Screenshot 2024-04-25 at 2.10.37ΓÇ»PM.jpeg,Screenshot 2024-04-25 at 2.10.37ΓÇ»PM.jpeg,C:\Users\thoma\Documents\Cyber Crimes\Hurd Evidence 2024-05-08\Hurd Evidence 2024-05-08\Messages\HTML\media\Screenshot 2024-04-25 at 2.10.37ΓÇ»PM.jpeg,Screenshot 2024-04-25 at 2.10.37ΓÇ»PM.jpeg,,C:\Users\thoma\Documents\Cyber Crimes\Hurd Evidence 2024-05-08\Hurd Evidence 2024-05-08\Message Attachments\Photos\Screenshot 2024-04-25 at 2.10.37ΓÇ»PM.jpeg,B0A7D5B4538A207498037084AA3C4C3E54660303AFE7E1D19B1F2ED945F5DE2F,534249,1170 x 2532,Yes,Unknown,Yes - same SHA256,Do not assume either timestamped screenshot filename or HTML/media filename was the native iPhone attachment filename without sms.db confirmation.
CE-081,C:\Users\thoma\Documents\Cyber Crimes\Hurd Evidence 2024-05-08\Hurd Evidence 2024-05-08\Message Attachments\Photos\Screenshot 2024-04-25 at 10.43.28ΓÇ»PM.jpeg,Screenshot 2024-04-25 at 10.43.28ΓÇ»PM.jpeg,C:\Users\thoma\Documents\Cyber Crimes\Hurd Evidence 2024-05-08\Hurd Evidence 2024-05-08\Messages\HTML\media\Screenshot 2024-04-25 at 10.43.28ΓÇ»PM.jpeg,Screenshot 2024-04-25 at 10.43.28ΓÇ»PM.jpeg,,C:\Users\thoma\Documents\Cyber Crimes\Hurd Evidence 2024-05-08\Hurd Evidence 2024-05-08\Message Attachments\Photos\Screenshot 2024-04-25 at 10.43.28ΓÇ»PM.jpeg,DE8ADFB70DE36599B66E362F2E64A60C11B11C325D0D258B52BD935A01673BA8,150345,1170 x 2532,Yes,Unknown,Yes - same SHA256,Do not assume either timestamped screenshot filename or HTML/media filename was the native iPhone attachment filename without sms.db confirmation.
CE-082,C:\Users\thoma\Documents\Cyber Crimes\Hurd Evidence 2024-05-08\Hurd Evidence 2024-05-08\Message Attachments\Photos\Screenshot 2024-04-25 at 10.44.16ΓÇ»PM.jpeg,Screenshot 2024-04-25 at 10.44.16ΓÇ»PM.jpeg,C:\Users\thoma\Documents\Cyber Crimes\Hurd Evidence 2024-05-08\Hurd Evidence 2024-05-08\Messages\HTML\media\Screenshot 2024-04-25 at 10.44.16ΓÇ»PM.jpeg,Screenshot 2024-04-25 at 10.44.16ΓÇ»PM.jpeg,,C:\Users\thoma\Documents\Cyber Crimes\Hurd Evidence 2024-05-08\Hurd Evidence 2024-05-08\Message Attachments\Photos\Screenshot 2024-04-25 at 10.44.16ΓÇ»PM.jpeg,9F03F455A70C734C3FB793547DADBFCCD3820C634945E3952AF12A5467E78EA8,313702,1170 x 2532,Yes,Unknown,Yes - same SHA256,Do not assume either timestamped screenshot filename or HTML/media filename was the native iPhone attachment filename without sms.db confirmation.
CE-083,C:\Users\thoma\Documents\Cyber Crimes\Hurd Evidence 2024-05-08\Hurd Evidence 2024-05-08\Message Attachments\Photos\Screenshot 2024-04-25 at 10.44.52ΓÇ»PM.jpeg,Screenshot 2024-04-25 at 10.44.52ΓÇ»PM.jpeg,C:\Users\thoma\Documents\Cyber Crimes\Hurd Evidence 2024-05-08\Hurd Evidence 2024-05-08\Messages\HTML\media\Screenshot 2024-04-25 at 10.44.52ΓÇ»PM.jpeg,Screenshot 2024-04-25 at 10.44.52ΓÇ»PM.jpeg,,C:\Users\thoma\Documents\Cyber Crimes\Hurd Evidence 2024-05-08\Hurd Evidence 2024-05-08\Message Attachments\Photos\Screenshot 2024-04-25 at 10.44.52ΓÇ»PM.jpeg,E748808C10DA9E796B421BE3D164723F0AF02ED93F55F3271118E1E1077ABBC2,152909,1170 x 2532,Yes,Unknown,Yes - same SHA256,Do not assume either timestamped screenshot filename or HTML/media filename was the native iPhone attachment filename without sms.db confirmation.
CE-084,C:\Users\thoma\Documents\Cyber Crimes\Hurd Evidence 2024-05-08\Hurd Evidence 2024-05-08\Message Attachments\Photos\Screenshot 2024-04-25 at 10.47.08ΓÇ»PM.jpeg,Screenshot 2024-04-25 at 10.47.08ΓÇ»PM.jpeg,C:\Users\thoma\Documents\Cyber Crimes\Hurd Evidence 2024-05-08\Hurd Evidence 2024-05-08\Messages\HTML\media\Screenshot 2024-04-25 at 10.47.08ΓÇ»PM.jpeg,Screenshot 2024-04-25 at 10.47.08ΓÇ»PM.jpeg,,C:\Users\thoma\Documents\Cyber Crimes\Hurd Evidence 2024-05-08\Hurd Evidence 2024-05-08\Message Attachments\Photos\Screenshot 2024-04-25 at 10.47.08ΓÇ»PM.jpeg,B9A5250D08DE81863C7D554688A78574F9E4B9D8A1E44848A90152A385262CB7,209043,1170 x 2532,Yes,Unknown,Yes - same SHA256,Do not assume either timestamped screenshot filename or HTML/media filename was the native iPhone attachment filename without sms.db confirmation.
CE-085,C:\Users\thoma\Documents\Cyber Crimes\Hurd Evidence 2024-05-08\Hurd Evidence 2024-05-08\Message Attachments\Photos\Screenshot 2024-04-25 at 10.49.04ΓÇ»PM.jpeg,Screenshot 2024-04-25 at 10.49.04ΓÇ»PM.jpeg,C:\Users\thoma\Documents\Cyber Crimes\Hurd Evidence 2024-05-08\Hurd Evidence 2024-05-08\Messages\HTML\media\Screenshot 2024-04-25 at 10.49.04ΓÇ»PM.jpeg,Screenshot 2024-04-25 at 10.49.04ΓÇ»PM.jpeg,,C:\Users\thoma\Documents\Cyber Crimes\Hurd Evidence 2024-05-08\Hurd Evidence 2024-05-08\Message Attachments\Photos\Screenshot 2024-04-25 at 10.49.04ΓÇ»PM.jpeg,F5EACC5BC082652E6E37EBDDBC6227C94F43DE51A3429FF3D68EB878001531DA,242265,1170 x 2532,Yes,Unknown,Yes - same SHA256,Do not assume either timestamped screenshot filename or HTML/media filename was the native iPhone attachment filename without sms.db confirmation.
CE-086,C:\Users\thoma\Documents\Cyber Crimes\Hurd Evidence 2024-05-08\Hurd Evidence 2024-05-08\Message Attachments\Photos\Screenshot 2024-04-25 at 10.51.08ΓÇ»PM.jpeg,Screenshot 2024-04-25 at 10.51.08ΓÇ»PM.jpeg,C:\Users\thoma\Documents\Cyber Crimes\Hurd Evidence 2024-05-08\Hurd Evidence 2024-05-08\Messages\HTML\media\Screenshot 2024-04-25 at 10.51.08ΓÇ»PM.jpeg,Screenshot 2024-04-25 at 10.51.08ΓÇ»PM.jpeg,,C:\Users\thoma\Documents\Cyber Crimes\Hurd Evidence 2024-05-08\Hurd Evidence 2024-05-08\Message Attachments\Photos\Screenshot 2024-04-25 at 10.51.08ΓÇ»PM.jpeg,19D7992063DDEC8E9A65B14598CC4C436C1605DF79833EA453B2F53CD8F7AD01,590553,1170 x 2532,Yes,Unknown,Yes - same SHA256,Do not assume either timestamped screenshot filename or HTML/media filename was the native iPhone attachment filename without sms.db confirmation.
CE-087,C:\Users\thoma\Documents\Cyber Crimes\Hurd Evidence 2024-05-08\Hurd Evidence 2024-05-08\Message Attachments\Photos\Screenshot 2024-04-25 at 10.54.08ΓÇ»PM.jpeg,Screenshot 2024-04-25 at 10.54.08ΓÇ»PM.jpeg,C:\Users\thoma\Documents\Cyber Crimes\Hurd Evidence 2024-05-08\Hurd Evidence 2024-05-08\Messages\HTML\media\Screenshot 2024-04-25 at 10.54.08ΓÇ»PM.jpeg,Screenshot 2024-04-25 at 10.54.08ΓÇ»PM.jpeg,,C:\Users\thoma\Documents\Cyber Crimes\Hurd Evidence 2024-05-08\Hurd Evidence 2024-05-08\Message Attachments\Photos\Screenshot 2024-04-25 at 10.54.08ΓÇ»PM.jpeg,4FA28AB51D08279367B37A2C1B0A5D9CE3CAFE1D7F14AC7B33AA0D393184AE5B,230833,1170 x 2532,Yes,Unknown,Yes - same SHA256,Do not assume either timestamped screenshot filename or HTML/media filename was the native iPhone attachment filename without sms.db confirmation.
CE-088,C:\Users\thoma\Documents\Cyber Crimes\Hurd Evidence 2024-05-08\Hurd Evidence 2024-05-08\Message Attachments\Photos\Screenshot 2024-04-25 at 10.54.37ΓÇ»PM.jpeg,Screenshot 2024-04-25 at 10.54.37ΓÇ»PM.jpeg,C:\Users\thoma\Documents\Cyber Crimes\Hurd Evidence 2024-05-08\Hurd Evidence 2024-05-08\Messages\HTML\media\Screenshot 2024-04-25 at 10.54.37ΓÇ»PM.jpeg,Screenshot 2024-04-25 at 10.54.37ΓÇ»PM.jpeg,,C:\Users\thoma\Documents\Cyber Crimes\Hurd Evidence 2024-05-08\Hurd Evidence 2024-05-08\Message Attachments\Photos\Screenshot 2024-04-25 at 10.54.37ΓÇ»PM.jpeg,2E3426BB1210CB53266A0C05BCC4CABA3FCCB3B3414CE3559ADBBC2BA35052BC,226624,1170 x 2532,Yes,Unknown,Yes - same SHA256,Do not assume either timestamped screenshot filename or HTML/media filename was the native iPhone attachment filename without sms.db confirmation.
CE-089,C:\Users\thoma\Documents\Cyber Crimes\Hurd Evidence 2024-05-08\Hurd Evidence 2024-05-08\Message Attachments\Photos\Screenshot 2024-04-25 at 11.05.37ΓÇ»PM.jpeg,Screenshot 2024-04-25 at 11.05.37ΓÇ»PM.jpeg,C:\Users\thoma\Documents\Cyber Crimes\Hurd Evidence 2024-05-08\Hurd Evidence 2024-05-08\Messages\HTML\media\Screenshot 2024-04-25 at 11.05.37ΓÇ»PM.jpeg,Screenshot 2024-04-25 at 11.05.37ΓÇ»PM.jpeg,,C:\Users\thoma\Documents\Cyber Crimes\Hurd Evidence 2024-05-08\Hurd Evidence 2024-05-08\Message Attachments\Photos\Screenshot 2024-04-25 at 11.05.37ΓÇ»PM.jpeg,63BC779C1C574069D854ACF6EB0F357B4681552B452E4A52D0A47AC59FEC2262,319989,1170 x 2532,Yes,Unknown,Yes - same SHA256,Do not assume either timestamped screenshot filename or HTML/media filename was the native iPhone attachment filename without sms.db confirmation.
CE-090,C:\Users\thoma\Documents\Cyber Crimes\Hurd Evidence 2024-05-08\Hurd Evidence 2024-05-08\Message Attachments\Photos\Screenshot 2024-04-26 at 6.09.57ΓÇ»AM.jpeg,Screenshot 2024-04-26 at 6.09.57ΓÇ»AM.jpeg,C:\Users\thoma\Documents\Cyber Crimes\Hurd Evidence 2024-05-08\Hurd Evidence 2024-05-08\Messages\HTML\media\Screenshot 2024-04-26 at 6.09.57ΓÇ»AM.jpeg,Screenshot 2024-04-26 at 6.09.57ΓÇ»AM.jpeg,,C:\Users\thoma\Documents\Cyber Crimes\Hurd Evidence 2024-05-08\Hurd Evidence 2024-05-08\Message Attachments\Photos\Screenshot 2024-04-26 at 6.09.57ΓÇ»AM.jpeg,FA2BE8BF9D66E9AB393863797D9E308C57A1056B3B58E9C7F6927682B81F5E44,418804,1170 x 2532,Yes,Unknown,Yes - same SHA256,Do not assume either timestamped screenshot filename or HTML/media filename was the native iPhone attachment filename without sms.db confirmation.
CE-091,C:\Users\thoma\Documents\Cyber Crimes\Hurd Evidence 2024-05-08\Hurd Evidence 2024-05-08\Message Attachments\Photos\Screenshot 2024-04-26 at 6.11.07ΓÇ»AM.jpeg,Screenshot 2024-04-26 at 6.11.07ΓÇ»AM.jpeg,C:\Users\thoma\Documents\Cyber Crimes\Hurd Evidence 2024-05-08\Hurd Evidence 2024-05-08\Messages\HTML\media\Screenshot 2024-04-26 at 6.11.07ΓÇ»AM.jpeg,Screenshot 2024-04-26 at 6.11.07ΓÇ»AM.jpeg,,C:\Users\thoma\Documents\Cyber Crimes\Hurd Evidence 2024-05-08\Hurd Evidence 2024-05-08\Message Attachments\Photos\Screenshot 2024-04-26 at 6.11.07ΓÇ»AM.jpeg,7F7264EACA2554F063A5967E8A1942FC48627BE0FFB881FE933545D706E80544,303472,1170 x 2532,Yes,Unknown,Yes - same SHA256,Do not assume either timestamped screenshot filename or HTML/media filename was the native iPhone attachment filename without sms.db confirmation.
CE-092,C:\Users\thoma\Documents\Cyber Crimes\Hurd Evidence 2024-05-08\Hurd Evidence 2024-05-08\Message Attachments\Photos\Screenshot 2024-04-26 at 6.11.46ΓÇ»AM.jpeg,Screenshot 2024-04-26 at 6.11.46ΓÇ»AM.jpeg,C:\Users\thoma\Documents\Cyber Crimes\Hurd Evidence 2024-05-08\Hurd Evidence 2024-05-08\Messages\HTML\media\Screenshot 2024-04-26 at 6.11.46ΓÇ»AM.jpeg,Screenshot 2024-04-26 at 6.11.46ΓÇ»AM.jpeg,,C:\Users\thoma\Documents\Cyber Crimes\Hurd Evidence 2024-05-08\Hurd Evidence 2024-05-08\Message Attachments\Photos\Screenshot 2024-04-26 at 6.11.46ΓÇ»AM.jpeg,6535252F3673E79EA686A973C4C9776EE71A544FDC873ADFEE234E8093F8D1CB,318930,1170 x 2532,Yes,Unknown,Yes - same SHA256,Do not assume either timestamped screenshot filename or HTML/media filename was the native iPhone attachment filename without sms.db confirmation.
CE-093,C:\Users\thoma\Documents\Cyber Crimes\Hurd Evidence 2024-05-08\Hurd Evidence 2024-05-08\Message Attachments\Photos\Screenshot 2024-04-26 at 6.13.25ΓÇ»AM.jpeg,Screenshot 2024-04-26 at 6.13.25ΓÇ»AM.jpeg,C:\Users\thoma\Documents\Cyber Crimes\Hurd Evidence 2024-05-08\Hurd Evidence 2024-05-08\Messages\HTML\media\Screenshot 2024-04-26 at 6.13.25ΓÇ»AM.jpeg,Screenshot 2024-04-26 at 6.13.25ΓÇ»AM.jpeg,,C:\Users\thoma\Documents\Cyber Crimes\Hurd Evidence 2024-05-08\Hurd Evidence 2024-05-08\Message Attachments\Photos\Screenshot 2024-04-26 at 6.13.25ΓÇ»AM.jpeg,E1828DE6993A7AA8D017FB937029EF285856DFCCAAC9C9C53CD8550C2FF2C72D,347222,1170 x 2532,Yes,Unknown,Yes - same SHA256,Do not assume either timestamped screenshot filename or HTML/media filename was the native iPhone attachment filename without sms.db confirmation.
CE-094,C:\Users\thoma\Documents\Cyber Crimes\Hurd Evidence 2024-05-08\Hurd Evidence 2024-05-08\Message Attachments\Photos\Screenshot 2024-04-26 at 6.14.13ΓÇ»AM.jpeg,Screenshot 2024-04-26 at 6.14.13ΓÇ»AM.jpeg,C:\Users\thoma\Documents\Cyber Crimes\Hurd Evidence 2024-05-08\Hurd Evidence 2024-05-08\Messages\HTML\media\Screenshot 2024-04-26 at 6.14.13ΓÇ»AM.jpeg,Screenshot 2024-04-26 at 6.14.13ΓÇ»AM.jpeg,,C:\Users\thoma\Documents\Cyber Crimes\Hurd Evidence 2024-05-08\Hurd Evidence 2024-05-08\Message Attachments\Photos\Screenshot 2024-04-26 at 6.14.13ΓÇ»AM.jpeg,851402C082F2FB4BC4499F334FEE6AF2E1E4FF37D63538DDE4A0BB7F38D95A44,322153,1170 x 2532,Yes,Unknown,Yes - same SHA256,Do not assume either timestamped screenshot filename or HTML/media filename was the native iPhone attachment filename without sms.db confirmation.
CE-095,C:\Users\thoma\Documents\Cyber Crimes\Hurd Evidence 2024-05-08\Hurd Evidence 2024-05-08\Message Attachments\Photos\Screenshot 2024-04-26 at 6.15.30ΓÇ»AM.jpeg,Screenshot 2024-04-26 at 6.15.30ΓÇ»AM.jpeg,C:\Users\thoma\Documents\Cyber Crimes\Hurd Evidence 2024-05-08\Hurd Evidence 2024-05-08\Messages\HTML\media\Screenshot 2024-04-26 at 6.15.30ΓÇ»AM.jpeg,Screenshot 2024-04-26 at 6.15.30ΓÇ»AM.jpeg,,C:\Users\thoma\Documents\Cyber Crimes\Hurd Evidence 2024-05-08\Hurd Evidence 2024-05-08\Message Attachments\Photos\Screenshot 2024-04-26 at 6.15.30ΓÇ»AM.jpeg,706E18E5452497D066C96BD637CE678000B40FB1C59D3885F187DB0DB0850CBC,320463,1170 x 2532,Yes,Unknown,Yes - same SHA256,Do not assume either timestamped screenshot filename or HTML/media filename was the native iPhone attachment filename without sms.db confirmation.
CE-096,C:\Users\thoma\Documents\Cyber Crimes\Hurd Evidence 2024-05-08\Hurd Evidence 2024-05-08\Message Attachments\Photos\Screenshot 2024-04-26 at 6.17.32ΓÇ»AM.jpeg,Screenshot 2024-04-26 at 6.17.32ΓÇ»AM.jpeg,C:\Users\thoma\Documents\Cyber Crimes\Hurd Evidence 2024-05-08\Hurd Evidence 2024-05-08\Messages\HTML\media\Screenshot 2024-04-26 at 6.17.32ΓÇ»AM.jpeg,Screenshot 2024-04-26 at 6.17.32ΓÇ»AM.jpeg,,C:\Users\thoma\Documents\Cyber Crimes\Hurd Evidence 2024-05-08\Hurd Evidence 2024-05-08\Message Attachments\Photos\Screenshot 2024-04-26 at 6.17.32ΓÇ»AM.jpeg,E735E72F9CC8A2690B72C6189FBF80DA05160EA37A892B8366BD781B6673A01E,402744,1170 x 2532,Yes,Unknown,Yes - same SHA256,Do not assume either timestamped screenshot filename or HTML/media filename was the native iPhone attachment filename without sms.db confirmation.
CE-097,C:\Users\thoma\Documents\Cyber Crimes\Hurd Evidence 2024-05-08\Hurd Evidence 2024-05-08\Message Attachments\Photos\Screenshot 2024-04-26 at 6.17.59ΓÇ»AM.jpeg,Screenshot 2024-04-26 at 6.17.59ΓÇ»AM.jpeg,C:\Users\thoma\Documents\Cyber Crimes\Hurd Evidence 2024-05-08\Hurd Evidence 2024-05-08\Messages\HTML\media\Screenshot 2024-04-26 at 6.17.59ΓÇ»AM.jpeg,Screenshot 2024-04-26 at 6.17.59ΓÇ»AM.jpeg,,C:\Users\thoma\Documents\Cyber Crimes\Hurd Evidence 2024-05-08\Hurd Evidence 2024-05-08\Message Attachments\Photos\Screenshot 2024-04-26 at 6.17.59ΓÇ»AM.jpeg,0C75961EEEED72A08BAC2D0AB1DF526C070292E22577268C546217B1CE924F75,439997,1170 x 2532,Yes,Unknown,Yes - same SHA256,Do not assume either timestamped screenshot filename or HTML/media filename was the native iPhone attachment filename without sms.db confirmation.
CE-098,C:\Users\thoma\Documents\Cyber Crimes\Hurd Evidence 2024-05-08\Hurd Evidence 2024-05-08\Message Attachments\Photos\Screenshot 2024-04-26 at 6.18.18ΓÇ»AM.jpeg,Screenshot 2024-04-26 at 6.18.18ΓÇ»AM.jpeg,C:\Users\thoma\Documents\Cyber Crimes\Hurd Evidence 2024-05-08\Hurd Evidence 2024-05-08\Messages\HTML\media\Screenshot 2024-04-26 at 6.18.18ΓÇ»AM.jpeg,Screenshot 2024-04-26 at 6.18.18ΓÇ»AM.jpeg,,C:\Users\thoma\Documents\Cyber Crimes\Hurd Evidence 2024-05-08\Hurd Evidence 2024-05-08\Message Attachments\Photos\Screenshot 2024-04-26 at 6.18.18ΓÇ»AM.jpeg,A447C58AB6673F833665FE5A978C62EED681BD0E867C21AFF74ED1550496D4FC,430508,1170 x 2532,Yes,Unknown,Yes - same SHA256,Do not assume either timestamped screenshot filename or HTML/media filename was the native iPhone attachment filename without sms.db confirmation.
CE-099,C:\Users\thoma\Documents\Cyber Crimes\Hurd Evidence 2024-05-08\Hurd Evidence 2024-05-08\Message Attachments\Photos\Screenshot 2024-04-26 at 6.18.40ΓÇ»AM.jpeg,Screenshot 2024-04-26 at 6.18.40ΓÇ»AM.jpeg,C:\Users\thoma\Documents\Cyber Crimes\Hurd Evidence 2024-05-08\Hurd Evidence 2024-05-08\Messages\HTML\media\Screenshot 2024-04-26 at 6.18.40ΓÇ»AM.jpeg,Screenshot 2024-04-26 at 6.18.40ΓÇ»AM.jpeg,,C:\Users\thoma\Documents\Cyber Crimes\Hurd Evidence 2024-05-08\Hurd Evidence 2024-05-08\Message Attachments\Photos\Screenshot 2024-04-26 at 6.18.40ΓÇ»AM.jpeg,F2494ED3E4EB84240D3F5084B9EDAB342C646536EF7AB0D15E5862646DDCEEA6,442117,1170 x 2532,Yes,Unknown,Yes - same SHA256,Do not assume either timestamped screenshot filename or HTML/media filename was the native iPhone attachment filename without sms.db confirmation.
CE-100,C:\Users\thoma\Documents\Cyber Crimes\Hurd Evidence 2024-05-08\Hurd Evidence 2024-05-08\Message Attachments\Photos\Screenshot 2024-04-26 at 6.24.27ΓÇ»AM.jpeg,Screenshot 2024-04-26 at 6.24.27ΓÇ»AM.jpeg,C:\Users\thoma\Documents\Cyber Crimes\Hurd Evidence 2024-05-08\Hurd Evidence 2024-05-08\Messages\HTML\media\Screenshot 2024-04-26 at 6.24.27ΓÇ»AM.jpeg,Screenshot 2024-04-26 at 6.24.27ΓÇ»AM.jpeg,,C:\Users\thoma\Documents\Cyber Crimes\Hurd Evidence 2024-05-08\Hurd Evidence 2024-05-08\Message Attachments\Photos\Screenshot 2024-04-26 at 6.24.27ΓÇ»AM.jpeg,09CB5CE7A4AE7F762F6A88658C58D2E42F35F45BD85111EC9827B6F141C6BA26,411777,1170 x 2532,Yes,Unknown,Yes - same SHA256,Do not assume either timestamped screenshot filename or HTML/media filename was the native iPhone attachment filename without sms.db confirmation.
CE-101,C:\Users\thoma\Documents\Cyber Crimes\Hurd Evidence 2024-05-08\Hurd Evidence 2024-05-08\Message Attachments\Photos\Screenshot 2024-04-26 at 6.25.25ΓÇ»AM.jpeg,Screenshot 2024-04-26 at 6.25.25ΓÇ»AM.jpeg,C:\Users\thoma\Documents\Cyber Crimes\Hurd Evidence 2024-05-08\Hurd Evidence 2024-05-08\Messages\HTML\media\Screenshot 2024-04-26 at 6.25.25ΓÇ»AM.jpeg,Screenshot 2024-04-26 at 6.25.25ΓÇ»AM.jpeg,,C:\Users\thoma\Documents\Cyber Crimes\Hurd Evidence 2024-05-08\Hurd Evidence 2024-05-08\Message Attachments\Photos\Screenshot 2024-04-26 at 6.25.25ΓÇ»AM.jpeg,01AA4F26CD60520C4839C86F11891487BDC050D3F6E76DEFA70DEEBE0DDBA752,145759,1170 x 2532,Yes,Unknown,Yes - same SHA256,Do not assume either timestamped screenshot filename or HTML/media filename was the native iPhone attachment filename without sms.db confirmation.
