Path,FileName,SHA256,FileSize,CreatedTimeLocal,ModifiedTimeLocal,AccessedTimeLocal,PacketCopyPath,CopyHash,CopyHashStatus
C:\Users\thoma\Documents\Cyber Crimes\Hurd Evidence 2024-05-08\Hurd Evidence 2024-05-08\Message Attachments\Photos\Screenshot 2024-04-19 at 7.22.24ΓÇ»PM.jpeg,Screenshot 2024-04-19 at 7.22.24ΓÇ»PM.jpeg,E1BFF9B67CE70AF043F83505AED85BBDE5BF27DA1A1D1B6B4FF8213FAFD29322,164095,2024-05-01 14:46:12,2025-08-29 09:47:20,2026-06-04 12:53:27,C:\Users\thoma\Documents\Cyber Crimes Tools\Final Reopen Packet POPD SA\Exhibit_Files_For_Submission\01_Screenshot_2024-04-19_at_7.22.24_PM.jpeg,E1BFF9B67CE70AF043F83505AED85BBDE5BF27DA1A1D1B6B4FF8213FAFD29322,Hash match
C:\Users\thoma\Documents\Cyber Crimes Tools\Final Reopen Packet POPD SA\Exhibit_Files_For_Submission\01_Screenshot_2024-04-19_at_7.22.24_PM.jpeg,01_Screenshot_2024-04-19_at_7.22.24_PM.jpeg,E1BFF9B67CE70AF043F83505AED85BBDE5BF27DA1A1D1B6B4FF8213FAFD29322,164095,2026-06-04 12:52:47,2025-08-29 09:47:20,2026-06-04 12:53:27,C:\Users\thoma\Documents\Cyber Crimes Tools\Final Reopen Packet POPD SA\Exhibit_Files_For_Submission\01_Screenshot_2024-04-19_at_7.22.24_PM.jpeg,E1BFF9B67CE70AF043F83505AED85BBDE5BF27DA1A1D1B6B4FF8213FAFD29322,Packet copy
C:\Users\thoma\Documents\Cyber Crimes\Hurd Evidence 2024-05-08\Hurd Evidence 2024-05-08\Messages\HTML\media\FILE_5531.pdf,FILE_5531.pdf,46FC44791F9A050C9F711BCE1732DB6E29AD5BB76D853C48B795E931E807D331,112934,2024-05-01 14:46:50,2025-08-29 09:47:18,2026-06-04 12:53:27,C:\Users\thoma\Documents\Cyber Crimes Tools\Final Reopen Packet POPD SA\Exhibit_Files_For_Submission\02_FILE_5531.pdf,46FC44791F9A050C9F711BCE1732DB6E29AD5BB76D853C48B795E931E807D331,Hash match
C:\Users\thoma\Documents\Cyber Crimes Tools\Final Reopen Packet POPD SA\Exhibit_Files_For_Submission\02_FILE_5531.pdf,02_FILE_5531.pdf,46FC44791F9A050C9F711BCE1732DB6E29AD5BB76D853C48B795E931E807D331,112934,2026-06-04 12:52:47,2025-08-29 09:47:18,2026-06-04 12:53:27,C:\Users\thoma\Documents\Cyber Crimes Tools\Final Reopen Packet POPD SA\Exhibit_Files_For_Submission\02_FILE_5531.pdf,46FC44791F9A050C9F711BCE1732DB6E29AD5BB76D853C48B795E931E807D331,Packet copy
C:\Users\thoma\Documents\Cyber Crimes\Hurd Evidence 2024-05-08\Hurd Evidence 2024-05-08\Messages\HTML\media\Screenshot 2024-04-25 at 12.50.49ΓÇ»PM.jpeg,Screenshot 2024-04-25 at 12.50.49ΓÇ»PM.jpeg,A64EB2285D62A3AABE20461397EEBFE3F1290DCEFBEA53A78DB187E919CDC329,387040,2024-05-01 14:46:50,2025-08-29 09:47:18,2026-06-04 12:53:27,C:\Users\thoma\Documents\Cyber Crimes Tools\Final Reopen Packet POPD SA\Exhibit_Files_For_Submission\03_Screenshot_2024-04-25_at_12.50.49_PM.jpeg,A64EB2285D62A3AABE20461397EEBFE3F1290DCEFBEA53A78DB187E919CDC329,Hash match
C:\Users\thoma\Documents\Cyber Crimes Tools\Final Reopen Packet POPD SA\Exhibit_Files_For_Submission\03_Screenshot_2024-04-25_at_12.50.49_PM.jpeg,03_Screenshot_2024-04-25_at_12.50.49_PM.jpeg,A64EB2285D62A3AABE20461397EEBFE3F1290DCEFBEA53A78DB187E919CDC329,387040,2026-06-04 12:52:20,2025-08-29 09:47:18,2026-06-04 12:53:27,C:\Users\thoma\Documents\Cyber Crimes Tools\Final Reopen Packet POPD SA\Exhibit_Files_For_Submission\03_Screenshot_2024-04-25_at_12.50.49_PM.jpeg,A64EB2285D62A3AABE20461397EEBFE3F1290DCEFBEA53A78DB187E919CDC329,Packet copy
C:\Users\thoma\Documents\Cyber Crimes\Hurd Evidence 2024-05-08\Hurd Evidence 2024-05-08\Message Attachments\Photos\Screenshot 2024-04-25 at 10.44.16ΓÇ»PM.jpeg,Screenshot 2024-04-25 at 10.44.16ΓÇ»PM.jpeg,9F03F455A70C734C3FB793547DADBFCCD3820C634945E3952AF12A5467E78EA8,313702,2024-05-01 14:46:14,2025-08-29 09:47:19,2026-06-04 12:53:27,C:\Users\thoma\Documents\Cyber Crimes Tools\Final Reopen Packet POPD SA\Exhibit_Files_For_Submission\04_Screenshot_2024-04-25_at_10.44.16_PM.jpeg,9F03F455A70C734C3FB793547DADBFCCD3820C634945E3952AF12A5467E78EA8,Hash match
C:\Users\thoma\Documents\Cyber Crimes Tools\Final Reopen Packet POPD SA\Exhibit_Files_For_Submission\04_Screenshot_2024-04-25_at_10.44.16_PM.jpeg,04_Screenshot_2024-04-25_at_10.44.16_PM.jpeg,9F03F455A70C734C3FB793547DADBFCCD3820C634945E3952AF12A5467E78EA8,313702,2026-06-04 12:52:20,2025-08-29 09:47:19,2026-06-04 12:53:27,C:\Users\thoma\Documents\Cyber Crimes Tools\Final Reopen Packet POPD SA\Exhibit_Files_For_Submission\04_Screenshot_2024-04-25_at_10.44.16_PM.jpeg,9F03F455A70C734C3FB793547DADBFCCD3820C634945E3952AF12A5467E78EA8,Packet copy
C:\Users\thoma\Documents\Cyber Crimes\Hurd Evidence 2024-05-08\Hurd Evidence 2024-05-08\Message Attachments\Photos\Screenshot 2024-04-25 at 1.09.50ΓÇ»PM.jpeg,Screenshot 2024-04-25 at 1.09.50ΓÇ»PM.jpeg,33F499A9943BD22BD4F156D74868451E2040EDB9A7181DC0578F606D4EF2D207,355374,2024-05-01 14:46:50,2025-08-29 09:47:20,2026-06-04 12:53:27,C:\Users\thoma\Documents\Cyber Crimes Tools\Final Reopen Packet POPD SA\Exhibit_Files_For_Submission\05_Screenshot_2024-04-25_at_1.09.50_PM.jpeg,33F499A9943BD22BD4F156D74868451E2040EDB9A7181DC0578F606D4EF2D207,Hash match
C:\Users\thoma\Documents\Cyber Crimes Tools\Final Reopen Packet POPD SA\Exhibit_Files_For_Submission\05_Screenshot_2024-04-25_at_1.09.50_PM.jpeg,05_Screenshot_2024-04-25_at_1.09.50_PM.jpeg,33F499A9943BD22BD4F156D74868451E2040EDB9A7181DC0578F606D4EF2D207,355374,2026-06-04 12:36:46,2025-08-29 09:47:20,2026-06-04 12:53:27,C:\Users\thoma\Documents\Cyber Crimes Tools\Final Reopen Packet POPD SA\Exhibit_Files_For_Submission\05_Screenshot_2024-04-25_at_1.09.50_PM.jpeg,33F499A9943BD22BD4F156D74868451E2040EDB9A7181DC0578F606D4EF2D207,Packet copy
C:\Users\thoma\Documents\Cyber Crimes\Hurd Evidence 2024-05-08\Hurd Evidence 2024-05-08\Message Attachments\Photos\Screenshot 2024-04-25 at 1.10.25ΓÇ»PM.jpeg,Screenshot 2024-04-25 at 1.10.25ΓÇ»PM.jpeg,9AE509BCDFEFB45C575920D0F200D8C685689DE8CDB460083484B78D31A4D5E2,427729,2024-05-01 14:46:50,2025-08-29 09:47:20,2026-06-04 12:53:27,C:\Users\thoma\Documents\Cyber Crimes Tools\Final Reopen Packet POPD SA\Exhibit_Files_For_Submission\06_Screenshot_2024-04-25_at_1.10.25_PM.jpeg,9AE509BCDFEFB45C575920D0F200D8C685689DE8CDB460083484B78D31A4D5E2,Hash match
C:\Users\thoma\Documents\Cyber Crimes Tools\Final Reopen Packet POPD SA\Exhibit_Files_For_Submission\06_Screenshot_2024-04-25_at_1.10.25_PM.jpeg,06_Screenshot_2024-04-25_at_1.10.25_PM.jpeg,9AE509BCDFEFB45C575920D0F200D8C685689DE8CDB460083484B78D31A4D5E2,427729,2026-06-04 12:36:46,2025-08-29 09:47:20,2026-06-04 12:53:27,C:\Users\thoma\Documents\Cyber Crimes Tools\Final Reopen Packet POPD SA\Exhibit_Files_For_Submission\06_Screenshot_2024-04-25_at_1.10.25_PM.jpeg,9AE509BCDFEFB45C575920D0F200D8C685689DE8CDB460083484B78D31A4D5E2,Packet copy
C:\Users\thoma\Documents\Cyber Crimes\Hurd Evidence 2024-05-08\Hurd Evidence 2024-05-08\Message Attachments\Photos\Screenshot 2024-04-25 at 1.32.13ΓÇ»PM.jpeg,Screenshot 2024-04-25 at 1.32.13ΓÇ»PM.jpeg,014EC7454084A20B550C320138D52B93237FD05924CA7E188C2539B6D26609ED,351122,2024-05-01 14:46:12,2025-08-29 09:47:20,2026-06-04 12:53:27,C:\Users\thoma\Documents\Cyber Crimes Tools\Final Reopen Packet POPD SA\Exhibit_Files_For_Submission\07_Screenshot_2024-04-25_at_1.32.13_PM.jpeg,014EC7454084A20B550C320138D52B93237FD05924CA7E188C2539B6D26609ED,Hash match
C:\Users\thoma\Documents\Cyber Crimes Tools\Final Reopen Packet POPD SA\Exhibit_Files_For_Submission\07_Screenshot_2024-04-25_at_1.32.13_PM.jpeg,07_Screenshot_2024-04-25_at_1.32.13_PM.jpeg,014EC7454084A20B550C320138D52B93237FD05924CA7E188C2539B6D26609ED,351122,2026-06-04 12:36:47,2025-08-29 09:47:20,2026-06-04 12:53:27,C:\Users\thoma\Documents\Cyber Crimes Tools\Final Reopen Packet POPD SA\Exhibit_Files_For_Submission\07_Screenshot_2024-04-25_at_1.32.13_PM.jpeg,014EC7454084A20B550C320138D52B93237FD05924CA7E188C2539B6D26609ED,Packet copy
C:\Users\thoma\Documents\Cyber Crimes\Hurd Evidence 2024-05-08\Hurd Evidence 2024-05-08\Message Attachments\Photos\Screenshot 2024-04-25 at 12.56.37ΓÇ»PM.jpeg,Screenshot 2024-04-25 at 12.56.37ΓÇ»PM.jpeg,58F7081EF73C5B5C64DE77F726BAE14007AF0313A2B421D3A931F4142B06A901,327981,2024-05-01 14:46:12,2025-08-29 09:47:20,2026-06-04 12:53:27,C:\Users\thoma\Documents\Cyber Crimes Tools\Final Reopen Packet POPD SA\Exhibit_Files_For_Submission\08_Screenshot_2024-04-25_at_12.56.37_PM.jpeg,58F7081EF73C5B5C64DE77F726BAE14007AF0313A2B421D3A931F4142B06A901,Hash match
C:\Users\thoma\Documents\Cyber Crimes Tools\Final Reopen Packet POPD SA\Exhibit_Files_For_Submission\08_Screenshot_2024-04-25_at_12.56.37_PM.jpeg,08_Screenshot_2024-04-25_at_12.56.37_PM.jpeg,58F7081EF73C5B5C64DE77F726BAE14007AF0313A2B421D3A931F4142B06A901,327981,2026-06-04 12:36:47,2025-08-29 09:47:20,2026-06-04 12:53:27,C:\Users\thoma\Documents\Cyber Crimes Tools\Final Reopen Packet POPD SA\Exhibit_Files_For_Submission\08_Screenshot_2024-04-25_at_12.56.37_PM.jpeg,58F7081EF73C5B5C64DE77F726BAE14007AF0313A2B421D3A931F4142B06A901,Packet copy
C:\Users\thoma\Documents\Cyber Crimes\Hurd Evidence 2024-05-08\Hurd Evidence 2024-05-08\Message Attachments\Photos\Screenshot 2024-04-25 at 1.33.56ΓÇ»PM.jpeg,Screenshot 2024-04-25 at 1.33.56ΓÇ»PM.jpeg,C39404192A932D0472A378A09B9E7C967DD7F4458DD972AC8BC1EFC9C257DB72,318885,2024-05-01 14:46:50,2025-08-29 09:47:19,2026-06-04 12:53:27,C:\Users\thoma\Documents\Cyber Crimes Tools\Final Reopen Packet POPD SA\Exhibit_Files_For_Submission\09_Screenshot_2024-04-25_at_1.33.56_PM.jpeg,C39404192A932D0472A378A09B9E7C967DD7F4458DD972AC8BC1EFC9C257DB72,Hash match
C:\Users\thoma\Documents\Cyber Crimes Tools\Final Reopen Packet POPD SA\Exhibit_Files_For_Submission\09_Screenshot_2024-04-25_at_1.33.56_PM.jpeg,09_Screenshot_2024-04-25_at_1.33.56_PM.jpeg,C39404192A932D0472A378A09B9E7C967DD7F4458DD972AC8BC1EFC9C257DB72,318885,2026-06-04 12:36:47,2025-08-29 09:47:19,2026-06-04 12:53:27,C:\Users\thoma\Documents\Cyber Crimes Tools\Final Reopen Packet POPD SA\Exhibit_Files_For_Submission\09_Screenshot_2024-04-25_at_1.33.56_PM.jpeg,C39404192A932D0472A378A09B9E7C967DD7F4458DD972AC8BC1EFC9C257DB72,Packet copy
C:\Users\thoma\Documents\Cyber Crimes\Hurd Evidence 2024-05-08\Hurd Evidence 2024-05-08\Message Attachments\Photos\Screenshot 2024-04-25 at 1.38.30ΓÇ»PM.jpeg,Screenshot 2024-04-25 at 1.38.30ΓÇ»PM.jpeg,3B8A0C06DB642431E11E7FE9A16E10E571D2CB5AD05515B7CC9C2EBFC4D11DB3,325272,2024-05-01 14:46:12,2025-08-29 09:47:19,2026-06-04 12:53:27,C:\Users\thoma\Documents\Cyber Crimes Tools\Final Reopen Packet POPD SA\Exhibit_Files_For_Submission\10_Screenshot_2024-04-25_at_1.38.30_PM.jpeg,3B8A0C06DB642431E11E7FE9A16E10E571D2CB5AD05515B7CC9C2EBFC4D11DB3,Hash match
C:\Users\thoma\Documents\Cyber Crimes Tools\Final Reopen Packet POPD SA\Exhibit_Files_For_Submission\10_Screenshot_2024-04-25_at_1.38.30_PM.jpeg,10_Screenshot_2024-04-25_at_1.38.30_PM.jpeg,3B8A0C06DB642431E11E7FE9A16E10E571D2CB5AD05515B7CC9C2EBFC4D11DB3,325272,2026-06-04 12:36:47,2025-08-29 09:47:19,2026-06-04 12:53:27,C:\Users\thoma\Documents\Cyber Crimes Tools\Final Reopen Packet POPD SA\Exhibit_Files_For_Submission\10_Screenshot_2024-04-25_at_1.38.30_PM.jpeg,3B8A0C06DB642431E11E7FE9A16E10E571D2CB5AD05515B7CC9C2EBFC4D11DB3,Packet copy
C:\Users\thoma\Documents\Cyber Crimes\Hurd Evidence 2024-05-08\Hurd Evidence 2024-05-08\Message Attachments\Photos\Screenshot 2024-04-25 at 1.22.38ΓÇ»PM.jpeg,Screenshot 2024-04-25 at 1.22.38ΓÇ»PM.jpeg,C2BC371575A8B3696F029E3CBEBDED5077AA8C36AEF684FD27CF8BE83CC5FC65,358088,2024-05-01 14:46:12,2025-08-29 09:47:20,2026-06-04 12:53:27,C:\Users\thoma\Documents\Cyber Crimes Tools\Final Reopen Packet POPD SA\Exhibit_Files_For_Submission\11_Screenshot_2024-04-25_at_1.22.38_PM.jpeg,C2BC371575A8B3696F029E3CBEBDED5077AA8C36AEF684FD27CF8BE83CC5FC65,Hash match
C:\Users\thoma\Documents\Cyber Crimes Tools\Final Reopen Packet POPD SA\Exhibit_Files_For_Submission\11_Screenshot_2024-04-25_at_1.22.38_PM.jpeg,11_Screenshot_2024-04-25_at_1.22.38_PM.jpeg,C2BC371575A8B3696F029E3CBEBDED5077AA8C36AEF684FD27CF8BE83CC5FC65,358088,2026-06-04 12:36:47,2025-08-29 09:47:20,2026-06-04 12:53:27,C:\Users\thoma\Documents\Cyber Crimes Tools\Final Reopen Packet POPD SA\Exhibit_Files_For_Submission\11_Screenshot_2024-04-25_at_1.22.38_PM.jpeg,C2BC371575A8B3696F029E3CBEBDED5077AA8C36AEF684FD27CF8BE83CC5FC65,Packet copy
C:\Users\thoma\Documents\Cyber Crimes\Hurd Evidence 2024-05-08\Hurd Evidence 2024-05-08\Message Attachments\Photos\Screenshot 2024-04-25 at 1.21.58ΓÇ»PM.jpeg,Screenshot 2024-04-25 at 1.21.58ΓÇ»PM.jpeg,9668435AF5C8CE1928F7331960DAE4AF3F63E3607D166C87508CFFBC9EDC2E59,342510,2024-05-01 14:46:14,2025-08-29 09:47:19,2026-06-04 12:53:27,C:\Users\thoma\Documents\Cyber Crimes Tools\Final Reopen Packet POPD SA\Exhibit_Files_For_Submission\12_Screenshot_2024-04-25_at_1.21.58_PM.jpeg,9668435AF5C8CE1928F7331960DAE4AF3F63E3607D166C87508CFFBC9EDC2E59,Hash match
C:\Users\thoma\Documents\Cyber Crimes Tools\Final Reopen Packet POPD SA\Exhibit_Files_For_Submission\12_Screenshot_2024-04-25_at_1.21.58_PM.jpeg,12_Screenshot_2024-04-25_at_1.21.58_PM.jpeg,9668435AF5C8CE1928F7331960DAE4AF3F63E3607D166C87508CFFBC9EDC2E59,342510,2026-06-04 12:36:47,2025-08-29 09:47:19,2026-06-04 12:53:27,C:\Users\thoma\Documents\Cyber Crimes Tools\Final Reopen Packet POPD SA\Exhibit_Files_For_Submission\12_Screenshot_2024-04-25_at_1.21.58_PM.jpeg,9668435AF5C8CE1928F7331960DAE4AF3F63E3607D166C87508CFFBC9EDC2E59,Packet copy
C:\Users\thoma\Documents\Cyber Crimes\Hurd Evidence 2024-05-08\Hurd Evidence 2024-05-08\Message Attachments\Photos\Screenshot 2024-04-25 at 1.49.10ΓÇ»PM.jpeg,Screenshot 2024-04-25 at 1.49.10ΓÇ»PM.jpeg,CB8075338891B4A95133AECDE1D52F3C20CEC60420DB5FDFA9BD641D17833035,472588,2024-05-01 14:46:50,2025-08-29 09:47:20,2026-06-04 12:53:27,C:\Users\thoma\Documents\Cyber Crimes Tools\Final Reopen Packet POPD SA\Exhibit_Files_For_Submission\13_Screenshot_2024-04-25_at_1.49.10_PM.jpeg,CB8075338891B4A95133AECDE1D52F3C20CEC60420DB5FDFA9BD641D17833035,Hash match
C:\Users\thoma\Documents\Cyber Crimes Tools\Final Reopen Packet POPD SA\Exhibit_Files_For_Submission\13_Screenshot_2024-04-25_at_1.49.10_PM.jpeg,13_Screenshot_2024-04-25_at_1.49.10_PM.jpeg,CB8075338891B4A95133AECDE1D52F3C20CEC60420DB5FDFA9BD641D17833035,472588,2026-06-04 12:36:47,2025-08-29 09:47:20,2026-06-04 12:53:27,C:\Users\thoma\Documents\Cyber Crimes Tools\Final Reopen Packet POPD SA\Exhibit_Files_For_Submission\13_Screenshot_2024-04-25_at_1.49.10_PM.jpeg,CB8075338891B4A95133AECDE1D52F3C20CEC60420DB5FDFA9BD641D17833035,Packet copy
C:\Users\thoma\Documents\Cyber Crimes\Hurd Evidence 2024-05-08\Hurd Evidence 2024-05-08\Message Attachments\Photos\Screenshot 2024-04-25 at 1.50.40ΓÇ»PM.jpeg,Screenshot 2024-04-25 at 1.50.40ΓÇ»PM.jpeg,9CDB12067475B731391B4D5A9A3B0AB4E286E514F271D471E2E2F317AA5527C1,459677,2024-05-01 14:46:12,2025-08-29 09:47:20,2026-06-04 12:53:27,C:\Users\thoma\Documents\Cyber Crimes Tools\Final Reopen Packet POPD SA\Exhibit_Files_For_Submission\14_Screenshot_2024-04-25_at_1.50.40_PM.jpeg,9CDB12067475B731391B4D5A9A3B0AB4E286E514F271D471E2E2F317AA5527C1,Hash match
C:\Users\thoma\Documents\Cyber Crimes Tools\Final Reopen Packet POPD SA\Exhibit_Files_For_Submission\14_Screenshot_2024-04-25_at_1.50.40_PM.jpeg,14_Screenshot_2024-04-25_at_1.50.40_PM.jpeg,9CDB12067475B731391B4D5A9A3B0AB4E286E514F271D471E2E2F317AA5527C1,459677,2026-06-04 12:36:47,2025-08-29 09:47:20,2026-06-04 12:53:27,C:\Users\thoma\Documents\Cyber Crimes Tools\Final Reopen Packet POPD SA\Exhibit_Files_For_Submission\14_Screenshot_2024-04-25_at_1.50.40_PM.jpeg,9CDB12067475B731391B4D5A9A3B0AB4E286E514F271D471E2E2F317AA5527C1,Packet copy
C:\Users\thoma\Documents\Cyber Crimes\Hurd Evidence 2024-05-08\Hurd Evidence 2024-05-08\Message Attachments\Photos\Screenshot 2024-04-25 at 1.52.52ΓÇ»PM.jpeg,Screenshot 2024-04-25 at 1.52.52ΓÇ»PM.jpeg,BEEB674C0DCC2783E5A32FC0C2DB5C4C27663BEF6E40DA2D6E13BE24D7813755,460516,2024-05-01 14:46:12,2025-08-29 09:47:20,2026-06-04 12:53:27,C:\Users\thoma\Documents\Cyber Crimes Tools\Final Reopen Packet POPD SA\Exhibit_Files_For_Submission\15_Screenshot_2024-04-25_at_1.52.52_PM.jpeg,BEEB674C0DCC2783E5A32FC0C2DB5C4C27663BEF6E40DA2D6E13BE24D7813755,Hash match
C:\Users\thoma\Documents\Cyber Crimes Tools\Final Reopen Packet POPD SA\Exhibit_Files_For_Submission\15_Screenshot_2024-04-25_at_1.52.52_PM.jpeg,15_Screenshot_2024-04-25_at_1.52.52_PM.jpeg,BEEB674C0DCC2783E5A32FC0C2DB5C4C27663BEF6E40DA2D6E13BE24D7813755,460516,2026-06-04 12:36:47,2025-08-29 09:47:20,2026-06-04 12:53:27,C:\Users\thoma\Documents\Cyber Crimes Tools\Final Reopen Packet POPD SA\Exhibit_Files_For_Submission\15_Screenshot_2024-04-25_at_1.52.52_PM.jpeg,BEEB674C0DCC2783E5A32FC0C2DB5C4C27663BEF6E40DA2D6E13BE24D7813755,Packet copy
C:\Users\thoma\Documents\Cyber Crimes\Hurd Evidence 2024-05-08\Hurd Evidence 2024-05-08\Message Attachments\Photos\Screenshot 2024-04-25 at 1.35.14ΓÇ»PM.jpeg,Screenshot 2024-04-25 at 1.35.14ΓÇ»PM.jpeg,8D710CA80CEA9D50BADAF7D6055930C414FEA7339B6A92C23648B2FFD001C863,403119,2024-05-01 14:46:10,2025-08-29 09:47:19,2026-06-04 12:53:27,C:\Users\thoma\Documents\Cyber Crimes Tools\Final Reopen Packet POPD SA\Exhibit_Files_For_Submission\16_Screenshot_2024-04-25_at_1.35.14_PM.jpeg,8D710CA80CEA9D50BADAF7D6055930C414FEA7339B6A92C23648B2FFD001C863,Hash match
C:\Users\thoma\Documents\Cyber Crimes Tools\Final Reopen Packet POPD SA\Exhibit_Files_For_Submission\16_Screenshot_2024-04-25_at_1.35.14_PM.jpeg,16_Screenshot_2024-04-25_at_1.35.14_PM.jpeg,8D710CA80CEA9D50BADAF7D6055930C414FEA7339B6A92C23648B2FFD001C863,403119,2026-06-04 12:36:47,2025-08-29 09:47:19,2026-06-04 12:53:27,C:\Users\thoma\Documents\Cyber Crimes Tools\Final Reopen Packet POPD SA\Exhibit_Files_For_Submission\16_Screenshot_2024-04-25_at_1.35.14_PM.jpeg,8D710CA80CEA9D50BADAF7D6055930C414FEA7339B6A92C23648B2FFD001C863,Packet copy
C:\Users\thoma\Documents\Cyber Crimes\Hurd Evidence 2024-05-08\Hurd Evidence 2024-05-08\Message Attachments\Photos\Screenshot 2024-04-25 at 1.35.47ΓÇ»PM.jpeg,Screenshot 2024-04-25 at 1.35.47ΓÇ»PM.jpeg,0EDE8EB2DECD6A6CC81B6A3112533B46948E28240B1C23EAD6B5E2A080C1CF63,378163,2024-05-01 14:46:12,2025-08-29 09:47:20,2026-06-04 12:53:27,C:\Users\thoma\Documents\Cyber Crimes Tools\Final Reopen Packet POPD SA\Exhibit_Files_For_Submission\17_Screenshot_2024-04-25_at_1.35.47_PM.jpeg,0EDE8EB2DECD6A6CC81B6A3112533B46948E28240B1C23EAD6B5E2A080C1CF63,Hash match
C:\Users\thoma\Documents\Cyber Crimes Tools\Final Reopen Packet POPD SA\Exhibit_Files_For_Submission\17_Screenshot_2024-04-25_at_1.35.47_PM.jpeg,17_Screenshot_2024-04-25_at_1.35.47_PM.jpeg,0EDE8EB2DECD6A6CC81B6A3112533B46948E28240B1C23EAD6B5E2A080C1CF63,378163,2026-06-04 12:36:47,2025-08-29 09:47:20,2026-06-04 12:53:27,C:\Users\thoma\Documents\Cyber Crimes Tools\Final Reopen Packet POPD SA\Exhibit_Files_For_Submission\17_Screenshot_2024-04-25_at_1.35.47_PM.jpeg,0EDE8EB2DECD6A6CC81B6A3112533B46948E28240B1C23EAD6B5E2A080C1CF63,Packet copy
C:\Users\thoma\Documents\Cyber Crimes\Hurd Evidence 2024-05-08\Hurd Evidence 2024-05-08\Message Attachments\Photos\Screenshot 2024-04-25 at 1.43.04ΓÇ»PM.jpeg,Screenshot 2024-04-25 at 1.43.04ΓÇ»PM.jpeg,35674146F6F00298CCF82D0B374A760F0A1CC9F24EBD5AACF7C9610B0805D61E,326585,2024-05-01 14:46:12,2025-08-29 09:47:19,2026-06-04 12:53:27,C:\Users\thoma\Documents\Cyber Crimes Tools\Final Reopen Packet POPD SA\Exhibit_Files_For_Submission\18_Screenshot_2024-04-25_at_1.43.04_PM.jpeg,35674146F6F00298CCF82D0B374A760F0A1CC9F24EBD5AACF7C9610B0805D61E,Hash match
C:\Users\thoma\Documents\Cyber Crimes Tools\Final Reopen Packet POPD SA\Exhibit_Files_For_Submission\18_Screenshot_2024-04-25_at_1.43.04_PM.jpeg,18_Screenshot_2024-04-25_at_1.43.04_PM.jpeg,35674146F6F00298CCF82D0B374A760F0A1CC9F24EBD5AACF7C9610B0805D61E,326585,2026-06-04 12:36:47,2025-08-29 09:47:19,2026-06-04 12:53:27,C:\Users\thoma\Documents\Cyber Crimes Tools\Final Reopen Packet POPD SA\Exhibit_Files_For_Submission\18_Screenshot_2024-04-25_at_1.43.04_PM.jpeg,35674146F6F00298CCF82D0B374A760F0A1CC9F24EBD5AACF7C9610B0805D61E,Packet copy
C:\Users\thoma\Documents\Cyber Crimes\Hurd Evidence 2024-05-08\Hurd Evidence 2024-05-08\Message Attachments\Photos\Screenshot 2024-04-26 at 6.09.57ΓÇ»AM.jpeg,Screenshot 2024-04-26 at 6.09.57ΓÇ»AM.jpeg,FA2BE8BF9D66E9AB393863797D9E308C57A1056B3B58E9C7F6927682B81F5E44,418804,2024-05-01 14:46:12,2025-08-29 09:47:20,2026-06-04 12:53:27,C:\Users\thoma\Documents\Cyber Crimes Tools\Final Reopen Packet POPD SA\Exhibit_Files_For_Submission\19_Screenshot_2024-04-26_at_6.09.57_AM.jpeg,FA2BE8BF9D66E9AB393863797D9E308C57A1056B3B58E9C7F6927682B81F5E44,Hash match
C:\Users\thoma\Documents\Cyber Crimes Tools\Final Reopen Packet POPD SA\Exhibit_Files_For_Submission\19_Screenshot_2024-04-26_at_6.09.57_AM.jpeg,19_Screenshot_2024-04-26_at_6.09.57_AM.jpeg,FA2BE8BF9D66E9AB393863797D9E308C57A1056B3B58E9C7F6927682B81F5E44,418804,2026-06-04 12:36:47,2025-08-29 09:47:20,2026-06-04 12:53:27,C:\Users\thoma\Documents\Cyber Crimes Tools\Final Reopen Packet POPD SA\Exhibit_Files_For_Submission\19_Screenshot_2024-04-26_at_6.09.57_AM.jpeg,FA2BE8BF9D66E9AB393863797D9E308C57A1056B3B58E9C7F6927682B81F5E44,Packet copy
C:\Users\thoma\Documents\Cyber Crimes\Hurd Evidence 2024-05-08\Hurd Evidence 2024-05-08\Message Attachments\Photos\Screenshot 2024-04-25 at 1.55.06ΓÇ»PM.jpeg,Screenshot 2024-04-25 at 1.55.06ΓÇ»PM.jpeg,54E924166B029A0CB811E9EE39174499E863CD68786C7A67DF7AB47CB492FBE4,262501,2024-05-01 14:46:50,2025-08-29 09:47:19,2026-06-04 12:53:27,C:\Users\thoma\Documents\Cyber Crimes Tools\Final Reopen Packet POPD SA\Exhibit_Files_For_Submission\20_Screenshot_2024-04-25_at_1.55.06_PM.jpeg,54E924166B029A0CB811E9EE39174499E863CD68786C7A67DF7AB47CB492FBE4,Hash match
C:\Users\thoma\Documents\Cyber Crimes Tools\Final Reopen Packet POPD SA\Exhibit_Files_For_Submission\20_Screenshot_2024-04-25_at_1.55.06_PM.jpeg,20_Screenshot_2024-04-25_at_1.55.06_PM.jpeg,54E924166B029A0CB811E9EE39174499E863CD68786C7A67DF7AB47CB492FBE4,262501,2026-06-04 12:36:47,2025-08-29 09:47:19,2026-06-04 12:53:27,C:\Users\thoma\Documents\Cyber Crimes Tools\Final Reopen Packet POPD SA\Exhibit_Files_For_Submission\20_Screenshot_2024-04-25_at_1.55.06_PM.jpeg,54E924166B029A0CB811E9EE39174499E863CD68786C7A67DF7AB47CB492FBE4,Packet copy
C:\Users\thoma\Documents\Cyber Crimes Tools\Final Reopen Packet POPD SA\Admission_Corroboration_Matrix.md,Admission_Corroboration_Matrix.md,8F81003FE40619782DE365FE56765E42BA77A0399D4BF34C89D048E8702D1745,1982,2026-06-04 12:36:47,2026-06-04 12:53:27,2026-06-04 12:53:27,,,Packet generated file
C:\Users\thoma\Documents\Cyber Crimes Tools\Final Reopen Packet POPD SA\Evidence_Strength_Assessment_Final.md,Evidence_Strength_Assessment_Final.md,471A1EDFA862B2D0A40F5837AD019A8DB0741BAD8957DF4915CACB91AC039DA3,688,2026-06-04 12:36:47,2026-06-04 12:53:27,2026-06-04 12:53:27,,,Packet generated file
C:\Users\thoma\Documents\Cyber Crimes Tools\Final Reopen Packet POPD SA\Executive_Summary_For_Detective.md,Executive_Summary_For_Detective.md,4585E1AA2E94ADC8DDB79865FCBF025F626E6EE1BE7B889FDE86CE510F3DBEB4,1110,2026-06-04 12:36:47,2026-06-04 12:53:27,2026-06-04 12:53:27,,,Packet generated file
C:\Users\thoma\Documents\Cyber Crimes Tools\Final Reopen Packet POPD SA\Exhibit_Binder.html,Exhibit_Binder.html,A275534C68F74CB2E9102CEA38B59688D76E5440F76139E890761D7680126931,15304,2026-06-04 12:36:47,2026-06-04 12:53:27,2026-06-04 12:53:27,,,Packet generated file
C:\Users\thoma\Documents\Cyber Crimes Tools\Final Reopen Packet POPD SA\Exhibit_Binder.md,Exhibit_Binder.md,F6CEDBED258D08428883AA59299E2EB5B1A72381C9AB47A6C136D3D8139A14D5,28288,2026-06-04 12:36:47,2026-06-04 12:53:27,2026-06-04 12:53:27,,,Packet generated file
C:\Users\thoma\Documents\Cyber Crimes Tools\Final Reopen Packet POPD SA\Exhibit_Binder_NoImages.md,Exhibit_Binder_NoImages.md,F6CEDBED258D08428883AA59299E2EB5B1A72381C9AB47A6C136D3D8139A14D5,28288,2026-06-04 12:36:47,2026-06-04 12:53:27,2026-06-04 12:53:27,,,Packet generated file
C:\Users\thoma\Documents\Cyber Crimes Tools\Final Reopen Packet POPD SA\Found_Later_Explanation_Analysis_Final.md,Found_Later_Explanation_Analysis_Final.md,5D16D93FFBC3B84904FC06CC4F16B68C162093675BFCDD5E7B8EEF51181A2044,934,2026-06-04 12:36:47,2026-06-04 12:53:27,2026-06-04 12:53:27,,,Packet generated file
C:\Users\thoma\Documents\Cyber Crimes Tools\Final Reopen Packet POPD SA\Hash_Manifest.csv,Hash_Manifest.csv,F728FE82CF73C43A985FAC760AA84FE05CACC7FBA9B8922058A3427495C7E6FB,26370,2026-06-04 12:36:47,2026-06-04 12:52:48,2026-06-04 12:53:02,,,Packet generated file
C:\Users\thoma\Documents\Cyber Crimes Tools\Final Reopen Packet POPD SA\Master_Exhibit_Index.csv,Master_Exhibit_Index.csv,29C58064C2FF65DF551F9A2BC471E7E8F376B4D34BDA62F29F9A7EC0A039E1C4,369125,2026-06-04 12:36:46,2026-06-04 12:53:27,2026-06-04 12:53:27,,,Packet generated file
C:\Users\thoma\Documents\Cyber Crimes Tools\Final Reopen Packet POPD SA\MASTER_REOPEN_PACKET_README.md,MASTER_REOPEN_PACKET_README.md,93BE3E2692D1CCBC33BD62D7F0F8F42E2DC690363F79B6234D40C5F46C2B54C4,705,2026-06-04 12:36:47,2026-06-04 12:53:27,2026-06-04 12:53:27,,,Packet generated file
C:\Users\thoma\Documents\Cyber Crimes Tools\Final Reopen Packet POPD SA\Master_Timeline.csv,Master_Timeline.csv,F1D5D0357EF2AFA3AD4A198711BF60A11811089CC7358902FB15AC74231F683D,126927,2026-06-04 12:36:46,2026-06-04 12:53:27,2026-06-04 12:53:27,,,Packet generated file
C:\Users\thoma\Documents\Cyber Crimes Tools\Final Reopen Packet POPD SA\POPD_Reopen_Request_Cover_Memo.md,POPD_Reopen_Request_Cover_Memo.md,7169C222C686BE4E4F6C71055E00628FE90AE84F8CE24E6D2A3BDB4105679377,992,2026-06-04 12:36:47,2026-06-04 12:53:27,2026-06-04 12:53:27,,,Packet generated file
C:\Users\thoma\Documents\Cyber Crimes Tools\Final Reopen Packet POPD SA\Printable_Investigator_Packet.html,Printable_Investigator_Packet.html,D91122FB1A7426553EBD3A1C48066F957AF688FB100C8302C4E0F85ADFD7EFE5,16017,2026-06-04 12:36:47,2026-06-04 12:53:27,2026-06-04 12:53:27,,,Packet generated file
C:\Users\thoma\Documents\Cyber Crimes Tools\Final Reopen Packet POPD SA\Technical_Limitations_And_Forensic_Requests.md,Technical_Limitations_And_Forensic_Requests.md,BB71222550622CD1CD43ABC9DBD6B1880E8A48E8DD3EEBEA6286A1897845E02A,760,2026-06-04 12:36:47,2026-06-04 12:53:27,2026-06-04 12:53:27,,,Packet generated file
C:\Users\thoma\Documents\Cyber Crimes Tools\Final Reopen Packet POPD SA\Top_20_Exhibits_Updated.md,Top_20_Exhibits_Updated.md,D40CFE012DF9B1AB4D3FBDD80B84CF3ED759A314C274B4AECD9957CE51BF3045,17755,2026-06-04 12:36:47,2026-06-04 12:53:27,2026-06-04 12:53:27,,,Packet generated file
